"date","Region","CPI","inflation"
2013-02-01,"Al Baha",72.9024671945638,-0.00149866967527501
2013-03-01,"Al Baha",72.8907872470719,-0.000160226171802336
2013-04-01,"Al Baha",73.0356391102369,0.00198527318671982
2013-05-01,"Al Baha",73.1961042415961,0.00219466980409067
2013-06-01,"Al Baha",73.2626229639496,0.000908361395684842
2013-07-01,"Al Baha",73.4036632487721,0.00192328219307036
2013-08-01,"Al Baha",73.5288729199356,0.00170431552787864
2013-09-01,"Al Baha",78.0316426527862,0.0594362615370398
2013-10-01,"Al Baha",78.3348695025046,0.0038784164925918
2013-11-01,"Al Baha",78.4334630128873,0.001257824482785
2013-12-01,"Al Baha",78.6400748488404,0.00263076719259026
2014-01-01,"Al Baha",78.818284962197,0.00226358498416257
2014-02-01,"Al Baha",79.0597315211164,0.00305864936147504
2014-03-01,"Al Baha",75.0420329780038,-0.0521552657196995
2014-04-01,"Al Baha",79.9546725895833,0.0634114852140648
2014-05-01,"Al Baha",75.4310690982624,-0.0582406343215434
2014-06-01,"Al Baha",80.0233488701638,0.0590992058199591
2014-07-01,"Al Baha",80.2634554508282,0.00299596415659131
2014-08-01,"Al Baha",80.5153080005103,0.00313291071871458
2014-09-01,"Al Baha",80.7791467190312,0.00327151921370472
2014-10-01,"Al Baha",75.7865855073715,-0.0637975422682056
2014-11-01,"Al Baha",80.6366096194392,0.0620314552408443
2014-12-01,"Al Baha",80.6560847635598,0.000241488237142207
2015-01-01,"Al Baha",80.7732062157928,0.00145105602673468
2015-02-01,"Al Baha",76.2631225835467,-0.0574558041568958
2015-03-01,"Al Baha",81.5317837035231,0.0668034281786349
2015-04-01,"Al Baha",81.6596588269065,0.00156717959683306
2015-05-01,"Al Baha",81.6645779979009,6.02381017236198e-05
2015-06-01,"Al Baha",81.8122878189912,0.00180710414955954
2015-07-01,"Al Baha",82.2316488683276,0.00511280052573948
2015-08-01,"Al Baha",82.2203062029173,-0.000137945035962872
2015-09-01,"Al Baha",82.2712653132543,0.000619595417534313
2015-10-01,"Al Baha",82.5103099270829,0.00290135327528862
2015-11-01,"Al Baha",82.714238563744,0.0024685041306185
2015-12-01,"Al Baha",83.004438143685,0.00350231950127711
2016-01-01,"Al Baha",85.7727945522876,0.0328077984256119
2016-02-01,"Al Baha",85.7935770066066,0.000242267225584847
2016-03-01,"Al Baha",85.9524693113778,0.00185031741353736
2016-04-01,"Al Baha",86.034691438187,0.000956142687801531
2016-05-01,"Al Baha",85.9978095339761,-0.000428778336273972
2016-06-01,"Al Baha",85.9139211800022,-0.000975946903494673
2016-07-01,"Al Baha",85.9968588918505,0.000964892582633325
2016-08-01,"Al Baha",86.1795532007851,0.0021221766126942
2016-09-01,"Al Baha",86.4264448503401,0.00286075594963275
2016-10-01,"Al Baha",86.3314503123938,-0.00109974189522255
2016-11-01,"Al Baha",86.077338992128,-0.00294777900009713
2016-12-01,"Al Baha",86.0941618530599,0.000195419809932318
2017-01-01,"Al Baha",86.1569859125653,0.00072944724149604
2017-02-01,"Al Baha",86.0511608554632,-0.00122903674894914
2017-03-01,"Al Baha",86.067382474352,0.000188493565225656
2017-04-01,"Al Baha",86.0197370908892,-0.000553735628797902
2017-05-01,"Al Baha",85.9968070926676,-0.000266602244176184
2017-06-01,"Al Baha",86.0652177117276,0.000795185605220183
2017-07-01,"Al Baha",86.0652177117276,0
2017-08-01,"Al Baha",86.0951513347779,0.000347741161543347
2017-09-01,"Al Baha",86.0631613057693,-0.000371635024602135
2017-10-01,"Al Baha",86.0585218530331,-5.39089863886844e-05
2017-11-01,"Al Baha",85.8919219369221,-0.00193776723769989
2017-12-01,"Al Baha",85.6438787905073,-0.00289202974825731
2018-01-01,"Al Baha",86.356921473089,0.00829120290453034
2018-02-01,"Al Baha",86.261755084349,-0.0011026199514399
2018-03-01,"Al Baha",86.6556802453105,0.00455623045386577
2018-04-01,"Al Baha",86.3828633946849,-0.0031532521129467
2018-05-01,"Al Baha",86.3502369874079,-0.000377766711681993
2018-06-01,"Al Baha",86.8625311121338,0.00591521773021242
2018-07-01,"Al Baha",87.1205461579825,0.00296598081887645
2018-08-01,"Al Baha",87.1532477516974,0.000375289862750705
2018-09-01,"Al Baha",86.8877762266895,-0.00305067994691122
2018-10-01,"Al Baha",86.8533207661033,-0.000396629946906479
2018-11-01,"Al Baha",86.7535880845189,-0.00114894842856206
2018-12-01,"Al Baha",86.5703901640085,-0.00211393703956553
2019-01-01,"Al Baha",87.2466900473026,0.00778178180545108
2019-02-01,"Al Baha",87.0198150140304,-0.00260377243888321
2019-03-01,"Al Baha",86.9913693219788,-0.00032694096547381
2019-04-01,"Al Baha",86.6955333704017,-0.00340654629771464
2019-05-01,"Al Baha",86.6853704492997,-0.000117232300556047
2019-06-01,"Al Baha",87.3238250084204,0.00733820327669932
2019-07-01,"Al Baha",87.7808260315395,0.0052197592470673
2019-08-01,"Al Baha",87.6770432950365,-0.00118299337618488
2019-09-01,"Al Baha",87.5930988509223,-0.000957886488879289
2019-10-01,"Al Baha",87.5860694789641,-8.02535144899252e-05
2019-11-01,"Al Baha",87.5136037852948,-0.000827707972899994
2019-12-01,"Al Baha",87.4789160702371,-0.000396447980070214
2020-01-01,"Al Baha",87.22706511245,-0.00288314264390532
2020-02-01,"Al Baha",87.6447411582853,0.00477694888611779
2020-03-01,"Al Baha",87.8733176414519,0.00260459366916255
2020-04-01,"Al Baha",88.0846373497093,0.00240193527897148
2020-05-01,"Al Baha",87.8357036718573,-0.00283007459575835
2020-06-01,"Al Baha",87.6080622024697,-0.0025950377433146
2020-07-01,"Al Baha",94.9012372802517,0.0799637152752437
2020-08-01,"Al Baha",94.8962133491159,-5.29399222202187e-05
2020-09-01,"Al Baha",94.9413442201979,0.000475468316281535
2020-10-01,"Al Baha",95.1483846141717,0.00217834469136058
2020-11-01,"Al Baha",94.9785367109232,-0.00178667962692991
2020-12-01,"Al Baha",94.930991912182,-0.000500709996799742
2021-01-01,"Al Baha",95.4165977924602,0.00510231765517855
2021-02-01,"Al Baha",95.4776477773603,0.000639621029950632
2021-03-01,"Al Baha",95.4395953486106,-0.000398627474717195
2021-04-01,"Al Baha",95.4393533397057,-2.53573174546773e-06
2021-05-01,"Al Baha",95.6940965252627,0.00266560705701568
2021-06-01,"Al Baha",96.0359433550762,0.00356592208779372
2021-07-01,"Al Baha",96.2472635809341,0.00219801109315476
2021-08-01,"Al Baha",96.3718323852815,0.00129342130995802
2021-09-01,"Al Baha",96.3091731874116,-0.000650393118849735
2021-10-01,"Al Baha",95.7890130758542,-0.00541557828283068
2021-11-01,"Al Baha",95.9972174881655,0.00217121420543709
2021-12-01,"Al Baha",96.0338389373871,0.000381411739821758
2022-01-01,"Al Baha",96.4372898290371,0.00419233248274686
2022-02-01,"Al Baha",96.435028426094,-2.34497408824197e-05
2022-03-01,"Al Baha",96.8872585381772,0.00467851838577094
2022-04-01,"Al Baha",97.2415962220176,0.00365054517819274
2022-05-01,"Al Baha",98.1869674802644,0.00967492790771995
2022-06-01,"Al Baha",98.2849112568644,0.000997025990111311
2022-07-01,"Al Baha",98.9093222608294,0.00633297515592002
2022-08-01,"Al Baha",99.4445108421009,0.00539631497544146
2022-09-01,"Al Baha",98.8097375454043,-0.00640365057519166
2022-10-01,"Al Baha",99.1366826065865,0.00330337227862376
2022-11-01,"Al Baha",99.0371221320037,-0.00100477944691324
2022-12-01,"Al Baha",98.7969819372291,-0.00242769378765306
2023-01-01,"Al Baha",98.9038244239175,0.0010808503926345
2023-02-01,"Al Baha",99.2353422516734,0.00334631605325519
2023-03-01,"Al Baha",99.31333334619,0.000785611873693526
2023-04-01,"Al Baha",100.449277191594,0.0113730601188662
2023-05-01,"Al Baha",99.9014387982656,-0.00546880759582358
2023-06-01,"Al Baha",99.8938584994703,-7.58806528624589e-05
2023-07-01,"Al Baha",101.066679152339,0.0116722813561001
2023-08-01,"Al Baha",100.889738444741,-0.00175226670166762
2023-09-01,"Al Baha",99.6574068505989,-0.0122898493845538
2023-10-01,"Al Baha",100.414510786096,0.00756835400335198
2023-11-01,"Al Baha",100.074158123141,-0.00339523417219656
2023-12-01,"Al Baha",100.224209635861,0.00149828021535026
2024-01-01,"Al Baha",100.535546168414,0.00310158558312157
2024-02-01,"Al Baha",100.708463473747,0.00171848442291811
2024-03-01,"Al Baha",100.67453302031,-0.000336974365748866
2024-04-01,"Al Baha",100.839520237638,0.00163747640947065
2024-05-01,"Al Baha",100.898003303426,0.000579793648695315
2024-06-01,"Al Baha",100.982708322311,0.000839159156648783
2024-07-01,"Al Baha",101.457841071238,0.00469405583791627
2024-08-01,"Al Baha",101.229048953999,-0.00225759262855796
2024-09-01,"Al Baha",100.541633174223,-0.00681385850682759
2024-10-01,"Al Baha",101.131061237885,0.0058454095009477
2024-11-01,"Al Baha",100.64579714811,-0.00480991754175708
2024-12-01,"Al Baha",100.593000287314,-0.000524718520288125
2025-01-01,"Al Baha",100.909372054339,0.00314013203231234
2025-02-01,"Al Baha",101.109984339673,0.0019860705910304
2025-03-01,"Al Baha",101.176954557268,0.000662130935461747
2025-04-01,"Al Baha",101.366639124477,0.00187302515192478
2025-05-01,"Al Baha",101.879657425205,0.00504825326663561
2025-06-01,"Al Baha",102.172986505059,0.00287503534631828
2025-07-01,"Al Baha",102.417005102807,0.00238544135558616
2025-08-01,"Al Baha",102.632276553571,0.00209970528172665
2025-09-01,"Al Baha",102.635149149074,2.79888101415438e-05
2025-10-01,"Al Baha",102.564128092568,-0.00069221549214582
2025-11-01,"Al Baha",102.471387345029,-0.000904631118815225
2025-12-01,"Al Baha",102.52487995602,0.00052188864616376
2026-01-01,"Al Baha",102.729001916196,0.00198897117663677
2026-02-01,"Al Baha",102.823659821266,0.000921008864210648
2013-02-01,"Al Jouf",95.8841474352327,-0.000973365813540461
2013-03-01,"Al Jouf",96.1463833679193,0.00273119169748881
2013-04-01,"Al Jouf",96.2293905201333,0.000862968924701057
2013-05-01,"Al Jouf",95.8181133684697,-0.00428308384195653
2013-06-01,"Al Jouf",95.9482804836183,0.00135755939844273
2013-07-01,"Al Jouf",96.0511016829158,0.00107105770827687
2013-08-01,"Al Jouf",96.2137066674076,0.00169146943380483
2013-09-01,"Al Jouf",96.3194031117224,0.00109795613912045
2013-10-01,"Al Jouf",96.2823110300328,-0.000385168764602817
2013-11-01,"Al Jouf",96.3249139859599,0.000442381708353423
2013-12-01,"Al Jouf",96.5594777659301,0.00243217083009206
2014-01-01,"Al Jouf",96.6633776439391,0.0010754409751641
2014-02-01,"Al Jouf",96.5432319599763,-0.00124370175219024
2014-03-01,"Al Jouf",96.4995711658368,-0.000452343150606715
2014-04-01,"Al Jouf",97.0221217974558,0.00540044781156546
2014-05-01,"Al Jouf",97.4103652138221,0.00399361175017443
2014-06-01,"Al Jouf",97.5573298967944,0.00150758012217356
2014-07-01,"Al Jouf",97.5833266537882,0.000266441218422564
2014-08-01,"Al Jouf",97.6995844979065,0.00119066084346375
2014-09-01,"Al Jouf",97.8976052972069,0.00202478233108216
2014-10-01,"Al Jouf",97.9645138192351,0.000683220675163909
2014-11-01,"Al Jouf",98.1093057363142,0.00147691256004023
2014-12-01,"Al Jouf",98.0989131964283,-0.000105933787607704
2015-01-01,"Al Jouf",98.1588663476377,0.000610963328063541
2015-02-01,"Al Jouf",98.0656898258441,-0.000949692847966865
2015-03-01,"Al Jouf",97.9106230935162,-0.00158250517503244
2015-04-01,"Al Jouf",97.8002297264018,-0.00112812730854372
2015-05-01,"Al Jouf",98.2168918440524,0.00425128929407848
2015-06-01,"Al Jouf",98.3950825260686,0.0018126132080738
2015-07-01,"Al Jouf",98.4432627979585,0.000489541534935967
2015-08-01,"Al Jouf",98.6592386894637,0.00219150925345435
2015-09-01,"Al Jouf",99.0074494328312,0.00352321483069762
2015-10-01,"Al Jouf",98.1414883233625,-0.00878489824484063
2015-11-01,"Al Jouf",98.2330620150689,0.000932643239017317
2015-12-01,"Al Jouf",98.4426678402576,0.00213148724248136
2016-01-01,"Al Jouf",101.223914283757,0.0278607097523524
2016-02-01,"Al Jouf",101.453094657392,0.00226153397972073
2016-03-01,"Al Jouf",101.48432606967,0.000307793529775502
2016-04-01,"Al Jouf",100.869895265514,-0.00607284284381748
2016-05-01,"Al Jouf",100.967635315399,0.000968502312168162
2016-06-01,"Al Jouf",101.052501841572,0.000840178928295465
2016-07-01,"Al Jouf",101.038931977908,-0.000134294298654858
2016-08-01,"Al Jouf",101.034130711986,-4.7520098512166e-05
2016-09-01,"Al Jouf",101.236148308838,0.0019975022034977
2016-10-01,"Al Jouf",100.716404513438,-0.00514719854370504
2016-11-01,"Al Jouf",100.043752635619,-0.00670107460021008
2016-12-01,"Al Jouf",99.509099280931,-0.00535852661468184
2017-01-01,"Al Jouf",99.8387744502622,0.00330753936532613
2017-02-01,"Al Jouf",100.011741767462,0.00173096736161682
2017-03-01,"Al Jouf",99.5332351381287,-0.00479598688927663
2017-04-01,"Al Jouf",99.3777343303272,-0.00156352201082832
2017-05-01,"Al Jouf",99.3266271193615,-0.000514404532641954
2017-06-01,"Al Jouf",99.0071567744624,-0.00322154516416706
2017-07-01,"Al Jouf",98.9868486349875,-0.000205138933415228
2017-08-01,"Al Jouf",99.2075449658869,0.00222707028294789
2017-09-01,"Al Jouf",99.4871171516934,0.00281409039703107
2017-10-01,"Al Jouf",99.2809541070401,-0.00207440880496801
2017-11-01,"Al Jouf",99.0711625429141,-0.00211534563783378
2017-12-01,"Al Jouf",98.9872570240651,-0.00084728055542449
2018-01-01,"Al Jouf",99.5748779531962,0.00591877846857169
2018-02-01,"Al Jouf",98.5916614838516,-0.00992321448666633
2018-03-01,"Al Jouf",98.2461457413892,-0.00351066801851019
2018-04-01,"Al Jouf",97.4571637305283,-0.00806308577525616
2018-05-01,"Al Jouf",96.7554648797957,-0.0072261202489674
2018-06-01,"Al Jouf",96.0056683802475,-0.00777957950810126
2018-07-01,"Al Jouf",95.9420129655406,-0.000663257993992694
2018-08-01,"Al Jouf",95.6998672457966,-0.00252706609160835
2018-09-01,"Al Jouf",95.1056875402502,-0.0062281376124762
2018-10-01,"Al Jouf",95.2415118820019,0.00142712228198327
2018-11-01,"Al Jouf",95.1387136281666,-0.0010799258541736
2018-12-01,"Al Jouf",94.4486637896943,-0.00727952351150396
2019-01-01,"Al Jouf",91.6512299862457,-0.0300660519030007
2019-02-01,"Al Jouf",91.2378017885772,-0.00452109017004521
2019-03-01,"Al Jouf",91.2558831135125,0.000198158363716949
2019-04-01,"Al Jouf",91.0099057824315,-0.00269910751659364
2019-05-01,"Al Jouf",90.7739603412782,-0.0025958912491042
2019-06-01,"Al Jouf",90.4481929636392,-0.00359523074409118
2019-07-01,"Al Jouf",90.0614356183865,-0.00428517791674565
2019-08-01,"Al Jouf",89.8525532147779,-0.0023220261950474
2019-09-01,"Al Jouf",89.8427223681728,-0.000109416862330569
2019-10-01,"Al Jouf",89.8226564926888,-0.000223369418133501
2019-11-01,"Al Jouf",89.7021111271392,-0.0013429387517343
2019-12-01,"Al Jouf",89.675145306386,-0.000300660423651067
2020-01-01,"Al Jouf",90.4644321455548,0.00876311470525426
2020-02-01,"Al Jouf",90.1206083080497,-0.0038078929693901
2020-03-01,"Al Jouf",90.0552027093013,-0.000726019783145126
2020-04-01,"Al Jouf",90.4191744801014,0.00403350625089516
2020-05-01,"Al Jouf",89.790479523852,-0.00697740096493948
2020-06-01,"Al Jouf",89.6010557519349,-0.00211184816526444
2020-07-01,"Al Jouf",93.7090638399712,0.0448278142593033
2020-08-01,"Al Jouf",94.0150228616862,0.0032596700615608
2020-09-01,"Al Jouf",94.1701523574701,0.00164869024079461
2020-10-01,"Al Jouf",94.646397081062,0.00504453380741321
2020-11-01,"Al Jouf",94.5428189828799,-0.00109496842035561
2020-12-01,"Al Jouf",94.372888437088,-0.00179900966355184
2021-01-01,"Al Jouf",94.6668971913242,0.00311055146742056
2021-02-01,"Al Jouf",95.110825099608,0.00467840706095846
2021-03-01,"Al Jouf",95.1600915358325,0.000517855678594081
2021-04-01,"Al Jouf",95.8149320330929,0.0068578922152982
2021-05-01,"Al Jouf",95.7144621383965,-0.00104913299962561
2021-06-01,"Al Jouf",95.8426488328794,0.0013383654928516
2021-07-01,"Al Jouf",96.1499289923753,0.00320096146784898
2021-08-01,"Al Jouf",96.1975238230582,0.000494883929655465
2021-09-01,"Al Jouf",95.6534015367245,-0.00567235987286097
2021-10-01,"Al Jouf",96.5577629094056,0.00941015105737097
2021-11-01,"Al Jouf",97.1368163425193,0.00597905383208541
2021-12-01,"Al Jouf",97.355355861953,0.00224728439124977
2022-01-01,"Al Jouf",97.7645689470512,0.00419448383308563
2022-02-01,"Al Jouf",98.0656017446549,0.00307442958004689
2022-03-01,"Al Jouf",98.2507084477484,0.00188580111116821
2022-04-01,"Al Jouf",98.9115641064637,0.00670369767027346
2022-05-01,"Al Jouf",99.4884070733337,0.00581496649297186
2022-06-01,"Al Jouf",99.7737264961055,0.00286376154521584
2022-07-01,"Al Jouf",99.8603291035806,0.000867613620807006
2022-08-01,"Al Jouf",99.9348797748411,0.000746270895472634
2022-09-01,"Al Jouf",100.018594860032,0.000837345689892466
2022-10-01,"Al Jouf",100.216303951522,0.00197477219919584
2022-11-01,"Al Jouf",100.112165574531,-0.00103967635371927
2022-12-01,"Al Jouf",99.9113914522174,-0.00200750544311834
2023-01-01,"Al Jouf",99.5487886624953,-0.00363584539993766
2023-02-01,"Al Jouf",99.6582100537677,0.00109856985931422
2023-03-01,"Al Jouf",99.70433437733,0.000462718054857092
2023-04-01,"Al Jouf",100.075433536566,0.00371508676712118
2023-05-01,"Al Jouf",99.8218022885492,-0.00253761772217409
2023-06-01,"Al Jouf",99.787989113991,-0.000338792748031835
2023-07-01,"Al Jouf",100.16030478259,0.00372412378870646
2023-08-01,"Al Jouf",100.242408369155,0.000819386023946045
2023-09-01,"Al Jouf",100.067581048081,-0.00174556811644155
2023-10-01,"Al Jouf",100.109765050855,0.000421466306957718
2023-11-01,"Al Jouf",100.377606560572,0.00267190563584485
2023-12-01,"Al Jouf",100.450460426297,0.00072553473240955
2024-01-01,"Al Jouf",100.575454357532,0.00124356053772878
2024-02-01,"Al Jouf",100.934864047365,0.00356716295018078
2024-03-01,"Al Jouf",101.034836312812,0.000989972985388832
2024-04-01,"Al Jouf",101.109265851222,0.000736400824725258
2024-05-01,"Al Jouf",101.03703173219,-0.000714671730029259
2024-06-01,"Al Jouf",101.527216595596,0.00483980588165611
2024-07-01,"Al Jouf",101.607674936012,0.000792166663411642
2024-08-01,"Al Jouf",101.74337171108,0.00133460631206006
2024-09-01,"Al Jouf",101.572070875309,-0.00168507491733649
2024-10-01,"Al Jouf",101.484245443372,-0.000865035267120007
2024-11-01,"Al Jouf",101.568074602312,0.000825690282029612
2024-12-01,"Al Jouf",101.4382119755,-0.00127939530065735
2025-01-01,"Al Jouf",101.640354000052,0.00199077721808383
2025-02-01,"Al Jouf",101.711209805034,0.00069687989139311
2025-03-01,"Al Jouf",101.676318839969,-0.00034309837618629
2025-04-01,"Al Jouf",102.044501464543,0.00361458416365235
2025-05-01,"Al Jouf",101.814873554652,-0.00225280791708116
2025-06-01,"Al Jouf",101.83980096786,0.000244800797143618
2025-07-01,"Al Jouf",102.091623885968,0.00246968358392508
2025-08-01,"Al Jouf",102.142599834491,0.000499191062623972
2025-09-01,"Al Jouf",102.044720230745,-0.000958723697553232
2025-10-01,"Al Jouf",102.361560406012,0.0031001046350756
2025-11-01,"Al Jouf",102.399929923691,0.000374772796059908
2025-12-01,"Al Jouf",102.509236712966,0.00106688052503667
2026-01-01,"Al Jouf",102.853651230329,0.00335420721554058
2026-02-01,"Al Jouf",103.512232434612,0.00638267748903232
2013-02-01,"Al Qassim",88.7199245233617,0.000697380465298991
2013-03-01,"Al Qassim",88.7139427965294,-6.74248600329719e-05
2013-04-01,"Al Qassim",88.9761723783257,0.00295154034773404
2013-05-01,"Al Qassim",89.1638773624763,0.00210738746162331
2013-06-01,"Al Qassim",89.0772519198677,-0.000972002924101822
2013-07-01,"Al Qassim",89.4032935000462,0.00365352920774331
2013-08-01,"Al Qassim",89.6633234320416,0.00290428354795313
2013-09-01,"Al Qassim",89.9415260410417,0.00309794342763769
2013-10-01,"Al Qassim",89.6972263945738,-0.00271990084281359
2013-11-01,"Al Qassim",89.5821282267396,-0.00128400934832307
2013-12-01,"Al Qassim",89.4952523841229,-0.000970260444236537
2014-01-01,"Al Qassim",89.4908942994098,-4.86974527884598e-05
2014-02-01,"Al Qassim",89.2890015976922,-0.00225856253610068
2014-03-01,"Al Qassim",89.2970911161864,9.0595167594465e-05
2014-04-01,"Al Qassim",89.5178734439524,0.00246939556207426
2014-05-01,"Al Qassim",89.5346873431541,0.000187809648487303
2014-06-01,"Al Qassim",89.7912728159962,0.00286166763268003
2014-07-01,"Al Qassim",90.1989416116948,0.00452990729646352
2014-08-01,"Al Qassim",90.350444245954,0.0016782407660747
2014-09-01,"Al Qassim",90.6138663875312,0.00291131800202926
2014-10-01,"Al Qassim",90.7382514491804,0.00137175217623664
2014-11-01,"Al Qassim",90.6423440338527,-0.00105752684305127
2014-12-01,"Al Qassim",90.5584054240756,-0.000926470955912251
2015-01-01,"Al Qassim",90.6645062364804,0.00117094271972107
2015-02-01,"Al Qassim",90.8169826042379,0.00168035213518447
2015-03-01,"Al Qassim",90.9025908887989,0.000942202199230913
2015-04-01,"Al Qassim",90.8401896953041,-0.000686697933710789
2015-05-01,"Al Qassim",91.4110415580545,0.00626447048593093
2015-06-01,"Al Qassim",91.2365699898668,-0.00191047251892495
2015-07-01,"Al Qassim",91.3751631947212,0.00151790061950141
2015-08-01,"Al Qassim",91.662484459933,0.00313947982710516
2015-09-01,"Al Qassim",91.6788081719822,0.000178069128432767
2015-10-01,"Al Qassim",91.9001279498588,0.00241116862072044
2015-11-01,"Al Qassim",91.579540474472,-0.00349453216680118
2015-12-01,"Al Qassim",91.3794970153904,-0.00218675766490595
2016-01-01,"Al Qassim",93.988665648789,0.0281530649938553
2016-02-01,"Al Qassim",93.9383624274899,-0.000535348459616003
2016-03-01,"Al Qassim",93.5146980823973,-0.00452022565344823
2016-04-01,"Al Qassim",93.4104843307673,-0.00111503181200057
2016-05-01,"Al Qassim",92.6557945644808,-0.00811209757473286
2016-06-01,"Al Qassim",92.6137221395552,-0.000454175369994481
2016-07-01,"Al Qassim",92.7729006545426,0.00171726041184872
2016-08-01,"Al Qassim",92.7126709737958,-0.000649427147727977
2016-09-01,"Al Qassim",92.7471557077933,0.000371883604249668
2016-10-01,"Al Qassim",92.8328817526795,0.000923871469764137
2016-11-01,"Al Qassim",91.7999715071973,-0.0111889190165551
2016-12-01,"Al Qassim",91.4025185633829,-0.00433895376875881
2017-01-01,"Al Qassim",91.161219617231,-0.00264345032665947
2017-02-01,"Al Qassim",91.159587863662,-1.78998062985158e-05
2017-03-01,"Al Qassim",91.1693830593035,0.000107445301767761
2017-04-01,"Al Qassim",91.1761771723252,7.45190945830032e-05
2017-05-01,"Al Qassim",91.0210912271488,-0.00170239635307379
2017-06-01,"Al Qassim",90.922756258493,-0.00108093765839801
2017-07-01,"Al Qassim",90.9309383309401,8.99852210434204e-05
2017-08-01,"Al Qassim",90.9394682119038,9.38017474316766e-05
2017-09-01,"Al Qassim",90.8674510055937,-0.000792238385500355
2017-10-01,"Al Qassim",90.646005267411,-0.0024399937348516
2017-11-01,"Al Qassim",90.6432869521391,-2.99887019119538e-05
2017-12-01,"Al Qassim",90.6349925785122,-9.15098450207097e-05
2018-01-01,"Al Qassim",90.042582472378,-0.00655767301415811
2018-02-01,"Al Qassim",89.938358331753,-0.0011581687684199
2018-03-01,"Al Qassim",89.8721390989126,-0.000736544715467247
2018-04-01,"Al Qassim",90.2159379823567,0.0038181239610795
2018-05-01,"Al Qassim",89.6728258147271,-0.00603832953637351
2018-06-01,"Al Qassim",89.6762415784944,3.8090677775493e-05
2018-07-01,"Al Qassim",86.3523720150661,-0.0377695946457308
2018-08-01,"Al Qassim",86.2666003915825,-0.000993768290316943
2018-09-01,"Al Qassim",86.182261615683,-0.000978130926954535
2018-10-01,"Al Qassim",86.0544195750214,-0.00148449288798513
2018-11-01,"Al Qassim",85.9964006946269,-0.000674438895471141
2018-12-01,"Al Qassim",85.5516786001,-0.00518482156862721
2019-01-01,"Al Qassim",83.9094065492282,-0.019382898031802
2019-02-01,"Al Qassim",83.7459226184876,-0.00195023902155533
2019-03-01,"Al Qassim",83.7248050119459,-0.000252194600840028
2019-04-01,"Al Qassim",83.95308266565,0.00272281334048152
2019-05-01,"Al Qassim",84.1198581343608,0.00198456125838931
2019-06-01,"Al Qassim",84.432270787707,0.00370701946167618
2019-07-01,"Al Qassim",84.4105388100172,-0.000257422603445079
2019-08-01,"Al Qassim",84.8399521347108,0.00507430428939148
2019-09-01,"Al Qassim",85.6033880831381,0.00895829726162312
2019-10-01,"Al Qassim",86.1451977642132,0.00630935592002491
2019-11-01,"Al Qassim",86.6321535858275,0.00563681648288217
2019-12-01,"Al Qassim",86.7075414624556,0.000869828245172677
2020-01-01,"Al Qassim",82.7887697930223,-0.0462484417494755
2020-02-01,"Al Qassim",88.7341313591971,0.0693521891085958
2020-03-01,"Al Qassim",89.4201143390642,0.00770103869730487
2020-04-01,"Al Qassim",89.6743194736498,0.00283878510222202
2020-05-01,"Al Qassim",89.6085741527193,-0.000733425510351715
2020-06-01,"Al Qassim",89.4249667740717,-0.00205109547704474
2020-07-01,"Al Qassim",94.6607323376072,0.0568993473594039
2020-08-01,"Al Qassim",94.8711277516089,0.00222015971694134
2020-09-01,"Al Qassim",94.6627334365598,-0.00219902024598895
2020-10-01,"Al Qassim",94.8803019756437,0.00229571753101254
2020-11-01,"Al Qassim",94.705333339626,-0.00184580108511945
2020-12-01,"Al Qassim",94.5536187861748,-0.00160324871552397
2021-01-01,"Al Qassim",94.5064925674556,-0.000498531597783902
2021-02-01,"Al Qassim",95.063784073425,0.00587954104684663
2021-03-01,"Al Qassim",95.2532275138325,0.0019908204883734
2021-04-01,"Al Qassim",94.7083612118128,-0.00573661022642291
2021-05-01,"Al Qassim",94.8329436082515,0.00131456744478786
2021-06-01,"Al Qassim",94.820727565503,-0.000128824743437228
2021-07-01,"Al Qassim",95.0953559988501,0.00289210497199655
2021-08-01,"Al Qassim",95.2148659570949,0.00125594907857529
2021-09-01,"Al Qassim",95.0378621442638,-0.0018607235298802
2021-10-01,"Al Qassim",95.3713338394454,0.00350268834864753
2021-11-01,"Al Qassim",95.4169298586671,0.00047797510398162
2021-12-01,"Al Qassim",95.6724798653522,0.00267466584779452
2022-01-01,"Al Qassim",95.8080952717975,0.00141649281159317
2022-02-01,"Al Qassim",95.6268992948374,-0.00189302934378155
2022-03-01,"Al Qassim",95.4769448740296,-0.00156935044646911
2022-04-01,"Al Qassim",95.5389812672135,0.000649541602296466
2022-05-01,"Al Qassim",95.5178374653089,-0.000221335225103481
2022-06-01,"Al Qassim",96.4404449566448,0.00961265733373384
2022-07-01,"Al Qassim",96.9327372561291,0.00509164049946254
2022-08-01,"Al Qassim",97.1335290144567,0.00206931203280547
2022-09-01,"Al Qassim",97.2421842385106,0.00111799188852224
2022-10-01,"Al Qassim",97.4819091621992,0.0024622021919507
2022-11-01,"Al Qassim",97.3034739812149,-0.00183212136369804
2022-12-01,"Al Qassim",97.2268419326865,-0.000787867455336766
2023-01-01,"Al Qassim",97.7976844575892,0.00585407554329986
2023-02-01,"Al Qassim",98.3869359704505,0.0060071302585607
2023-03-01,"Al Qassim",98.4039322760454,0.000172734698399069
2023-04-01,"Al Qassim",98.6185777004862,0.00217889325830711
2023-05-01,"Al Qassim",99.268877278576,0.00657244208909091
2023-06-01,"Al Qassim",99.4225923285965,0.0015472740826894
2023-07-01,"Al Qassim",100.029064924809,0.0060814181611093
2023-08-01,"Al Qassim",100.381093654576,0.00351308630577662
2023-09-01,"Al Qassim",100.907160892993,0.00522701572779649
2023-10-01,"Al Qassim",101.345861742913,0.00433814567726554
2023-11-01,"Al Qassim",102.047122625023,0.00689565240447809
2023-12-01,"Al Qassim",103.551813378521,0.0146374066725361
2024-01-01,"Al Qassim",103.492860111429,-0.000569473898473838
2024-02-01,"Al Qassim",104.284820800798,0.00762319149158941
2024-03-01,"Al Qassim",104.853743367708,0.00544064144784606
2024-04-01,"Al Qassim",105.858642056718,0.00953817978491767
2024-05-01,"Al Qassim",106.212630807967,0.00333839727777629
2024-06-01,"Al Qassim",106.520827083288,0.00289748960033265
2024-07-01,"Al Qassim",106.674958417036,0.00144591376644154
2024-08-01,"Al Qassim",106.891125790877,0.0020243612038362
2024-09-01,"Al Qassim",107.365180329811,0.00442512354556879
2024-10-01,"Al Qassim",107.19405013178,-0.0015951794192306
2024-11-01,"Al Qassim",106.836678333025,-0.00333944694234312
2024-12-01,"Al Qassim",106.917816129724,0.000759168136322153
2025-01-01,"Al Qassim",107.301393514703,0.00358117085351051
2025-02-01,"Al Qassim",107.411617036333,0.00102670565728236
2025-03-01,"Al Qassim",107.493079617587,0.000758127546062859
2025-04-01,"Al Qassim",107.72328461769,0.00213928981391831
2025-05-01,"Al Qassim",107.819617286826,0.000893860801713942
2025-06-01,"Al Qassim",107.918189977879,0.000913819410351735
2025-07-01,"Al Qassim",107.949093632776,0.000286320878191582
2025-08-01,"Al Qassim",108.155369232677,0.00190903658177266
2025-09-01,"Al Qassim",108.693290293251,0.00496126805785568
2025-10-01,"Al Qassim",108.937289449732,0.00224232512733469
2025-11-01,"Al Qassim",109.010215571732,0.000669208162896062
2025-12-01,"Al Qassim",109.182059480439,0.00157516066227803
2026-01-01,"Al Qassim",109.077290142946,-0.000960044513289127
2026-02-01,"Al Qassim",109.127686331836,0.000461916044264932
2013-02-01,"Aseer",82.4866166003861,-0.00279418548078958
2013-03-01,"Aseer",82.5636784085714,0.000933797952688664
2013-04-01,"Aseer",82.6845207215068,0.00146255553902996
2013-05-01,"Aseer",82.6688131237794,-0.00018998828036132
2013-06-01,"Aseer",82.6669359010452,-2.27080077399577e-05
2013-07-01,"Aseer",83.1552137848192,0.00588919267934518
2013-08-01,"Aseer",83.1282816368928,-0.000323930503067338
2013-09-01,"Aseer",83.2006019525417,0.000869606272171808
2013-10-01,"Aseer",83.1520539876987,-0.000583675276440765
2013-11-01,"Aseer",83.5562303805904,0.00484891541339572
2013-12-01,"Aseer",83.6753852288136,0.00142502801223277
2014-01-01,"Aseer",83.8755177920149,0.00238891769332827
2014-02-01,"Aseer",83.8423993030425,-0.000394930845510899
2014-03-01,"Aseer",83.9479997863098,0.00125871918516207
2014-04-01,"Aseer",84.0896214874175,0.0016855955656343
2014-05-01,"Aseer",84.7047681162807,0.00728874168921312
2014-06-01,"Aseer",84.7777496494382,0.000861227914602303
2014-07-01,"Aseer",84.9427432087296,0.0019442980454496
2014-08-01,"Aseer",85.1527553740664,0.00246934544184807
2014-09-01,"Aseer",85.3565790544554,0.00239076386235304
2014-10-01,"Aseer",85.3445899372075,-0.000140469070463389
2014-11-01,"Aseer",86.0802104039834,0.00858248025637565
2014-12-01,"Aseer",86.0970743158421,0.000195890090147977
2015-01-01,"Aseer",86.167963949658,0.000823029890815619
2015-02-01,"Aseer",85.8673071075243,-0.00349529659100956
2015-03-01,"Aseer",85.9071157558458,0.000463499144640167
2015-04-01,"Aseer",85.7837851319377,-0.00143665907142587
2015-05-01,"Aseer",85.8049190915878,0.000246332762435131
2015-06-01,"Aseer",85.6559787054899,-0.00173731066934923
2015-07-01,"Aseer",85.6571484405005,1.36561048194039e-05
2015-08-01,"Aseer",85.6358901007282,-0.000248210202381749
2015-09-01,"Aseer",85.5404572695355,-0.0011150236880999
2015-10-01,"Aseer",85.4748874527121,-0.000766829668331859
2015-11-01,"Aseer",86.4362789069377,0.0111848636381584
2015-12-01,"Aseer",86.5794761734251,0.00165530935744229
2016-01-01,"Aseer",88.6268975141591,0.0233726034275454
2016-02-01,"Aseer",88.5432138970775,-0.00094466975990759
2016-03-01,"Aseer",88.4717069260426,-0.000807920310808008
2016-04-01,"Aseer",88.3124425978271,-0.00180179469405584
2016-05-01,"Aseer",88.3280243603705,0.000176423475912735
2016-06-01,"Aseer",88.6644799751988,0.00380192394440204
2016-07-01,"Aseer",88.4509382142299,-0.0024113300425439
2016-08-01,"Aseer",88.30856267232,-0.00161095241824682
2016-09-01,"Aseer",88.2893376344359,-0.000217726687878006
2016-10-01,"Aseer",88.5370560689014,0.00280182829419928
2016-11-01,"Aseer",88.4424628176566,-0.00106897409200357
2016-12-01,"Aseer",87.7046482720599,-0.0083773029936598
2017-01-01,"Aseer",87.7916725618391,0.000991750670310765
2017-02-01,"Aseer",87.9483694341803,0.00178328071493894
2017-03-01,"Aseer",87.7941981987901,-0.00175451260347081
2017-04-01,"Aseer",87.9039168194739,0.00124894492959804
2017-05-01,"Aseer",87.874253665673,-0.000337506688124378
2017-06-01,"Aseer",87.6982840930913,-0.0020045234152235
2017-07-01,"Aseer",87.7134992645348,0.000173479468601911
2017-08-01,"Aseer",87.672776163533,-0.000464381852391504
2017-09-01,"Aseer",89.8814631951411,0.0248802954545786
2017-10-01,"Aseer",89.5916769505453,-0.00322930212503358
2017-11-01,"Aseer",89.6677215813502,0.000848431223013257
2017-12-01,"Aseer",89.0602761067296,-0.00679745559078526
2018-01-01,"Aseer",95.3409829347894,0.0681463593858442
2018-02-01,"Aseer",95.1995322306075,-0.00148473126614501
2018-03-01,"Aseer",95.5485040027061,0.00365898562659872
2018-04-01,"Aseer",95.951839341602,0.00421237819478382
2018-05-01,"Aseer",95.5212440281616,-0.00449771875769756
2018-06-01,"Aseer",94.5776374593501,-0.00992761568482603
2018-07-01,"Aseer",94.9361083574325,0.00378306411559581
2018-08-01,"Aseer",95.0627676498559,0.00133326379447585
2018-09-01,"Aseer",94.9276915025988,-0.00142192582320799
2018-10-01,"Aseer",94.0143245562059,-0.00966830015112929
2018-11-01,"Aseer",93.9584370017818,-0.000594634622672174
2018-12-01,"Aseer",94.0748215874263,0.00123791505162796
2019-01-01,"Aseer",93.582054675501,-0.00525179843486168
2019-02-01,"Aseer",93.5807298683785,-1.41567366158668e-05
2019-03-01,"Aseer",93.4401093173561,-0.00150379581371318
2019-04-01,"Aseer",93.7417456889462,0.00322292599010332
2019-05-01,"Aseer",93.5109480120992,-0.00246509451115617
2019-06-01,"Aseer",94.1189686712543,0.00648108572662842
2019-07-01,"Aseer",94.3334730996654,0.00227648439078187
2019-08-01,"Aseer",94.3612192338094,0.000294084947497275
2019-09-01,"Aseer",94.4662288204123,0.00111222810571387
2019-10-01,"Aseer",93.8898570857133,-0.00612004152582557
2019-11-01,"Aseer",93.9833104534157,0.000994856015197776
2019-12-01,"Aseer",94.4507434558159,0.00496124720011526
2020-01-01,"Aseer",94.461170506829,0.000110390613328626
2020-02-01,"Aseer",94.6345660060417,0.00183394455115149
2020-03-01,"Aseer",94.7533614124242,0.00125451947842681
2020-04-01,"Aseer",94.7583699099438,5.28568599502677e-05
2020-05-01,"Aseer",94.4853042243543,-0.00288586528824464
2020-06-01,"Aseer",93.1530957264104,-0.0141999812799796
2020-07-01,"Aseer",99.2752575353799,0.0636520409021628
2020-08-01,"Aseer",99.4051257671647,0.00130730823166481
2020-09-01,"Aseer",99.4065023669318,1.38482822160668e-05
2020-10-01,"Aseer",99.5192238738603,0.00113330257602495
2020-11-01,"Aseer",99.4537735115546,-0.000657881878710853
2020-12-01,"Aseer",99.3632365251012,-0.000910757009120466
2021-01-01,"Aseer",99.7866632274701,0.00425234801468299
2021-02-01,"Aseer",96.3289474282268,-0.0352656694110163
2021-03-01,"Aseer",96.548424103337,0.00227581668182353
2021-04-01,"Aseer",96.3240957127503,-0.00232618407180496
2021-05-01,"Aseer",96.8807490313482,0.0057623281612198
2021-06-01,"Aseer",96.9720719186905,0.000942187930518479
2021-07-01,"Aseer",97.0770506075644,0.00108198066292253
2021-08-01,"Aseer",97.1873529227251,0.00113558969126348
2021-09-01,"Aseer",97.1555877743215,-0.00032689789063145
2021-10-01,"Aseer",97.5496882693872,0.00404818031925558
2021-11-01,"Aseer",97.660576507419,0.00113609035964934
2021-12-01,"Aseer",97.8466439972456,0.0019034340064179
2022-01-01,"Aseer",97.9226983734226,0.000776979470658468
2022-02-01,"Aseer",98.0584065202463,0.00138491074012226
2022-03-01,"Aseer",98.2393954977376,0.0018440250162497
2022-04-01,"Aseer",98.7839008055886,0.00552733310578457
2022-05-01,"Aseer",99.6303682383286,0.00853237594402767
2022-06-01,"Aseer",99.6572090055757,0.000269367190675496
2022-07-01,"Aseer",100.255564012724,0.00598617872102647
2022-08-01,"Aseer",100.49157451826,0.00235132232518342
2022-09-01,"Aseer",100.549565897468,0.000576910583539814
2022-10-01,"Aseer",100.695346686021,0.00144879005566878
2022-11-01,"Aseer",100.133212625812,-0.00559816323151097
2022-12-01,"Aseer",99.8233337253907,-0.00309946490026558
2023-01-01,"Aseer",98.1853787947942,-0.0165446486881047
2023-02-01,"Aseer",98.2657023072316,0.000817745735609776
2023-03-01,"Aseer",98.3042380415003,0.000392081665120614
2023-04-01,"Aseer",99.3667728573073,0.0107506411244431
2023-05-01,"Aseer",100.148529064617,0.00783659399109737
2023-06-01,"Aseer",99.9024351561132,-0.00246031338663322
2023-07-01,"Aseer",100.567278495875,0.00663288000103091
2023-08-01,"Aseer",101.648460665072,0.0106934551823432
2023-09-01,"Aseer",100.837456804383,-0.00801051458344482
2023-10-01,"Aseer",100.995578854701,0.00156686027291286
2023-11-01,"Aseer",101.067872175353,0.000715550718035196
2023-12-01,"Aseer",100.791119427658,-0.00274204204530193
2024-01-01,"Aseer",100.532922308206,-0.0025649918289572
2024-02-01,"Aseer",100.279269097858,-0.00252627436087849
2024-03-01,"Aseer",100.158034694588,-0.00120969915041158
2024-04-01,"Aseer",100.366084610032,0.00207506200070728
2024-05-01,"Aseer",100.336151032779,-0.000298288430909288
2024-06-01,"Aseer",100.51834913381,0.00181423020997062
2024-07-01,"Aseer",100.753904759719,0.00234066771646546
2024-08-01,"Aseer",100.784637949345,0.000304985730779528
2024-09-01,"Aseer",100.218952425623,-0.00562862599760638
2024-10-01,"Aseer",99.5155206292815,-0.00704369850532771
2024-11-01,"Aseer",99.698952376669,0.00184155093211036
2024-12-01,"Aseer",99.7598208269401,0.000610336173064496
2025-01-01,"Aseer",100.062361379914,0.00302810009187748
2025-02-01,"Aseer",100.326522603287,0.00263648732543409
2025-03-01,"Aseer",100.381826979726,0.000551091949623661
2025-04-01,"Aseer",100.74451444855,0.00360656748769195
2025-05-01,"Aseer",100.533360040139,-0.00209813906679202
2025-06-01,"Aseer",100.566692783042,0.000331504072130784
2025-07-01,"Aseer",100.852741325533,0.00284032904832898
2025-08-01,"Aseer",101.824827668967,0.00959251487207879
2025-09-01,"Aseer",101.158573814887,-0.00656463771778792
2025-10-01,"Aseer",101.260752527409,0.00100957475797525
2025-11-01,"Aseer",101.112834848764,-0.00146182816546148
2025-12-01,"Aseer",101.334439429491,0.00218925811697712
2026-01-01,"Aseer",101.357942305266,0.000231906849968766
2026-02-01,"Aseer",101.532593167418,0.00172162693428568
2013-02-01,"Eastern Province",93.1567392028618,-0.00306260822321391
2013-03-01,"Eastern Province",93.2336556880676,0.000825326751594524
2013-04-01,"Eastern Province",93.3598864623755,0.00135300281145678
2013-05-01,"Eastern Province",93.2242540365597,-0.00145384757078837
2013-06-01,"Eastern Province",93.7085075937157,0.0051810569338544
2013-07-01,"Eastern Province",94.310659388631,0.00640523903269496
2013-08-01,"Eastern Province",93.6573192825928,-0.00695163869638904
2013-09-01,"Eastern Province",93.7227155751731,0.000698007077276408
2013-10-01,"Eastern Province",94.1999905529575,0.00507949266811103
2013-11-01,"Eastern Province",94.1868448967144,-0.000139560242976344
2013-12-01,"Eastern Province",94.3696482915779,0.00193897806482646
2014-01-01,"Eastern Province",95.6165467935492,0.0131263895775593
2014-02-01,"Eastern Province",95.5112449220511,-0.00110190026481849
2014-03-01,"Eastern Province",95.6075211837993,0.00100750200363642
2014-04-01,"Eastern Province",96.0504027147903,0.0046215915343133
2014-05-01,"Eastern Province",96.1197865131844,0.000722107853333931
2014-06-01,"Eastern Province",96.6224769389508,0.00521620485888619
2014-07-01,"Eastern Province",96.5476080501531,-0.000775160321028423
2014-08-01,"Eastern Province",97.4312990544038,0.00911127019686386
2014-09-01,"Eastern Province",97.2407617505037,-0.00195752142300698
2014-10-01,"Eastern Province",97.2760491850559,0.000362821442214667
2014-11-01,"Eastern Province",97.1254629541539,-0.00154922931785428
2014-12-01,"Eastern Province",97.4329296853007,0.0031606653708085
2015-01-01,"Eastern Province",97.7995054134689,0.00375527927799446
2015-02-01,"Eastern Province",97.6346452806012,-0.00168711733733939
2015-03-01,"Eastern Province",97.7820520427398,0.001508640685425
2015-04-01,"Eastern Province",98.2671272126875,0.00494851507829086
2015-05-01,"Eastern Province",98.1820847644561,-0.000865795822623028
2015-06-01,"Eastern Province",98.2236245538512,0.000422999821732439
2015-07-01,"Eastern Province",98.2681946894209,0.000453658951357738
2015-08-01,"Eastern Province",98.0715214504211,-0.00200339807602035
2015-09-01,"Eastern Province",98.6274272696491,0.00565236675548064
2015-10-01,"Eastern Province",98.3555272439998,-0.00276064697073597
2015-11-01,"Eastern Province",98.5291156126995,0.00176335148502016
2015-12-01,"Eastern Province",98.49357762019,-0.000360750249748243
2016-01-01,"Eastern Province",101.150365809112,0.0266168358817396
2016-02-01,"Eastern Province",100.778969698835,-0.00367848017851813
2016-03-01,"Eastern Province",101.126588380276,0.00344338242315789
2016-04-01,"Eastern Province",101.492311796185,0.00360996740937747
2016-05-01,"Eastern Province",101.035955242487,-0.00450660377175094
2016-06-01,"Eastern Province",100.969115057582,-0.000661767422422521
2016-07-01,"Eastern Province",101.096020311303,0.00125608279899136
2016-08-01,"Eastern Province",100.972320958754,-0.00122433199801097
2016-09-01,"Eastern Province",100.848133414518,-0.00123067367275276
2016-10-01,"Eastern Province",100.591682027107,-0.00254618507664794
2016-11-01,"Eastern Province",100.305467335927,-0.00284936730792928
2016-12-01,"Eastern Province",99.8588168707043,-0.00446284618977622
2017-01-01,"Eastern Province",99.751939884199,-0.00107085408077179
2017-02-01,"Eastern Province",99.4957385924065,-0.00257168801114283
2017-03-01,"Eastern Province",99.354838670305,-0.00141714394417924
2017-04-01,"Eastern Province",98.9270071255413,-0.00431539465443365
2017-05-01,"Eastern Province",99.0803961573733,0.00154932654003836
2017-06-01,"Eastern Province",98.789017104968,-0.00294516730221162
2017-07-01,"Eastern Province",98.7303857922387,-0.000593676505612706
2017-08-01,"Eastern Province",98.7915971718283,0.000619793104854161
2017-09-01,"Eastern Province",99.1272734317688,0.00339206242210999
2017-10-01,"Eastern Province",98.7725077103649,-0.00358531070002144
2017-11-01,"Eastern Province",98.5142950631495,-0.0026176387981911
2017-12-01,"Eastern Province",97.6557988100352,-0.00875262601786275
2018-01-01,"Eastern Province",101.213545073177,0.0357835533187245
2018-02-01,"Eastern Province",100.724371102461,-0.00484480514417118
2018-03-01,"Eastern Province",99.9806388245922,-0.00741123186057813
2018-04-01,"Eastern Province",99.6095258644123,-0.00371875426265511
2018-05-01,"Eastern Province",98.4596619167184,-0.0116108606140042
2018-06-01,"Eastern Province",98.8867601515864,0.00432841798909678
2018-07-01,"Eastern Province",98.7773724268272,-0.00110680409742692
2018-08-01,"Eastern Province",98.3850994998205,-0.00397918975934708
2018-09-01,"Eastern Province",98.2084570704631,-0.00179703221179128
2018-10-01,"Eastern Province",98.0313393219611,-0.00180511598413879
2018-11-01,"Eastern Province",97.7688895883468,-0.00268079248173247
2018-12-01,"Eastern Province",97.5629442449264,-0.00210867236220658
2019-01-01,"Eastern Province",94.396929607097,-0.0329892044306863
2019-02-01,"Eastern Province",94.2751422688031,-0.0012909950476292
2019-03-01,"Eastern Province",94.0899423885519,-0.00196639350932948
2019-04-01,"Eastern Province",93.9998920232968,-0.000957525135975246
2019-05-01,"Eastern Province",93.9049624413138,-0.00101040061290192
2019-06-01,"Eastern Province",94.6686921743839,0.00810011250437181
2019-07-01,"Eastern Province",93.9442558776526,-0.00768176168807866
2019-08-01,"Eastern Province",93.8316470092461,-0.00119939651653667
2019-09-01,"Eastern Province",93.7998640860774,-0.000338780232457481
2019-10-01,"Eastern Province",93.6195036142627,-0.00192467331103074
2019-11-01,"Eastern Province",93.3884859753429,-0.00247067258401135
2019-12-01,"Eastern Province",93.7046962198607,0.00338024659043423
2020-01-01,"Eastern Province",93.5322848979951,-0.00184163800939263
2020-02-01,"Eastern Province",93.3339934651114,-0.00212228240480172
2020-03-01,"Eastern Province",93.4904754407192,0.00167517684506535
2020-04-01,"Eastern Province",92.7972022228189,-0.00744307328499438
2020-05-01,"Eastern Province",92.5456605636665,-0.0027143404370662
2020-06-01,"Eastern Province",91.8516756077898,-0.0075270960729128
2020-07-01,"Eastern Province",97.0772508933123,0.0553320081396933
2020-08-01,"Eastern Province",97.1541358892632,0.000791684611228582
2020-09-01,"Eastern Province",97.0756840576921,-0.000807824832035564
2020-10-01,"Eastern Province",97.0518740314718,-0.000245302898506772
2020-11-01,"Eastern Province",96.282623220209,-0.00795776109960755
2020-12-01,"Eastern Province",96.125829126864,-0.00162980499182463
2021-01-01,"Eastern Province",96.4839999859894,0.00371913804841917
2021-02-01,"Eastern Province",96.6762269947313,0.00199033802356396
2021-03-01,"Eastern Province",96.7349429443107,0.000607161948316559
2021-04-01,"Eastern Province",96.7949536264,0.000620169648990476
2021-05-01,"Eastern Province",96.9640150562778,0.00174506990752743
2021-06-01,"Eastern Province",97.1774684792339,0.0021989479536213
2021-07-01,"Eastern Province",97.6609640372697,0.00496305112128859
2021-08-01,"Eastern Province",97.819042440695,0.00161733612282511
2021-09-01,"Eastern Province",97.655461946766,-0.00167367639709948
2021-10-01,"Eastern Province",97.6949373606118,0.000404149820251831
2021-11-01,"Eastern Province",98.3635226610634,0.00682029117290739
2021-12-01,"Eastern Province",98.7941525253318,0.00436838736978729
2022-01-01,"Eastern Province",98.1442639441781,-0.00659994075158821
2022-02-01,"Eastern Province",98.2032186083002,0.000600513590776508
2022-03-01,"Eastern Province",98.6551429214527,0.00459137324467651
2022-04-01,"Eastern Province",98.7307588478364,0.000766173565638795
2022-05-01,"Eastern Province",99.0637338229666,0.00336688130373375
2022-06-01,"Eastern Province",99.1209832254881,0.000577737829298819
2022-07-01,"Eastern Province",99.5934901746508,0.00475564594367217
2022-08-01,"Eastern Province",100.250640467123,0.00657665210349823
2022-09-01,"Eastern Province",99.8159354485407,-0.00434561046177073
2022-10-01,"Eastern Province",99.9659468037625,0.0015017516275595
2022-11-01,"Eastern Province",99.9416412732928,-0.000243167663851018
2022-12-01,"Eastern Province",99.420224975177,-0.00523086482727031
2023-01-01,"Eastern Province",99.3886081440129,-0.000318062642736372
2023-02-01,"Eastern Province",99.8458236285771,0.00458973163548038
2023-03-01,"Eastern Province",99.6708948067637,-0.00175352590007094
2023-04-01,"Eastern Province",99.8008947366579,0.00130344194131116
2023-05-01,"Eastern Province",100.183476667551,0.00382612296082563
2023-06-01,"Eastern Province",100.044669793371,-0.00138648735324853
2023-07-01,"Eastern Province",100.093921992934,0.000492180944390519
2023-08-01,"Eastern Province",99.8732286695786,-0.0022072966707638
2023-09-01,"Eastern Province",99.9612388428088,0.000880830819788514
2023-10-01,"Eastern Province",100.451186452399,0.00488940328860554
2023-11-01,"Eastern Province",100.287580331427,-0.00163004047318616
2023-12-01,"Eastern Province",100.403763336793,0.00115782789852048
2024-01-01,"Eastern Province",100.710586014523,0.00305122848531436
2024-02-01,"Eastern Province",100.883850975632,0.00171894628005731
2024-03-01,"Eastern Province",100.576045439531,-0.0030557523466701
2024-04-01,"Eastern Province",100.614947157451,0.000386714314618786
2024-05-01,"Eastern Province",100.686163822148,0.000707563582949433
2024-06-01,"Eastern Province",100.918878592502,0.00230862155951694
2024-07-01,"Eastern Province",101.008335222272,0.000886028524162974
2024-08-01,"Eastern Province",101.386426399741,0.00373617987199548
2024-09-01,"Eastern Province",101.284771933815,-0.00100314672520252
2024-10-01,"Eastern Province",102.014136464647,0.00717532293575562
2024-11-01,"Eastern Province",102.541796741687,0.00515909207940535
2024-12-01,"Eastern Province",102.341801187128,-0.00195228529860803
2025-01-01,"Eastern Province",102.641551391601,0.00292463182361669
2025-02-01,"Eastern Province",102.712891856572,0.000694803255410825
2025-03-01,"Eastern Province",102.60902292899,-0.00101176668404879
2025-04-01,"Eastern Province",103.049706336773,0.00428558596886308
2025-05-01,"Eastern Province",102.727160534297,-0.00313491085306605
2025-06-01,"Eastern Province",102.924149607801,0.00191575860728399
2025-07-01,"Eastern Province",103.003163459702,0.000767395588293418
2025-08-01,"Eastern Province",102.718455392085,-0.00276789820121515
2025-09-01,"Eastern Province",102.401392371046,-0.0030914928713095
2025-10-01,"Eastern Province",102.645030863326,0.00237642386633219
2025-11-01,"Eastern Province",102.680996964767,0.000350331637827495
2025-12-01,"Eastern Province",102.584257589044,-0.00094257923091412
2026-01-01,"Eastern Province",102.721857003237,0.00134043192107569
2026-02-01,"Eastern Province",102.875370526533,0.00149334262596135
2013-02-01,"Hail",96.5813640564041,-0.00323705799032226
2013-03-01,"Hail",96.6221207313616,0.000421904145330387
2013-04-01,"Hail",96.5677561944934,-0.000562809389066388
2013-05-01,"Hail",96.60185664885,0.000353062308391827
2013-06-01,"Hail",96.5681119268985,-0.000349378555513091
2013-07-01,"Hail",97.4913744513778,0.009515324479346
2013-08-01,"Hail",97.1771975045198,-0.0032278165548778
2013-09-01,"Hail",97.0154668620913,-0.00166567239137549
2013-10-01,"Hail",97.6218275659681,0.00623069352985173
2013-11-01,"Hail",97.7395151127189,0.0012048193298968
2013-12-01,"Hail",97.7005428388183,-0.000398815624858884
2014-01-01,"Hail",98.1010834836171,0.00409129598188329
2014-02-01,"Hail",97.788903494031,-0.00318730179817983
2014-03-01,"Hail",97.8661584046568,0.000789705248522843
2014-04-01,"Hail",97.9249394659891,0.000600446738769911
2014-05-01,"Hail",97.8725908902112,-0.000534721525138337
2014-06-01,"Hail",98.0586497741658,0.00189922688439914
2014-07-01,"Hail",98.3360704134709,0.00282513525370653
2014-08-01,"Hail",98.0429488899488,-0.00298526535318011
2014-09-01,"Hail",98.6088703274424,0.00575558367073459
2014-10-01,"Hail",98.5865377153031,-0.000226502355774372
2014-11-01,"Hail",98.6784501851894,0.000931868118268397
2014-12-01,"Hail",98.5690008494941,-0.00110976690805575
2015-01-01,"Hail",98.9083839085008,0.00343718743847532
2015-02-01,"Hail",98.7986362093307,-0.00111020549879548
2015-03-01,"Hail",98.9905176544153,0.00194026316947138
2015-04-01,"Hail",99.1541284937386,0.00165142868795431
2015-05-01,"Hail",99.0417530584626,-0.00113398367754236
2015-06-01,"Hail",99.145581675774,0.00104778266431271
2015-07-01,"Hail",99.138428180635,-7.21540294383871e-05
2015-08-01,"Hail",98.9854166089188,-0.00154460562079262
2015-09-01,"Hail",98.842592483359,-0.00144392243575364
2015-10-01,"Hail",98.7911787114865,-0.000520293396432336
2015-11-01,"Hail",98.7906194477392,-5.66108571220525e-06
2015-12-01,"Hail",99.0197546793907,0.00231671705942293
2016-01-01,"Hail",101.390918258088,0.0236641511715687
2016-02-01,"Hail",101.195406978479,-0.00193015338107028
2016-03-01,"Hail",101.149269037941,-0.000456033163272807
2016-04-01,"Hail",101.090805210013,-0.000578162659146564
2016-05-01,"Hail",101.027063977113,-0.000630733297056096
2016-06-01,"Hail",100.900382456338,-0.00125472331406495
2016-07-01,"Hail",100.958854469912,0.00057933455114334
2016-08-01,"Hail",101.299381121291,0.00336724951777612
2016-09-01,"Hail",101.204820920134,-0.000933908601171041
2016-10-01,"Hail",100.81262098094,-0.00388283732583528
2016-11-01,"Hail",100.299334875076,-0.00510449235290089
2016-12-01,"Hail",100.083625228782,-0.00215297477894794
2017-01-01,"Hail",99.8262661930345,-0.00257475181536915
2017-02-01,"Hail",99.9232895090317,0.000971449706471894
2017-03-01,"Hail",99.845558361747,-0.000778210937651735
2017-04-01,"Hail",99.8162724348238,-0.000293355289955777
2017-05-01,"Hail",99.8918432211221,0.000756812407519014
2017-06-01,"Hail",100.114480669195,0.00222630500575871
2017-07-01,"Hail",100.114480669195,0
2017-08-01,"Hail",100.114480669195,0
2017-09-01,"Hail",100.125010796862,0.000105175333792396
2017-10-01,"Hail",99.9960629743736,-0.00128869826554645
2017-11-01,"Hail",100.192347264566,0.00196099617214696
2017-12-01,"Hail",100.003098727747,-0.0018906383434798
2018-01-01,"Hail",100.766657944409,0.007606353772875
2018-02-01,"Hail",99.6362641134769,-0.0112813307103394
2018-03-01,"Hail",99.1422782260649,-0.00497022363192468
2018-04-01,"Hail",98.6207506231278,-0.00527428018230314
2018-05-01,"Hail",97.9206199486305,-0.00712454211505964
2018-06-01,"Hail",97.7691659644472,-0.00154789902515251
2018-07-01,"Hail",96.551160586707,-0.012536221514309
2018-08-01,"Hail",95.5779054694882,-0.0101313503688285
2018-09-01,"Hail",94.9648175815963,-0.00643519724949293
2018-10-01,"Hail",94.6252564648496,-0.00358205967832959
2018-11-01,"Hail",94.2520670869127,-0.00395166403834946
2018-12-01,"Hail",93.854238804793,-0.00422983029067403
2019-01-01,"Hail",90.5607307675815,-0.0357222439012554
2019-02-01,"Hail",90.4223272090192,-0.00152946454866942
2019-03-01,"Hail",90.5260762721321,0.0011467255028057
2019-04-01,"Hail",90.4195690774856,-0.00117722873895154
2019-05-01,"Hail",90.3852644239966,-0.000379466115328242
2019-06-01,"Hail",90.3724646133482,-0.000141623937609303
2019-07-01,"Hail",90.708660331425,0.00371320980545153
2019-08-01,"Hail",90.8081489379699,0.00109619177317821
2019-09-01,"Hail",90.7952970608064,-0.000141537811843229
2019-10-01,"Hail",90.5069265055415,-0.00318110603137001
2019-11-01,"Hail",90.3575181269114,-0.0016521590290397
2019-12-01,"Hail",90.7212686416962,0.00401759930639933
2020-01-01,"Hail",90.6688356774454,-0.000578123772606354
2020-02-01,"Hail",90.706455752215,0.00041483131481268
2020-03-01,"Hail",90.7981521095151,0.00101040261381247
2020-04-01,"Hail",91.0713771975186,0.00300462968806592
2020-05-01,"Hail",90.403321577145,-0.00736255403830022
2020-06-01,"Hail",90.1878993746649,-0.00238574503813282
2020-07-01,"Hail",95.0593435230539,0.0526061004450114
2020-08-01,"Hail",95.4534640876753,0.00413747644371387
2020-09-01,"Hail",95.7716076904564,0.0033274287033338
2020-10-01,"Hail",95.8324250822789,0.00063482373502044
2020-11-01,"Hail",95.8098041152948,-0.000236074973494205
2020-12-01,"Hail",95.5414487010457,-0.00280484800838909
2021-01-01,"Hail",95.9087228513053,0.00383676439491065
2021-02-01,"Hail",96.0959780785412,0.00195052814538066
2021-03-01,"Hail",96.1526651316565,0.000589726448120054
2021-04-01,"Hail",96.3495707717049,0.0020457498355464
2021-05-01,"Hail",96.2838111901478,-0.000682743389975649
2021-06-01,"Hail",96.354992257137,0.000739010718037392
2021-07-01,"Hail",96.4448387309001,0.000932018247179478
2021-08-01,"Hail",96.508488751928,0.000659745277958201
2021-09-01,"Hail",96.6638917795738,0.0016089573544944
2021-10-01,"Hail",96.5511895156783,-0.00116659916940076
2021-11-01,"Hail",96.5093208120304,-0.000433736596191281
2021-12-01,"Hail",96.5625803003878,0.000551706275241592
2022-01-01,"Hail",96.7488785069671,0.00192744150195789
2022-02-01,"Hail",96.8522397491912,0.00106777536179159
2022-03-01,"Hail",97.1646298881156,0.00322023965713925
2022-04-01,"Hail",97.4802648983556,0.00324319101456894
2022-05-01,"Hail",97.6090801856187,0.00132057756335247
2022-06-01,"Hail",97.8051599176127,0.00200681176250228
2022-07-01,"Hail",98.0738801428366,0.00274373811225903
2022-08-01,"Hail",98.6151158319796,0.00550348078754759
2022-09-01,"Hail",98.9878431755484,0.00377249194532236
2022-10-01,"Hail",99.6766196833153,0.00693409639195597
2022-11-01,"Hail",99.7359231799365,0.000594782028431773
2022-12-01,"Hail",99.5125476347183,-0.00224218171299029
2023-01-01,"Hail",99.6809386636909,0.00169072867004605
2023-02-01,"Hail",99.9002387671313,0.00219760394764634
2023-03-01,"Hail",99.7665294773275,-0.00133932462539121
2023-04-01,"Hail",99.1980743827416,-0.00571414844951157
2023-05-01,"Hail",99.5108335402393,0.00314791540084869
2023-06-01,"Hail",100.229938144686,0.00720040986387982
2023-07-01,"Hail",99.9962138935488,-0.00233460369602057
2023-08-01,"Hail",100.078551186104,0.000823065289323743
2023-09-01,"Hail",100.005178883285,-0.000733416016209354
2023-10-01,"Hail",100.480313171815,0.00473984599279831
2023-11-01,"Hail",100.490848696018,0.000104846129312719
2023-12-01,"Hail",100.672503866388,0.00180604685130881
2024-01-01,"Hail",100.626649148917,-0.000455587791376999
2024-02-01,"Hail",100.91345911613,0.00284618444732399
2024-03-01,"Hail",101.138655095611,0.00222908900118579
2024-04-01,"Hail",101.433575490478,0.00291175747419192
2024-05-01,"Hail",101.825357767143,0.00385501149277179
2024-06-01,"Hail",101.945152606815,0.00117578204278068
2024-07-01,"Hail",102.3051594676,0.0035251572439492
2024-08-01,"Hail",102.624846517508,0.00311996584097773
2024-09-01,"Hail",102.79565750088,0.00166303771432919
2024-10-01,"Hail",102.421233411509,-0.00364906127542586
2024-11-01,"Hail",102.213750013467,-0.00202783967500864
2024-12-01,"Hail",102.238862431002,0.000245655140925116
2025-01-01,"Hail",102.681632298041,0.00432138870895038
2025-02-01,"Hail",102.763206033959,0.000794118176607128
2025-03-01,"Hail",102.842410892551,0.00077045426768052
2025-04-01,"Hail",103.384623289111,0.00525841481550238
2025-05-01,"Hail",103.304380571194,-0.000776458548347847
2025-06-01,"Hail",103.143130889076,-0.00156213764717794
2025-07-01,"Hail",103.454887815566,0.00301800728852797
2025-08-01,"Hail",103.31703738004,-0.00133335757084652
2025-09-01,"Hail",103.567053701996,0.00241697118767803
2025-10-01,"Hail",104.254559011217,0.00661632645661747
2025-11-01,"Hail",104.315341867435,0.000582853591843069
2025-12-01,"Hail",104.390755790388,0.000722680621999316
2026-01-01,"Hail",104.28561787284,-0.00100766487934134
2026-02-01,"Hail",104.238890816802,-0.000448168487375611
2013-02-01,"Jazan",95.7193219991268,0.000243071073835033
2013-03-01,"Jazan",95.5055199874114,-0.00223613311517123
2013-04-01,"Jazan",95.9081574138033,0.00420699320662887
2013-05-01,"Jazan",95.4841222209927,-0.00443106574020558
2013-06-01,"Jazan",95.9979715768193,0.00536708763847304
2013-07-01,"Jazan",96.3095925260459,0.00324086286913872
2013-08-01,"Jazan",96.7505965725375,0.00456857330968585
2013-09-01,"Jazan",96.4598289204746,-0.00300985695603195
2013-10-01,"Jazan",97.017351510835,0.00576320300171762
2013-11-01,"Jazan",97.0302939773649,0.000133394729078695
2013-12-01,"Jazan",97.1450141373053,0.00118161443287512
2014-01-01,"Jazan",97.0378156239077,-0.00110409889915886
2014-02-01,"Jazan",96.6191415941763,-0.00432387958622726
2014-03-01,"Jazan",96.9705061077718,0.00362999678536813
2014-04-01,"Jazan",97.3774153562805,0.0041874370461672
2014-05-01,"Jazan",96.8660934337027,-0.00526476387107877
2014-06-01,"Jazan",96.8665641748631,4.85969857866309e-06
2014-07-01,"Jazan",97.3416460783539,0.00489251047138684
2014-08-01,"Jazan",98.2517135909991,0.00930577685906275
2014-09-01,"Jazan",98.2078674002557,-0.000446363483523449
2014-10-01,"Jazan",98.2897376607817,0.000833295298820147
2014-11-01,"Jazan",99.3862807941036,0.0110944604144878
2014-12-01,"Jazan",100.358405972464,0.00973375431904788
2015-01-01,"Jazan",100.751675970144,0.00391099735195777
2015-02-01,"Jazan",100.365711684554,-0.00383820378655564
2015-03-01,"Jazan",100.417471169658,0.000515575911435917
2015-04-01,"Jazan",100.423183445275,5.68836586349875e-05
2015-05-01,"Jazan",100.340772384636,-0.000820974710595834
2015-06-01,"Jazan",100.351178465453,0.000103702024742525
2015-07-01,"Jazan",100.390854900649,0.000395297736575984
2015-08-01,"Jazan",100.073211839111,-0.00316907995080129
2015-09-01,"Jazan",99.306248125767,-0.00769354572998804
2015-10-01,"Jazan",100.773860420463,0.0146705100008635
2015-11-01,"Jazan",100.478892438395,-0.00293132083005787
2015-12-01,"Jazan",100.431673747636,-0.000470046872345087
2016-01-01,"Jazan",102.874861415498,0.0240356788011384
2016-02-01,"Jazan",102.679499077964,-0.0019008343670075
2016-03-01,"Jazan",103.01967625817,0.00330752410426705
2016-04-01,"Jazan",103.048114759916,0.000276011129988873
2016-05-01,"Jazan",102.75804736066,-0.00281884262683985
2016-06-01,"Jazan",103.039496477487,0.00273520555246787
2016-07-01,"Jazan",103.3803420932,0.00330245317359523
2016-08-01,"Jazan",102.739015297395,-0.00622288826728656
2016-09-01,"Jazan",103.19243642544,0.00440361933036204
2016-10-01,"Jazan",103.012373268479,-0.00174645007549135
2016-11-01,"Jazan",102.929809283274,-0.00080181717611616
2016-12-01,"Jazan",104.345507942095,0.0136602919463797
2017-01-01,"Jazan",104.569868853949,0.00214786485847984
2017-02-01,"Jazan",104.708254882555,0.00132250850022242
2017-03-01,"Jazan",99.1763225452969,-0.0542786561818183
2017-04-01,"Jazan",99.0884672770616,-0.000886241818976785
2017-05-01,"Jazan",98.6924818812218,-0.00400428784104889
2017-06-01,"Jazan",98.8289159163601,0.00138146103012193
2017-07-01,"Jazan",98.7287124413578,-0.00101442282364061
2017-08-01,"Jazan",98.7134887682471,-0.000154208908202946
2017-09-01,"Jazan",98.218090057142,-0.00503118655784007
2017-10-01,"Jazan",97.4352572759266,-0.00800228536210223
2017-11-01,"Jazan",96.6441023760691,-0.00815294613136697
2017-12-01,"Jazan",94.8956220249385,-0.0182576113258284
2018-01-01,"Jazan",100.611232450216,0.0584863339642485
2018-02-01,"Jazan",100.353089213333,-0.00256904685095272
2018-03-01,"Jazan",99.4184677103826,-0.00935697089617449
2018-04-01,"Jazan",98.2158739738235,-0.0121700365358182
2018-05-01,"Jazan",97.950248249776,-0.00270817288309111
2018-06-01,"Jazan",98.2816475190191,0.00337763219384879
2018-07-01,"Jazan",98.6380231287455,0.00361950634613528
2018-08-01,"Jazan",98.1613091740346,-0.00484467992388105
2018-09-01,"Jazan",98.2053957820257,0.000449023257193204
2018-10-01,"Jazan",97.2525957579651,-0.00974948697374778
2018-11-01,"Jazan",97.4182431589152,0.00170182079504677
2018-12-01,"Jazan",94.6647320270562,-0.0286719815856431
2019-01-01,"Jazan",92.7255836017641,-0.0206970956957333
2019-02-01,"Jazan",92.30346167221,-0.00456277187477472
2019-03-01,"Jazan",92.2381213731088,-0.000708136353372524
2019-04-01,"Jazan",92.2606162068258,0.000243848105667688
2019-05-01,"Jazan",92.5825804377466,0.00348365060087374
2019-06-01,"Jazan",92.867949796595,0.00307758175431072
2019-07-01,"Jazan",92.8291640041569,-0.000417731780621544
2019-08-01,"Jazan",92.6595204385609,-0.00182915322737998
2019-09-01,"Jazan",92.3683248984526,-0.0031475887317578
2019-10-01,"Jazan",91.68335953139,-0.00744321934922532
2019-11-01,"Jazan",91.5885275810663,-0.00103487731022334
2019-12-01,"Jazan",92.3217046950438,0.0079732485688222
2020-01-01,"Jazan",91.8125689082829,-0.00553006319043625
2020-02-01,"Jazan",93.0468919234131,0.0133543758437149
2020-03-01,"Jazan",92.7949778964131,-0.00271105947802042
2020-04-01,"Jazan",93.169925998658,0.00403246636833732
2020-05-01,"Jazan",92.8854376923993,-0.00305810617147984
2020-06-01,"Jazan",92.0045738797699,-0.00952858913136723
2020-07-01,"Jazan",96.5031228457067,0.0477370770190451
2020-08-01,"Jazan",96.1146912641707,-0.00403318986740597
2020-09-01,"Jazan",95.9741587991666,-0.00146320299205982
2020-10-01,"Jazan",95.5644057044693,-0.00427855059723559
2020-11-01,"Jazan",94.7509463495425,-0.00854859368941074
2020-12-01,"Jazan",94.5721395319689,-0.00188890720754742
2021-01-01,"Jazan",94.9982838224123,0.00449590184704896
2021-02-01,"Jazan",95.003801494182,5.80801180376511e-05
2021-03-01,"Jazan",95.1043363118607,0.00105765937440427
2021-04-01,"Jazan",95.4820190403442,0.00396338155671749
2021-05-01,"Jazan",95.4561551654008,-0.000270913610744827
2021-06-01,"Jazan",95.4484598439134,-8.06195438620705e-05
2021-07-01,"Jazan",95.4975698481969,0.000514386242495668
2021-08-01,"Jazan",95.4936670602472,-4.08687645929717e-05
2021-09-01,"Jazan",95.5670526832378,0.00076819166909825
2021-10-01,"Jazan",96.3638519068286,0.00830302762253599
2021-11-01,"Jazan",96.3207071272183,-0.0004478281035869
2021-12-01,"Jazan",96.1096655248707,-0.00219343426977492
2022-01-01,"Jazan",96.9213421001848,0.00840985465659649
2022-02-01,"Jazan",96.7528807572956,-0.0017396366216289
2022-03-01,"Jazan",96.5927461555976,-0.00165645989382313
2022-04-01,"Jazan",98.2363632614741,0.0168727979533969
2022-05-01,"Jazan",98.3752209761235,0.00141250820265704
2022-06-01,"Jazan",98.9285073399951,0.00560848818115289
2022-07-01,"Jazan",99.2363079250184,0.00310651345593893
2022-08-01,"Jazan",99.4150004900747,0.00179905800448488
2022-09-01,"Jazan",99.460320729164,0.000455765346810466
2022-10-01,"Jazan",99.7575111249446,0.00298357444685937
2022-11-01,"Jazan",99.8059812361286,0.000485761313992583
2022-12-01,"Jazan",100.133403285156,0.00327521606111159
2023-01-01,"Jazan",99.9935175402138,-0.0013979705193794
2023-02-01,"Jazan",100.452436478369,0.00457898731109552
2023-03-01,"Jazan",100.193962144117,-0.00257641780768836
2023-04-01,"Jazan",100.462486732742,0.00267646268460275
2023-05-01,"Jazan",99.9492208978412,-0.00512212548005309
2023-06-01,"Jazan",99.4326420289542,-0.0051818156095127
2023-07-01,"Jazan",100.002606066894,0.00571579592998983
2023-08-01,"Jazan",99.3864860517485,-0.00618009711147582
2023-09-01,"Jazan",99.8926952938575,0.0050804135935083
2023-10-01,"Jazan",99.9639246953687,0.000712805055253618
2023-11-01,"Jazan",100.280026134624,0.00315716605182814
2023-12-01,"Jazan",99.9962443946958,-0.00283390467676981
2024-01-01,"Jazan",100.156906144849,0.001605388516003
2024-02-01,"Jazan",99.8388043226299,-0.00318108913159776
2024-03-01,"Jazan",100.140190396445,0.00301417958840933
2024-04-01,"Jazan",100.682201924923,0.00539793235496955
2024-05-01,"Jazan",100.561084376494,-0.00120369295571177
2024-06-01,"Jazan",101.011587571068,0.00446989108499807
2024-07-01,"Jazan",100.576696100316,-0.00431465695825839
2024-08-01,"Jazan",100.368538150252,-0.00207178861739976
2024-09-01,"Jazan",101.218756640382,0.0084352888646535
2024-10-01,"Jazan",101.723750439508,0.00497672812553329
2024-11-01,"Jazan",101.879155900116,0.00152655473913565
2024-12-01,"Jazan",102.013465562782,0.0013174550518702
2025-01-01,"Jazan",102.487301678718,0.00463408495025508
2025-02-01,"Jazan",102.696006196559,0.00203432327881536
2025-03-01,"Jazan",102.949891132079,0.00246914786831276
2025-04-01,"Jazan",103.092472955366,0.00138400514552206
2025-05-01,"Jazan",103.081622047452,-0.000105259663429891
2025-06-01,"Jazan",103.056848246083,-0.000240360777422843
2025-07-01,"Jazan",103.009346246292,-0.000461036326210085
2025-08-01,"Jazan",103.336720523551,0.00317306316577515
2025-09-01,"Jazan",103.425424350325,0.000858027781344362
2025-10-01,"Jazan",103.424300170402,-1.0869532706792e-05
2025-11-01,"Jazan",103.37348837865,-0.000491415243180526
2025-12-01,"Jazan",103.381250321155,7.50835754228518e-05
2026-01-01,"Jazan",103.331705555241,-0.000479358119114259
2026-02-01,"Jazan",103.363020231949,0.000303004121932737
2013-02-01,"Madinah",78.7710205099612,-0.000299947328116446
2013-03-01,"Madinah",78.8232599139545,0.000662960683168734
2013-04-01,"Madinah",78.7916088876519,-0.000401624884362128
2013-05-01,"Madinah",78.9683440695719,0.00224055918555877
2013-06-01,"Madinah",78.889903723737,-0.000993807461915353
2013-07-01,"Madinah",79.3997642925186,0.0064421429204975
2013-08-01,"Madinah",79.4017885955893,2.54947515809789e-05
2013-09-01,"Madinah",79.7814174347427,0.00476971872021092
2013-10-01,"Madinah",79.6151906957181,-0.00208570058338697
2013-11-01,"Madinah",79.7147435035263,0.00124964365627456
2013-12-01,"Madinah",79.5657265283047,-0.00187112730981998
2014-01-01,"Madinah",79.8327113136783,0.00334990779910793
2014-02-01,"Madinah",80.1132744212104,0.00350822678042384
2014-03-01,"Madinah",80.3455530608094,0.00289518258972965
2014-04-01,"Madinah",80.5646757152952,0.0027235408413846
2014-05-01,"Madinah",80.8266116026723,0.00324597593485443
2014-06-01,"Madinah",81.0091077120878,0.00225532642044346
2014-07-01,"Madinah",81.5384223859756,0.00651276023105485
2014-08-01,"Madinah",81.9809858709822,0.00541299128138473
2014-09-01,"Madinah",81.9977222446889,0.000204128620808319
2014-10-01,"Madinah",82.70132241145,0.00854412299207574
2014-11-01,"Madinah",83.0230766768208,0.00388300903691441
2014-12-01,"Madinah",82.9605251161724,-0.000753707751052879
2015-01-01,"Madinah",83.125780096435,0.00198998989815546
2015-02-01,"Madinah",83.2738013230457,0.00177910622600486
2015-03-01,"Madinah",83.4208650558384,0.00176446882365777
2015-04-01,"Madinah",83.5244459503597,0.00124089628140389
2015-05-01,"Madinah",83.6672465827769,0.00170822682608662
2015-06-01,"Madinah",83.8143916057605,0.00175714857383991
2015-07-01,"Madinah",83.8521646747527,0.000450573691846756
2015-08-01,"Madinah",83.837359658996,-0.000176576513696958
2015-09-01,"Madinah",83.8380383773129,8.09562195591695e-06
2015-10-01,"Madinah",83.8537298560204,0.000187146678916505
2015-11-01,"Madinah",83.7444433283641,-0.00130414957477676
2015-12-01,"Madinah",84.1803894208201,0.00519216919491772
2016-01-01,"Madinah",86.735791835257,0.0299046331533006
2016-02-01,"Madinah",86.6332350926036,-0.00118310353854323
2016-03-01,"Madinah",86.8869260289907,0.00292405349907376
2016-04-01,"Madinah",87.5568806420596,0.00768107414912311
2016-05-01,"Madinah",88.0465291917552,0.00557676891557435
2016-06-01,"Madinah",88.1402777880438,0.0010641955177384
2016-07-01,"Madinah",88.1446397334163,4.94874483276675e-05
2016-08-01,"Madinah",88.1793132324402,0.000393293127650018
2016-09-01,"Madinah",88.1203557301929,-0.000668832843442324
2016-10-01,"Madinah",88.2775785611006,0.00178259312584927
2016-11-01,"Madinah",88.2414923899318,-0.000408864282789523
2016-12-01,"Madinah",88.1898054652061,-0.000585915615117116
2017-01-01,"Madinah",88.5896444738678,0.00452359921498857
2017-02-01,"Madinah",88.672878943029,0.000939109673878669
2017-03-01,"Madinah",88.7705346186573,0.00110069665058266
2017-04-01,"Madinah",88.8664479784775,0.00107988063902731
2017-05-01,"Madinah",89.1025982746021,0.00265383716656409
2017-06-01,"Madinah",89.0570074880759,-0.00051179713073779
2017-07-01,"Madinah",89.0654978433623,9.53316401774984e-05
2017-08-01,"Madinah",88.9793257602609,-0.00096798197314385
2017-09-01,"Madinah",88.7001783623691,-0.00314214775576804
2017-10-01,"Madinah",88.4394312632165,-0.00294397495882492
2017-11-01,"Madinah",88.5107691530666,0.000806304751812981
2017-12-01,"Madinah",89.1697527429532,0.00741765731416866
2018-01-01,"Madinah",101.277759865598,0.12732495265021
2018-02-01,"Madinah",101.10989299126,-0.00165886515766722
2018-03-01,"Madinah",101.038309179042,-0.000708231034869833
2018-04-01,"Madinah",100.860696793676,-0.00175941857987549
2018-05-01,"Madinah",99.9259331364985,-0.00931108222562749
2018-06-01,"Madinah",99.5409670123477,-0.00385995472771672
2018-07-01,"Madinah",99.5393231089478,-1.65149789452812e-05
2018-08-01,"Madinah",99.1716371239458,-0.00370071589611154
2018-09-01,"Madinah",98.193818258742,-0.00990879446279536
2018-10-01,"Madinah",97.6067986498706,-0.00599611356610286
2018-11-01,"Madinah",97.4883847592488,-0.00121390905806695
2018-12-01,"Madinah",96.6748784933206,-0.00837965959753628
2019-01-01,"Madinah",94.0651069477026,-0.0273664110174998
2019-02-01,"Madinah",93.9788728555217,-0.000917169465527223
2019-03-01,"Madinah",93.8748603645487,-0.00110737753058388
2019-04-01,"Madinah",93.654809307838,-0.00234684098886717
2019-05-01,"Madinah",93.8839652281157,0.00244382565571755
2019-06-01,"Madinah",93.7580502976353,-0.00134207628315153
2019-07-01,"Madinah",93.7337306448307,-0.000259421003083737
2019-08-01,"Madinah",93.7398366652278,6.5140067337488e-05
2019-09-01,"Madinah",93.6955579253712,-0.000472469362331474
2019-10-01,"Madinah",93.3650187278366,-0.00353403744892322
2019-11-01,"Madinah",93.5477108066439,0.00195483889663972
2019-12-01,"Madinah",93.7857402926352,0.00254123983401833
2020-01-01,"Madinah",93.8331652251805,0.00050554535988212
2020-02-01,"Madinah",93.5717207070501,-0.00279015871375599
2020-03-01,"Madinah",93.7539898132527,0.0019460133178395
2020-04-01,"Madinah",93.6620241222608,-0.000981407046731775
2020-05-01,"Madinah",93.1145350736202,-0.00586251956944928
2020-06-01,"Madinah",92.8929473168395,-0.00238256933275771
2020-07-01,"Madinah",97.9821244275649,0.0533373322285735
2020-08-01,"Madinah",98.0223586004136,0.000410543399745222
2020-09-01,"Madinah",97.9993386080172,-0.000234871882348386
2020-10-01,"Madinah",98.0742059083444,0.000763665533260571
2020-11-01,"Madinah",97.6153286880421,-0.00468985796632637
2020-12-01,"Madinah",97.2021246680632,-0.00424196736452309
2021-01-01,"Madinah",97.6306889790448,0.0043993103026061
2021-02-01,"Madinah",97.7417639526718,0.00113705882203607
2021-03-01,"Madinah",97.8848829786045,0.00146318565197046
2021-04-01,"Madinah",98.07943316022,0.00198556808062111
2021-05-01,"Madinah",98.1166669182435,0.00037955656055999
2021-06-01,"Madinah",98.1912612179391,0.000759972396367381
2021-07-01,"Madinah",98.1958484711853,4.67164393258557e-05
2021-08-01,"Madinah",98.1914087943015,-4.52134924273651e-05
2021-09-01,"Madinah",98.0839180167185,-0.00109530617093601
2021-10-01,"Madinah",98.1166720361596,0.000333882989205669
2021-11-01,"Madinah",98.2745589026539,0.00160788136776446
2021-12-01,"Madinah",98.1653833048216,-0.0011115418569787
2022-01-01,"Madinah",98.7322041867371,0.00575753573156046
2022-02-01,"Madinah",98.7506937732113,0.000187252533958571
2022-03-01,"Madinah",98.7198940244035,-0.000311942648280272
2022-04-01,"Madinah",98.8276695712074,0.00109113527431237
2022-05-01,"Madinah",99.2110682206591,0.00387196093776154
2022-06-01,"Madinah",99.4883153646219,0.00279062087545068
2022-07-01,"Madinah",99.4878591606025,-4.58551402449103e-06
2022-08-01,"Madinah",99.410361806201,-0.000779266480580354
2022-09-01,"Madinah",99.6112409017043,0.0020186669284703
2022-10-01,"Madinah",99.7930064142872,0.00182308617166527
2022-11-01,"Madinah",99.7645119029591,-0.00028557692801634
2022-12-01,"Madinah",99.5039695799826,-0.00261498927985926
2023-01-01,"Madinah",99.613396035506,0.00109911524995621
2023-02-01,"Madinah",99.7417844947602,0.00128803752842366
2023-03-01,"Madinah",99.9627477234662,0.00221290239557259
2023-04-01,"Madinah",99.971968071772,9.22335901067939e-05
2023-05-01,"Madinah",99.6779893985505,-0.00294494313359106
2023-06-01,"Madinah",99.4902042917062,-0.0018856942869192
2023-07-01,"Madinah",99.3931176704886,-0.000976317450569475
2023-08-01,"Madinah",100.232019037708,0.00840481634172274
2023-09-01,"Madinah",100.180154478837,-0.00051757893863158
2023-10-01,"Madinah",100.55800993343,0.00376466430255995
2023-11-01,"Madinah",100.585015702935,0.000268523053004621
2023-12-01,"Madinah",100.603862156678,0.000187350851584611
2024-01-01,"Madinah",100.749652498991,0.00144810353113733
2024-02-01,"Madinah",101.800943435723,0.0103806199356464
2024-03-01,"Madinah",101.793457837194,-7.35344241844516e-05
2024-04-01,"Madinah",102.496300799766,0.0068808709780539
2024-05-01,"Madinah",102.186652922168,-0.00302563655829058
2024-06-01,"Madinah",102.350154097301,0.00159874608723154
2024-07-01,"Madinah",102.84068116533,0.00478118822261298
2024-08-01,"Madinah",102.812113381731,-0.000277825388618425
2024-09-01,"Madinah",102.962572923146,0.00146237198491583
2024-10-01,"Madinah",103.62159272552,0.00638017958294324
2024-11-01,"Madinah",103.789405150222,0.00161816357896249
2024-12-01,"Madinah",103.907900290743,0.00114103698289014
2025-01-01,"Madinah",104.322080046479,0.00397810441393265
2025-02-01,"Madinah",104.913691164393,0.00565498615344051
2025-03-01,"Madinah",105.887963649604,0.00924356521930392
2025-04-01,"Madinah",106.055211759126,0.00157823571261506
2025-05-01,"Madinah",106.118957463074,0.000600880928151248
2025-06-01,"Madinah",106.118957463074,0
2025-07-01,"Madinah",106.118957463074,0
2025-08-01,"Madinah",106.203914563838,0.000800263339384877
2025-09-01,"Madinah",105.920556845783,-0.00267161902360336
2025-10-01,"Madinah",106.187691847455,0.00251885671167695
2025-11-01,"Madinah",106.345973715448,0.00148947600218285
2025-12-01,"Madinah",106.502466792255,0.00147046513126448
2026-01-01,"Madinah",106.195452276482,-0.00288686161423701
2026-02-01,"Madinah",106.017428203562,-0.00167778802378393
2013-02-01,"Makkah",83.6051457204103,-0.000489453313849531
2013-03-01,"Makkah",83.4547907289403,-0.00180001304037436
2013-04-01,"Makkah",83.6086763366303,0.00184224180085657
2013-05-01,"Makkah",83.5228795686502,-0.0010266975024793
2013-06-01,"Makkah",83.4832706430406,-0.000474340930582962
2013-07-01,"Makkah",83.6127140738185,0.00154933054663786
2013-08-01,"Makkah",83.8945635792777,0.00336522419082108
2013-09-01,"Makkah",83.900787781583,7.41880184120802e-05
2013-10-01,"Makkah",84.1636044758195,0.00312757396066665
2013-11-01,"Makkah",84.4647380124438,0.00357156872075315
2013-12-01,"Makkah",84.4328917945836,-0.000377106751279221
2014-01-01,"Makkah",84.8354253385056,0.00475616830784809
2014-02-01,"Makkah",85.081893224008,0.00290103516750051
2014-03-01,"Makkah",85.2819582442005,0.0023486803149444
2014-04-01,"Makkah",85.7739404828729,0.00575231370490492
2014-05-01,"Makkah",86.0165416032314,0.00282438559674247
2014-06-01,"Makkah",85.9967251114131,-0.000230406552756079
2014-07-01,"Makkah",86.3543076701042,0.00414947408199939
2014-08-01,"Makkah",86.4711560911447,0.00135221322485801
2014-09-01,"Makkah",86.6817685901433,0.00243267739487418
2014-10-01,"Makkah",86.7841299331705,0.00118018994833857
2014-11-01,"Makkah",86.7555459032304,-0.000329423574878085
2014-12-01,"Makkah",86.7240027163624,-0.000363653093019778
2015-01-01,"Makkah",87.2215250684666,0.00572045415787326
2015-02-01,"Makkah",87.1878571560004,-0.000386079148437801
2015-03-01,"Makkah",87.2705880099133,0.000948430556465318
2015-04-01,"Makkah",87.2766196553696,6.91119100606485e-05
2015-05-01,"Makkah",87.6126090886717,0.00384231606573948
2015-06-01,"Makkah",87.9289406145392,0.00360406831103965
2015-07-01,"Makkah",88.061027064801,0.00150106823479756
2015-08-01,"Makkah",88.0675263050654,7.38010974714598e-05
2015-09-01,"Makkah",87.9652004044122,-0.0011625782783824
2015-10-01,"Makkah",88.2065259799473,0.00273966466052489
2015-11-01,"Makkah",88.5962983103342,0.00440912596724896
2015-12-01,"Makkah",88.6302052310286,0.000382639395694717
2016-01-01,"Makkah",90.705910977499,0.0231498093016871
2016-02-01,"Makkah",91.0698981759491,0.00400479785100405
2016-03-01,"Makkah",90.9658078942875,-0.00114362500910925
2016-04-01,"Makkah",90.9598377536845,-6.56327543469004e-05
2016-05-01,"Makkah",90.950056516459,-0.000107539364741172
2016-06-01,"Makkah",90.8876924445109,-0.000685930998922224
2016-07-01,"Makkah",91.1441608294822,0.00281784259249296
2016-08-01,"Makkah",90.8480101572354,-0.00325454586365037
2016-09-01,"Makkah",90.8231500402262,-0.000273682593729951
2016-10-01,"Makkah",90.8224809744403,-7.36671487366891e-06
2016-11-01,"Makkah",90.4081043161406,-0.00457292989199054
2016-12-01,"Makkah",90.252598104879,-0.00172152823035976
2017-01-01,"Makkah",89.9482874923396,-0.00337746288881835
2017-02-01,"Makkah",90.2096346008312,0.00290131334533417
2017-03-01,"Makkah",90.1702298313448,-0.00043690874518898
2017-04-01,"Makkah",90.2584806151501,0.000978234457526206
2017-05-01,"Makkah",90.2961744038051,0.000417533285958172
2017-06-01,"Makkah",90.4531700702171,0.00173716487160558
2017-07-01,"Makkah",90.4318791167775,-0.000235408660180347
2017-08-01,"Makkah",90.0012812601749,-0.00477294387746241
2017-09-01,"Makkah",89.9209421825458,-0.00089304235387111
2017-10-01,"Makkah",89.5174987454755,-0.00449674122009291
2017-11-01,"Makkah",88.7345038623987,-0.00878531413606343
2017-12-01,"Makkah",88.862107388988,0.00143700431723826
2018-01-01,"Makkah",90.1231357072257,0.0140910966967436
2018-02-01,"Makkah",90.3392871231882,0.00239552939541454
2018-03-01,"Makkah",90.11330332553,-0.00250463476565166
2018-04-01,"Makkah",89.8483484206524,-0.00294457284369098
2018-05-01,"Makkah",90.0683874267899,0.00244601053713289
2018-06-01,"Makkah",90.2384166070593,0.00188599905122722
2018-07-01,"Makkah",90.1946803286391,-0.000484792202978035
2018-08-01,"Makkah",90.0636945500345,-0.00145331168937446
2018-09-01,"Makkah",89.9705268496274,-0.00103499999055412
2018-10-01,"Makkah",89.6084505971851,-0.00403250701431723
2018-11-01,"Makkah",89.4397287769653,-0.00188465328996923
2018-12-01,"Makkah",89.0886483603183,-0.00393305394745536
2019-01-01,"Makkah",88.8029116731076,-0.00321248442468924
2019-02-01,"Makkah",88.5080676883803,-0.00332573039242945
2019-03-01,"Makkah",88.3990954272652,-0.00123197131171704
2019-04-01,"Makkah",88.354697219435,-0.00050237347780957
2019-05-01,"Makkah",88.5530986962737,0.002242993973125
2019-06-01,"Makkah",88.4543865973904,-0.00111534389579759
2019-07-01,"Makkah",89.1897195705693,0.00827876802547145
2019-08-01,"Makkah",89.2684009439583,0.000881790957569351
2019-09-01,"Makkah",89.306001759205,0.000421122123139384
2019-10-01,"Makkah",88.9976363844198,-0.00345888267264272
2019-11-01,"Makkah",88.8588819423967,-0.00156029670971325
2019-12-01,"Makkah",89.1371516891051,0.00312669858685943
2020-01-01,"Makkah",89.1201948067399,-0.000190251709112133
2020-02-01,"Makkah",89.3952546625956,0.00308163886485779
2020-03-01,"Makkah",89.4245043282359,0.000327141318903656
2020-04-01,"Makkah",89.122182597207,-0.00338647583059792
2020-05-01,"Makkah",89.0059885211896,-0.00130461219882516
2020-06-01,"Makkah",88.6922848294885,-0.00353074919273677
2020-07-01,"Makkah",93.8051026698298,0.056046348967028
2020-08-01,"Makkah",93.8555230748613,0.000537357328365573
2020-09-01,"Makkah",93.4689258668135,-0.0041275739402824
2020-10-01,"Makkah",93.7237406316685,0.00272248830053812
2020-11-01,"Makkah",93.6421416275279,-0.000871012463053766
2020-12-01,"Makkah",93.6036976850216,-0.000410625338193249
2021-01-01,"Makkah",93.3368866026058,-0.00285450336641979
2021-02-01,"Makkah",93.0141674467406,-0.00346356483069599
2021-03-01,"Makkah",93.0712582504253,0.000613597816831124
2021-04-01,"Makkah",93.1982971819395,0.00136403343978042
2021-05-01,"Makkah",93.2660207848415,0.000726397485785846
2021-06-01,"Makkah",93.2200436050391,-0.000493089721040896
2021-07-01,"Makkah",93.5632285343011,0.00367469004595566
2021-08-01,"Makkah",93.6338067491176,0.000754052734369459
2021-09-01,"Makkah",93.7165681016146,0.000883492845384914
2021-10-01,"Makkah",93.6870625734593,-0.000314887478890746
2021-11-01,"Makkah",93.6892620818394,2.34769081339792e-05
2021-12-01,"Makkah",93.5184756998997,-0.00182456592171842
2022-01-01,"Makkah",93.6050496707606,0.000925313659696059
2022-02-01,"Makkah",93.9114526438342,0.0032680136626686
2022-03-01,"Makkah",94.1825981328392,0.00288308615507038
2022-04-01,"Makkah",94.9680730752474,0.00830533090325503
2022-05-01,"Makkah",94.9844005679321,0.000171911346156683
2022-06-01,"Makkah",95.3272350127553,0.00360287813859195
2022-07-01,"Makkah",96.1085382692906,0.0081626080768773
2022-08-01,"Makkah",96.5463895072029,0.00454545333297407
2022-09-01,"Makkah",97.0602264593413,0.00530806404566508
2022-10-01,"Makkah",97.9434127664939,0.0090582139854245
2022-11-01,"Makkah",98.3887366675956,0.00453644159746247
2022-12-01,"Makkah",98.7808656189421,0.00397758542690507
2023-01-01,"Makkah",98.8680431425799,0.000882145313498839
2023-02-01,"Makkah",99.5321715752486,0.00669486083163129
2023-03-01,"Makkah",99.9663645917625,0.00435285100754967
2023-04-01,"Makkah",101.05414625974,0.0108226994457343
2023-05-01,"Makkah",99.9783436792754,-0.010702875444081
2023-06-01,"Makkah",100.499118007713,0.00519535209031563
2023-07-01,"Makkah",100.180622352928,-0.00317417116073404
2023-08-01,"Makkah",100.138084879649,-0.000424697967614129
2023-09-01,"Makkah",100.035471259394,-0.00102524660322345
2023-10-01,"Makkah",99.9663441387957,-0.00069126495890437
2023-11-01,"Makkah",100.015347560835,0.000490079092777762
2023-12-01,"Makkah",99.7807744948301,-0.00234812539274287
2024-01-01,"Makkah",99.9268746271623,0.00146314033577077
2024-02-01,"Makkah",99.7635337574451,-0.00163594143021317
2024-03-01,"Makkah",99.467336299065,-0.00297341146503971
2024-04-01,"Makkah",99.7514964618804,0.0028527459135157
2024-05-01,"Makkah",99.5816282340154,-0.00170436568678145
2024-06-01,"Makkah",100.177123246802,0.00596215957892632
2024-07-01,"Makkah",99.8154758093526,-0.00361661214813225
2024-08-01,"Makkah",99.8221930091567,6.72939114787496e-05
2024-09-01,"Makkah",99.9525065378447,0.00130460511232133
2024-10-01,"Makkah",100.135156950275,0.00182570439356766
2024-11-01,"Makkah",100.518070414125,0.00381667350886339
2024-12-01,"Makkah",100.44320066466,-0.000745116235850496
2025-01-01,"Makkah",100.757792871695,0.0031271462220257
2025-02-01,"Makkah",100.605277709151,-0.00151482783083079
2025-03-01,"Makkah",101.045644408589,0.00436762098435661
2025-04-01,"Makkah",101.449751241993,0.00399127465161886
2025-05-01,"Makkah",101.618480238946,0.00166179647650644
2025-06-01,"Makkah",101.673391540766,0.000540221334722091
2025-07-01,"Makkah",101.653251308255,-0.000198107166819561
2025-08-01,"Makkah",101.784990421409,0.00129512652536068
2025-09-01,"Makkah",101.514390749585,-0.00266208219690434
2025-10-01,"Makkah",101.818829524274,0.00299448365367017
2025-11-01,"Makkah",101.907964410676,0.000875043388922414
2025-12-01,"Makkah",102.067005515257,0.00155941816653549
2026-01-01,"Makkah",102.153563511542,0.000847691316116617
2026-02-01,"Makkah",102.087334355152,-0.000648539635333734
2013-02-01,"Najran",88.368053798391,0.000312837541353694
2013-03-01,"Najran",88.363445754242,-5.21474005674705e-05
2013-04-01,"Najran",88.4357932611754,0.000818414280225888
2013-05-01,"Najran",88.3793305625833,-0.000638663699012554
2013-06-01,"Najran",88.4100345313756,0.000347350861118478
2013-07-01,"Najran",87.9224078825816,-0.0055307790800132
2013-08-01,"Najran",88.0000882705863,0.000883120632686918
2013-09-01,"Najran",88.1058808471824,0.00120146511617047
2013-10-01,"Najran",88.0763729085835,-0.000334970614187746
2013-11-01,"Najran",88.1279540952317,0.000585470164083723
2013-12-01,"Najran",88.2690305166194,0.00159953359494036
2014-01-01,"Najran",88.2537518957493,-0.000173106504434806
2014-02-01,"Najran",88.4334983528473,0.0020346291976745
2014-03-01,"Najran",88.4502835490859,0.000189787849496525
2014-04-01,"Najran",88.6314248996088,0.0020458512094832
2014-05-01,"Najran",88.5116690157022,-0.00135208095900019
2014-06-01,"Najran",88.5013221991828,-0.000116904600731438
2014-07-01,"Najran",88.5668976592221,0.00074068020890028
2014-08-01,"Najran",88.7154196541483,0.00167554251235291
2014-09-01,"Najran",88.9119470026729,0.00221280574513916
2014-10-01,"Najran",88.9560074912777,0.000495429203438036
2014-11-01,"Najran",88.9012173412588,-0.000616113872277779
2014-12-01,"Najran",88.9191911397761,0.000202156757281635
2015-01-01,"Najran",88.7634927239246,-0.00175254506873745
2015-02-01,"Najran",88.7926471769976,0.000328397016867932
2015-03-01,"Najran",88.6701643525176,-0.00138037758866805
2015-04-01,"Najran",88.6147367039788,-0.000625294653007202
2015-05-01,"Najran",88.6673858519363,0.000593958925426463
2015-06-01,"Najran",88.8221969103472,0.0017444527758812
2015-07-01,"Najran",89.3598130829586,0.00603447905957388
2015-08-01,"Najran",89.4509543786135,0.00101941627835611
2015-09-01,"Najran",89.4726763156905,0.00024280680086175
2015-10-01,"Najran",89.4618121001199,-0.000121432326212201
2015-11-01,"Najran",89.4506886347334,-0.000124345312430663
2015-12-01,"Najran",89.4724516958206,0.000243267149842019
2016-01-01,"Najran",91.1767366736709,0.0188690085905776
2016-02-01,"Najran",91.0317019852216,-0.00159196489633029
2016-03-01,"Najran",91.1553696465432,0.00135759007714231
2016-04-01,"Najran",91.1008003290372,-0.000598819992145394
2016-05-01,"Najran",91.2297125357798,0.00141404997109351
2016-06-01,"Najran",91.1002069078617,-0.00142056388871126
2016-07-01,"Najran",90.9201540871354,-0.00197838174223186
2016-08-01,"Najran",91.0639547695531,0.001580365596209
2016-09-01,"Najran",91.0352691709004,-0.000315054597919584
2016-10-01,"Najran",91.0385139001522,3.56419161224864e-05
2016-11-01,"Najran",90.8681692211884,-0.00187288037837607
2016-12-01,"Najran",90.7173758849858,-0.0016608521430177
2017-01-01,"Najran",90.4768837036644,-0.00265452474141714
2017-02-01,"Najran",90.5492358906568,0.000799356369203252
2017-03-01,"Najran",90.5328400852384,-0.000181087005710623
2017-04-01,"Najran",90.5693535914011,0.000403236492238612
2017-05-01,"Najran",90.4900982465129,-0.000875462166108676
2017-06-01,"Najran",90.4956830594338,6.17154881714654e-05
2017-07-01,"Najran",90.0999774320057,-0.00438223443034325
2017-08-01,"Najran",89.3833961961693,-0.00798497408167265
2017-09-01,"Najran",89.1456782404457,-0.00266307431396662
2017-10-01,"Najran",89.143425529246,-2.52703182885838e-05
2017-11-01,"Najran",89.349132613718,0.00230493839837997
2017-12-01,"Najran",89.0069939341616,-0.0038365836470069
2018-01-01,"Najran",90.2522606122069,0.0138936950594664
2018-02-01,"Najran",90.3651669161737,0.00125022618490966
2018-03-01,"Najran",90.3936083420671,0.000314689298900994
2018-04-01,"Najran",90.3211770386556,-0.000801609089566391
2018-05-01,"Najran",89.8233935512527,-0.00552650299394397
2018-06-01,"Najran",89.8755516153688,0.000580504972162998
2018-07-01,"Najran",89.1615847514708,-0.00797567100413676
2018-08-01,"Najran",88.8094478381862,-0.00395724368952255
2018-09-01,"Najran",88.7451213008287,-0.000724583326510597
2018-10-01,"Najran",88.5318361351923,-0.00240623791868799
2018-11-01,"Najran",88.2223052694212,-0.00350239241607397
2018-12-01,"Najran",88.1321027640335,-0.00102296862618534
2019-01-01,"Najran",86.921349461047,-0.0138331760349457
2019-02-01,"Najran",86.8696999323474,-0.000594386539474634
2019-03-01,"Najran",86.3495253033457,-0.0060059868289164
2019-04-01,"Najran",86.2941935489979,-0.000640993563045811
2019-05-01,"Najran",86.139032742618,-0.001799662995289
2019-06-01,"Najran",86.4572308763993,0.00368720026277458
2019-07-01,"Najran",86.2559216503843,-0.00233114055568961
2019-08-01,"Najran",86.1547282880137,-0.00117386453826107
2019-09-01,"Najran",86.1360949871014,-0.000216300562395411
2019-10-01,"Najran",85.9930388372533,-0.00166219604557494
2019-11-01,"Najran",85.806198150962,-0.00217510581804703
2019-12-01,"Najran",86.1277742589018,0.0037406974132228
2020-01-01,"Najran",85.6274681714186,-0.00582581929311221
2020-02-01,"Najran",85.6790161750133,0.000601821995789287
2020-03-01,"Najran",85.6521146631532,-0.000314029469712374
2020-04-01,"Najran",85.3802673345411,-0.00317890161341783
2020-05-01,"Najran",84.623910706,-0.0088981533014616
2020-06-01,"Najran",84.5466722475478,-0.000913142964583002
2020-07-01,"Najran",88.6225340025664,0.0470824432151478
2020-08-01,"Najran",89.6689797702332,0.0117387279067085
2020-09-01,"Najran",90.0218629713471,0.00392767543832306
2020-10-01,"Najran",90.7562103986134,0.00812434221457714
2020-11-01,"Najran",91.6118334653142,0.00938354469085834
2020-12-01,"Najran",92.1620935076709,0.0059884630628213
2021-01-01,"Najran",93.5599455923395,0.0150534474872384
2021-02-01,"Najran",94.3788570692851,0.0087147161534995
2021-03-01,"Najran",95.4768530501132,0.0115667653277951
2021-04-01,"Najran",96.5283356626225,0.0109527573823662
2021-05-01,"Najran",97.5584849428448,0.0106154446834701
2021-06-01,"Najran",97.3681311405856,-0.00195308230956925
2021-07-01,"Najran",97.9135732140699,0.00558622215739746
2021-08-01,"Najran",98.4546443670049,0.00551079526930653
2021-09-01,"Najran",98.8434385737294,0.00394119095523493
2021-10-01,"Najran",98.8274490970666,-0.000161778771634147
2021-11-01,"Najran",98.791863256538,-0.000360145377387155
2021-12-01,"Najran",98.062068421639,-0.00741461622981365
2022-01-01,"Najran",96.7433932201521,-0.0135385869815261
2022-02-01,"Najran",96.9461538748353,0.00209366722975002
2022-03-01,"Najran",97.0071775204263,0.000629261144066362
2022-04-01,"Najran",97.9896600463752,0.0100769925513386
2022-05-01,"Najran",98.0881461126509,0.00100456116362313
2022-06-01,"Najran",98.103494750922,0.000156465772291448
2022-07-01,"Najran",98.4330024171328,0.00335314793635177
2022-08-01,"Najran",98.5753215016101,0.00144480300530958
2022-09-01,"Najran",98.6839596361996,0.00110147563092244
2022-10-01,"Najran",98.8371179713078,0.00155080528780793
2022-11-01,"Najran",98.953803280148,0.00117988552395243
2022-12-01,"Najran",98.9540323799117,2.31521670635004e-06
2023-01-01,"Najran",99.2467016380794,0.00295326323924883
2023-02-01,"Najran",99.16683475424,-0.000805054832500041
2023-03-01,"Najran",99.2380134959893,0.00071751013577348
2023-04-01,"Najran",99.3087134415957,0.000712174405340882
2023-05-01,"Najran",99.4189357805186,0.0011092804716073
2023-06-01,"Najran",99.9391088817758,0.0052184930145458
2023-07-01,"Najran",100.926394006867,0.00983038960432037
2023-08-01,"Najran",100.584315287705,-0.00339514509134364
2023-09-01,"Najran",100.569505756277,-0.000147245837816001
2023-10-01,"Najran",100.760268150784,0.00189502474365888
2023-11-01,"Najran",100.513605108764,-0.00245102020953958
2023-12-01,"Najran",100.353370815402,-0.00159542728826345
2024-01-01,"Najran",100.970163860416,0.00612740061214634
2024-02-01,"Najran",101.136014131578,0.00164121958108954
2024-03-01,"Najran",100.827897060401,-0.00305121155956201
2024-04-01,"Najran",101.08567748047,0.00255337523205146
2024-05-01,"Najran",101.247924937591,0.00160376220220204
2024-06-01,"Najran",101.519150446749,0.00267524370419281
2024-07-01,"Najran",101.68564441235,0.00163868183300853
2024-08-01,"Najran",101.394275860326,-0.00286949838822714
2024-09-01,"Najran",101.681848198909,0.00283216485578563
2024-10-01,"Najran",102.093084393297,0.00403618587857668
2024-11-01,"Najran",103.734144496828,0.0159463340886266
2024-12-01,"Najran",103.578565800217,-0.00150090870544695
2025-01-01,"Najran",104.266968694513,0.0066242020857521
2025-02-01,"Najran",105.052868498089,0.00750911625939921
2025-03-01,"Najran",105.426720798617,0.00355238904568811
2025-04-01,"Najran",105.308348546871,-0.00112342254721209
2025-05-01,"Najran",105.468863318082,0.00152307548639019
2025-06-01,"Najran",105.435357988312,-0.000317730293346585
2025-07-01,"Najran",106.005348331913,0.0053915041643755
2025-08-01,"Najran",106.080280946363,0.000706626071958816
2025-09-01,"Najran",106.49180657809,0.00387187377827214
2025-10-01,"Najran",106.848811499725,0.00334680998011461
2025-11-01,"Najran",106.689143248343,-0.00149545575002819
2025-12-01,"Najran",106.694690727554,5.1995309193309e-05
2026-01-01,"Najran",106.906398111592,0.00198226942111557
2026-02-01,"Najran",107.21542440152,0.00288645501760243
2013-02-01,"Northern Borders",99.2721683604181,0.0017446355820887
2013-03-01,"Northern Borders",99.4535902025744,0.00182585180571593
2013-04-01,"Northern Borders",99.5192488754168,0.000659976261382589
2013-05-01,"Northern Borders",99.5334779358232,0.000142967751897594
2013-06-01,"Northern Borders",99.3651439224795,-0.00169266183910377
2013-07-01,"Northern Borders",100.960616117425,0.0159291139621986
2013-08-01,"Northern Borders",102.655689611736,0.0166500678592998
2013-09-01,"Northern Borders",101.939591821169,-0.00700016842769724
2013-10-01,"Northern Borders",100.163765858885,-0.0175738957189315
2013-11-01,"Northern Borders",100.821823116675,0.00654832630172208
2013-12-01,"Northern Borders",100.226652898642,-0.00592068110579547
2014-01-01,"Northern Borders",100.841244414926,0.006113292460455
2014-02-01,"Northern Borders",101.889270658726,0.0103391991036554
2014-03-01,"Northern Borders",102.819652262019,0.00908986277805113
2014-04-01,"Northern Borders",105.008129057798,0.0210612621444239
2014-05-01,"Northern Borders",105.168638535864,0.00152737632334699
2014-06-01,"Northern Borders",105.330288430453,0.00153587411294787
2014-07-01,"Northern Borders",105.941262452319,0.00578379552305019
2014-08-01,"Northern Borders",106.97648127987,0.00972419646118716
2014-09-01,"Northern Borders",107.006197135484,0.000277740759439205
2014-10-01,"Northern Borders",106.868744046251,-0.00128535963491494
2014-11-01,"Northern Borders",106.756042862463,-0.00105513218643516
2014-12-01,"Northern Borders",105.551496879418,-0.0113473022143955
2015-01-01,"Northern Borders",107.204147222839,0.0155359787655192
2015-02-01,"Northern Borders",107.089854324798,-0.0010666925630467
2015-03-01,"Northern Borders",107.083036444879,-6.36670672635731e-05
2015-04-01,"Northern Borders",107.015875480658,-0.000627382603862081
2015-05-01,"Northern Borders",105.928484120894,-0.0102130041248296
2015-06-01,"Northern Borders",100.723800778696,-0.0503820631983638
2015-07-01,"Northern Borders",100.491613391812,-0.00230784993184496
2015-08-01,"Northern Borders",100.363742894805,-0.00127325968942316
2015-09-01,"Northern Borders",101.039513201303,0.00671064465965365
2015-10-01,"Northern Borders",101.070340878982,0.000305058633171207
2015-11-01,"Northern Borders",100.53700067017,-0.00529089316774911
2015-12-01,"Northern Borders",100.537157456288,1.55948550961682e-06
2016-01-01,"Northern Borders",102.436605582336,0.0187167400153925
2016-02-01,"Northern Borders",102.272700737634,-0.00160134273007539
2016-03-01,"Northern Borders",107.012385106903,0.0453017940403209
2016-04-01,"Northern Borders",107.03733279586,0.000233101816852432
2016-05-01,"Northern Borders",106.91469812342,-0.00114637552486307
2016-06-01,"Northern Borders",106.837965618642,-0.000717956040693579
2016-07-01,"Northern Borders",102.403989367023,-0.0423876761686151
2016-08-01,"Northern Borders",102.436626664434,0.000318660413344496
2016-09-01,"Northern Borders",102.163482146634,-0.00267003455335146
2016-10-01,"Northern Borders",102.223043173989,0.000582827355644966
2016-11-01,"Northern Borders",102.2358167798,0.000124950377112576
2016-12-01,"Northern Borders",101.879802225353,-0.00348836524320273
2017-01-01,"Northern Borders",104.478336404997,0.0251860339261372
2017-02-01,"Northern Borders",104.146369472343,-0.00318243432804266
2017-03-01,"Northern Borders",104.173011950303,0.00025578491951439
2017-04-01,"Northern Borders",104.167616836346,-5.17912803630338e-05
2017-05-01,"Northern Borders",103.913296767716,-0.00244443558864482
2017-06-01,"Northern Borders",103.492608377807,-0.00405667299143264
2017-07-01,"Northern Borders",103.279443604679,-0.0020618342430776
2017-08-01,"Northern Borders",102.999929112404,-0.00271005927219914
2017-09-01,"Northern Borders",102.680104072694,-0.00310993043444618
2017-10-01,"Northern Borders",101.194665576822,-0.0145723257932922
2017-11-01,"Northern Borders",98.6040788155867,-0.0259334157215472
2017-12-01,"Northern Borders",98.3879460031843,-0.00219433146419146
2018-01-01,"Northern Borders",94.3890586113773,-0.0414931346933249
2018-02-01,"Northern Borders",94.3789930856204,-0.000106644378388587
2018-03-01,"Northern Borders",94.0621192634329,-0.00336311027784131
2018-04-01,"Northern Borders",93.7960735886948,-0.00283241149680791
2018-05-01,"Northern Borders",93.7926222765996,-3.67965892573707e-05
2018-06-01,"Northern Borders",93.2658747211697,-0.00563191681945785
2018-07-01,"Northern Borders",93.2870846676183,0.000227387939697898
2018-08-01,"Northern Borders",93.1960734024788,-0.000976080342129926
2018-09-01,"Northern Borders",92.8578208210372,-0.00363607497197727
2018-10-01,"Northern Borders",92.3301435336541,-0.00569884460178827
2018-11-01,"Northern Borders",91.3606818125312,-0.0105554615539551
2018-12-01,"Northern Borders",91.3956225936348,0.000382375662966616
2019-01-01,"Northern Borders",89.4683798384234,-0.0213123195028757
2019-02-01,"Northern Borders",89.4128256434381,-0.000621129499007722
2019-03-01,"Northern Borders",89.3691630430673,-0.000488445190252484
2019-04-01,"Northern Borders",89.4948986894471,0.00140593550066104
2019-05-01,"Northern Borders",90.2928239951634,0.0088763629999562
2019-06-01,"Northern Borders",90.5458743624445,0.00279863253544832
2019-07-01,"Northern Borders",90.6193495197365,0.000811139795443339
2019-08-01,"Northern Borders",90.7262379545416,0.00117883703344468
2019-09-01,"Northern Borders",91.1407230489621,0.00455812105465725
2019-10-01,"Northern Borders",90.9257369793525,-0.00236162299740084
2019-11-01,"Northern Borders",90.392368642057,-0.00588325003624757
2019-12-01,"Northern Borders",90.558865540162,0.00184024105548808
2020-01-01,"Northern Borders",91.2093169465363,0.00715696414996891
2020-02-01,"Northern Borders",91.0232526531788,-0.00204205382630906
2020-03-01,"Northern Borders",91.1982576460964,0.00192079460252703
2020-04-01,"Northern Borders",91.4385687582702,0.00263157497409683
2020-05-01,"Northern Borders",90.8296338193741,-0.00668177110245782
2020-06-01,"Northern Borders",90.7148042333832,-0.00126503023211377
2020-07-01,"Northern Borders",94.8301231934891,0.0443665482134667
2020-08-01,"Northern Borders",96.0603023978799,0.0128890302490685
2020-09-01,"Northern Borders",95.9520196888468,-0.00112787262124847
2020-10-01,"Northern Borders",96.5520936523191,0.00623442166191879
2020-11-01,"Northern Borders",96.4975367312505,-0.000565211364690121
2020-12-01,"Northern Borders",96.7949314590639,0.00307715003345166
2021-01-01,"Northern Borders",96.9648448500965,0.00175385663447702
2021-02-01,"Northern Borders",96.4137968351358,-0.00569917651390206
2021-03-01,"Northern Borders",96.5165759679668,0.00106545321050877
2021-04-01,"Northern Borders",96.9891730750957,0.00488458920848789
2021-05-01,"Northern Borders",97.5823129619488,0.00609690285348119
2021-06-01,"Northern Borders",97.8602420546973,0.00284410199273388
2021-07-01,"Northern Borders",97.8209154411727,-0.000401945844529017
2021-08-01,"Northern Borders",98.283198321381,0.00471467658323999
2021-09-01,"Northern Borders",98.172623298466,-0.00112569873144963
2021-10-01,"Northern Borders",98.6340643957797,0.00468929128668716
2021-11-01,"Northern Borders",98.8138538830918,0.00182113378119197
2021-12-01,"Northern Borders",99.2271812622062,0.00417416500525114
2022-01-01,"Northern Borders",98.8394653200152,-0.00391500986260063
2022-02-01,"Northern Borders",98.907479281449,0.000687888900158029
2022-03-01,"Northern Borders",99.2399204914712,0.00335549719376704
2022-04-01,"Northern Borders",99.8508460981685,0.00613717586907914
2022-05-01,"Northern Borders",100.173325244929,0.00322440457061379
2022-06-01,"Northern Borders",100.263823035377,0.00090300423223777
2022-07-01,"Northern Borders",99.875138746601,-0.00388414903301104
2022-08-01,"Northern Borders",99.8827010660353,7.57148700145649e-05
2022-09-01,"Northern Borders",99.3416772570972,-0.00543131461592239
2022-10-01,"Northern Borders",99.0038709720831,-0.00340624344379048
2022-11-01,"Northern Borders",99.227044916594,0.0022516572432778
2022-12-01,"Northern Borders",99.6296006057823,0.00404870793251977
2023-01-01,"Northern Borders",100.047982059324,0.00419057623015373
2023-02-01,"Northern Borders",100.056854484714,8.86777706030628e-05
2023-03-01,"Northern Borders",100.106863213864,0.000499678271022042
2023-04-01,"Northern Borders",99.9233128445364,-0.00183522730881691
2023-05-01,"Northern Borders",99.7996655824692,-0.001238187802306
2023-06-01,"Northern Borders",99.8118767607949,0.000122349421256551
2023-07-01,"Northern Borders",99.8928861030982,0.000811291083747001
2023-08-01,"Northern Borders",99.6920045101304,-0.00201299467293392
2023-09-01,"Northern Borders",99.9853159790616,0.00293785672981617
2023-10-01,"Northern Borders",100.162722524663,0.00177275374156416
2023-11-01,"Northern Borders",100.264336789084,0.00101397758840704
2023-12-01,"Northern Borders",100.258018471017,-6.30185902306124e-05
2024-01-01,"Northern Borders",100.966152648748,0.00703829064924388
2024-02-01,"Northern Borders",101.26791027496,0.00298424356210436
2024-03-01,"Northern Borders",100.976822325887,-0.0028785733633736
2024-04-01,"Northern Borders",101.097671060311,0.00119608117586978
2024-05-01,"Northern Borders",100.960574639205,-0.00135699923226973
2024-06-01,"Northern Borders",100.872192056201,-0.00087580019934741
2024-07-01,"Northern Borders",101.260096559359,0.00383812979121334
2024-08-01,"Northern Borders",101.264165277441,4.01800559171051e-05
2024-09-01,"Northern Borders",101.192835046234,-0.000704645767194201
2024-10-01,"Northern Borders",101.081182546982,-0.00110397283764119
2024-11-01,"Northern Borders",101.396903073897,0.00311856744224137
2024-12-01,"Northern Borders",101.426230076843,0.000289187951046266
2025-01-01,"Northern Borders",101.424096692215,-2.10340763260319e-05
2025-02-01,"Northern Borders",101.43821483693,0.000139189429829045
2025-03-01,"Northern Borders",101.877643924867,0.00432263154331292
2025-04-01,"Northern Borders",101.902392880324,0.000242898725181462
2025-05-01,"Northern Borders",102.214487529023,0.00305800178096494
2025-06-01,"Northern Borders",102.433601002187,0.0021413692008041
2025-07-01,"Northern Borders",102.416757529763,-0.000164446599778323
2025-08-01,"Northern Borders",102.441223499448,0.000238857863173791
2025-09-01,"Northern Borders",102.43961977579,-1.56551840806429e-05
2025-10-01,"Northern Borders",102.768842408339,0.00320866801988107
2025-11-01,"Northern Borders",103.048350547554,0.00271608320987049
2025-12-01,"Northern Borders",103.301251870218,0.00245119395751203
2026-01-01,"Northern Borders",103.453146643914,0.00146932594532423
2026-02-01,"Northern Borders",103.90536455886,0.00436170793528134
2013-02-01,"Riyadh",79.7328536884401,-0.00472168882112101
2013-03-01,"Riyadh",79.7990586024554,0.000829989647402662
2013-04-01,"Riyadh",79.6102673868654,-0.00236863562009404
2013-05-01,"Riyadh",79.7083848513787,0.00123171361971153
2013-06-01,"Riyadh",79.632169123759,-0.000956639493597145
2013-07-01,"Riyadh",80.1511825297786,0.00649648697479677
2013-08-01,"Riyadh",79.8848255891154,-0.00332871570264714
2013-09-01,"Riyadh",79.9152553944078,0.000380848438536141
2013-10-01,"Riyadh",79.832817649743,-0.00103209698135043
2013-11-01,"Riyadh",79.9308953726147,0.00122778487476261
2013-12-01,"Riyadh",80.1687833475143,0.00297175049785192
2014-01-01,"Riyadh",80.3141807729907,0.00181199875084115
2014-02-01,"Riyadh",80.4782464278918,0.00204071441292353
2014-03-01,"Riyadh",80.4360011734269,-0.000525065444050732
2014-04-01,"Riyadh",80.5380794860446,0.00126825791931306
2014-05-01,"Riyadh",80.4649917469403,-0.000907904968086015
2014-06-01,"Riyadh",80.2772618022143,-0.00233578945092727
2014-07-01,"Riyadh",80.56144468795,0.00353376606496081
2014-08-01,"Riyadh",80.2886566284752,-0.00339183275319144
2014-09-01,"Riyadh",80.1939914986533,-0.00117975546772708
2014-10-01,"Riyadh",80.3256768758773,0.0016407385848618
2014-11-01,"Riyadh",80.440984794864,0.00143447574964828
2014-12-01,"Riyadh",80.4509015146537,0.000123271844587158
2015-01-01,"Riyadh",80.2830145261576,-0.00208900590100214
2015-02-01,"Riyadh",80.3012397201397,0.000226986065924528
2015-03-01,"Riyadh",80.2996181051031,-2.01943508724156e-05
2015-04-01,"Riyadh",80.2480608805649,-0.00064226685351354
2015-05-01,"Riyadh",80.3659546580435,0.00146803874190393
2015-06-01,"Riyadh",80.3437883018342,-0.000275855787479351
2015-07-01,"Riyadh",80.3867671398049,0.000534793634937358
2015-08-01,"Riyadh",80.3045652282271,-0.00102310333154598
2015-09-01,"Riyadh",80.4019386872449,0.00121181742569831
2015-10-01,"Riyadh",80.6252636745248,0.00277375657265111
2015-11-01,"Riyadh",80.5336790570636,-0.0011365751818424
2015-12-01,"Riyadh",80.5196793529616,-0.00017385175044371
2016-01-01,"Riyadh",82.4194160410526,0.0233194221648354
2016-02-01,"Riyadh",82.5369062060126,0.00142450053719845
2016-03-01,"Riyadh",82.4842712163057,-0.000637918021359596
2016-04-01,"Riyadh",82.612723369245,0.00155608137121011
2016-05-01,"Riyadh",82.5623267967353,-0.000610220175781606
2016-06-01,"Riyadh",82.5566638490797,-6.85923240650865e-05
2016-07-01,"Riyadh",82.6618249775706,0.00127299484989862
2016-08-01,"Riyadh",82.4929770257381,-0.0020447242055619
2016-09-01,"Riyadh",82.6649677831725,0.00208274351930715
2016-10-01,"Riyadh",82.4957656528682,-0.0020489396720258
2016-11-01,"Riyadh",82.2472468210954,-0.00301705081817527
2016-12-01,"Riyadh",81.9818161203551,-0.00323244774224207
2017-01-01,"Riyadh",81.9922506387814,0.000127270350081865
2017-02-01,"Riyadh",82.2507355162082,0.00314759365847195
2017-03-01,"Riyadh",82.3427075283137,0.00111756604609159
2017-04-01,"Riyadh",82.5080608871865,0.0020060981931298
2017-05-01,"Riyadh",82.3967405293759,-0.00135011684031028
2017-06-01,"Riyadh",82.1576972996804,-0.00290534124750863
2017-07-01,"Riyadh",82.1874554940791,0.000362142651828101
2017-08-01,"Riyadh",82.1598500200005,-0.000335940698898085
2017-09-01,"Riyadh",82.4159035835151,0.00311168279060325
2017-10-01,"Riyadh",82.5915477927633,0.00212892538031273
2017-11-01,"Riyadh",82.1769994488229,-0.0050318974777257
2017-12-01,"Riyadh",81.9467294486251,-0.00280605556355784
2018-01-01,"Riyadh",87.3987805498512,0.0644119347595247
2018-02-01,"Riyadh",87.6477814713432,0.00284496977906823
2018-03-01,"Riyadh",87.7519590072975,0.00118788714191087
2018-04-01,"Riyadh",87.7110749961332,-0.000466012823001627
2018-05-01,"Riyadh",87.4816170351286,-0.00261949387900895
2018-06-01,"Riyadh",87.4714699242935,-0.000115998077231616
2018-07-01,"Riyadh",87.5471998244453,0.00086539230342364
2018-08-01,"Riyadh",87.5281588216073,-0.000217517794169453
2018-09-01,"Riyadh",87.5610795763187,0.000376045442890494
2018-10-01,"Riyadh",87.4228734348436,-0.00157964393689092
2018-11-01,"Riyadh",87.1429249961973,-0.00320737144565086
2018-12-01,"Riyadh",86.8481919788064,-0.00338791203167066
2019-01-01,"Riyadh",86.9095830951825,0.000706628741125037
2019-02-01,"Riyadh",86.6861726522,-0.00257391737905976
2019-03-01,"Riyadh",86.6652127098346,-0.000241820305315166
2019-04-01,"Riyadh",86.7051400861908,0.000460602132004162
2019-05-01,"Riyadh",86.702300249293,-3.27533454447249e-05
2019-06-01,"Riyadh",86.7152683061345,0.000149558743945732
2019-07-01,"Riyadh",86.8575289240231,0.00163920443771381
2019-08-01,"Riyadh",87.0320381952406,0.00200712823309246
2019-09-01,"Riyadh",87.4701994019043,0.0050218511066511
2019-10-01,"Riyadh",87.6397858246896,0.00193691382686989
2019-11-01,"Riyadh",87.3400313847078,-0.00342616351973568
2019-12-01,"Riyadh",87.9816118409508,0.00731892889415064
2020-01-01,"Riyadh",88.0908349383769,0.0012406610282758
2020-02-01,"Riyadh",87.9963037145819,-0.00107368696657151
2020-03-01,"Riyadh",88.149389627146,0.00173817421479239
2020-04-01,"Riyadh",88.1831932279538,0.000383407316725481
2020-05-01,"Riyadh",87.8214247763851,-0.00411090305637174
2020-06-01,"Riyadh",87.6566628727399,-0.00187786354718256
2020-07-01,"Riyadh",93.985299597581,0.069710757499843
2020-08-01,"Riyadh",94.1169030077658,0.00139927581745436
2020-09-01,"Riyadh",93.6304367891658,-0.00518214860229627
2020-10-01,"Riyadh",93.7760568514575,0.00155405598568059
2020-11-01,"Riyadh",93.6216514553233,-0.00164789028073553
2020-12-01,"Riyadh",93.4173022768388,-0.00218509840559911
2021-01-01,"Riyadh",93.3628698610146,-0.000582850061032758
2021-02-01,"Riyadh",93.502432544614,0.00149372524221736
2021-03-01,"Riyadh",93.3443776852447,-0.00169181263382523
2021-04-01,"Riyadh",93.6055201301978,0.00279371765219327
2021-05-01,"Riyadh",93.8284309870735,0.00237855479907001
2021-06-01,"Riyadh",94.1487801564089,0.00340838634123664
2021-07-01,"Riyadh",94.2566278806038,0.00114484756141575
2021-08-01,"Riyadh",94.3611044328313,0.00110781273458205
2021-09-01,"Riyadh",94.8287282114311,0.00494344462771057
2021-10-01,"Riyadh",95.8013070040329,0.010203924373573
2021-11-01,"Riyadh",95.7444786654557,-0.000593365602338025
2021-12-01,"Riyadh",95.729847429558,-0.00015282713066167
2022-01-01,"Riyadh",96.0961104978956,0.00381870647102467
2022-02-01,"Riyadh",96.4604325161279,0.00378405685165983
2022-03-01,"Riyadh",96.4215015355561,-0.000403676801478348
2022-04-01,"Riyadh",96.5469577282622,0.00130027685208933
2022-05-01,"Riyadh",96.7422471617277,0.00202069743136857
2022-06-01,"Riyadh",96.9430973779595,0.00207398539837023
2022-07-01,"Riyadh",97.3325512354147,0.00400929691315621
2022-08-01,"Riyadh",97.7124287993128,0.00389528655556326
2022-09-01,"Riyadh",98.0027077022401,0.00296634303271226
2022-10-01,"Riyadh",98.412444962356,0.00417216135224674
2022-11-01,"Riyadh",98.5501952354256,0.00139874542085927
2022-12-01,"Riyadh",99.1031728727127,0.00559544302576942
2023-01-01,"Riyadh",99.5707795610876,0.00470728594365877
2023-02-01,"Riyadh",99.1822424976715,-0.00390975245888736
2023-03-01,"Riyadh",99.4283679400797,0.00247847351013064
2023-04-01,"Riyadh",99.2523017339794,-0.00177235412461574
2023-05-01,"Riyadh",99.1856372537517,-0.000671892512849936
2023-06-01,"Riyadh",99.3325987764252,0.00148058488186198
2023-07-01,"Riyadh",100.203736291604,0.00873167335318303
2023-08-01,"Riyadh",100.173777936596,-0.000299019132427247
2023-09-01,"Riyadh",100.236715110716,0.000628082644097638
2023-10-01,"Riyadh",100.563462506955,0.00325445613156816
2023-11-01,"Riyadh",101.44139469387,0.00869224360999432
2023-12-01,"Riyadh",101.466448988657,0.000246952453484717
2024-01-01,"Riyadh",101.780039287603,0.00308581516410023
2024-02-01,"Riyadh",101.742372801419,-0.000370145835315583
2024-03-01,"Riyadh",101.455554286103,-0.00282304755676055
2024-04-01,"Riyadh",102.217022245789,0.00747740830463073
2024-05-01,"Riyadh",102.506245649601,0.0028255078106465
2024-06-01,"Riyadh",102.646156158542,0.00136396678175554
2024-07-01,"Riyadh",102.334100975348,-0.0030447363919901
2024-08-01,"Riyadh",102.312808881802,-0.000208086148358433
2024-09-01,"Riyadh",102.388855074565,0.000742995389403589
2024-10-01,"Riyadh",102.606105367249,0.00211956794986623
2024-11-01,"Riyadh",103.046706421267,0.00428490837856099
2024-12-01,"Riyadh",102.996276089607,-0.000489512741977727
2025-01-01,"Riyadh",103.548715431872,0.00534934936506914
2025-02-01,"Riyadh",103.699273126655,0.00145292335347325
2025-03-01,"Riyadh",103.958541150784,0.0024970710565384
2025-04-01,"Riyadh",104.468725357274,0.00489557085295189
2025-05-01,"Riyadh",104.867705402292,0.00381185947116425
2025-06-01,"Riyadh",105.196064403971,0.00312628178976571
2025-07-01,"Riyadh",105.413532547104,0.00206513115801776
2025-08-01,"Riyadh",105.675915113757,0.0024859859617834
2025-09-01,"Riyadh",105.872734124375,0.00186074520556101
2025-10-01,"Riyadh",106.249947125871,0.00355655884500461
2025-11-01,"Riyadh",106.40253455455,0.00143508745969712
2025-12-01,"Riyadh",106.58035060759,0.00166976885695913
2026-01-01,"Riyadh",107.001873027232,0.00394717275390111
2026-02-01,"Riyadh",107.035524474009,0.000314444554523341
2013-02-01,"Tabouk",92.3778449355005,-0.000347659822255153
2013-03-01,"Tabouk",92.4072600073801,0.000318370597425677
2013-04-01,"Tabouk",92.4868147347007,0.000860543879959152
2013-05-01,"Tabouk",92.1830546364126,-0.00328976647113777
2013-06-01,"Tabouk",92.2258982394261,0.000464658609207191
2013-07-01,"Tabouk",92.7031461415041,0.00516142786741725
2013-08-01,"Tabouk",92.5182952720436,-0.00199599926898752
2013-09-01,"Tabouk",92.4249027619007,-0.00100995893954714
2013-10-01,"Tabouk",92.6852848673118,0.00281326792953163
2013-11-01,"Tabouk",92.8255833466946,0.00151256373798425
2013-12-01,"Tabouk",92.6389899294464,-0.00201217382823504
2014-01-01,"Tabouk",92.562898379717,-0.000821714667226914
2014-02-01,"Tabouk",92.7447153139181,0.00196232619827086
2014-03-01,"Tabouk",92.6816700134087,-0.000680003580153965
2014-04-01,"Tabouk",93.2137383232533,0.00572439919349144
2014-05-01,"Tabouk",93.2749607646104,0.000656580734982093
2014-06-01,"Tabouk",92.9565388466644,-0.00341963877121554
2014-07-01,"Tabouk",92.2723229397152,-0.00738782296004636
2014-08-01,"Tabouk",92.5261443490268,0.00274700946006945
2014-09-01,"Tabouk",92.6844066097319,0.00170899874121933
2014-10-01,"Tabouk",93.5680333038759,0.00948855568443729
2014-11-01,"Tabouk",93.516724699887,-0.000548506525307246
2014-12-01,"Tabouk",93.2922132284501,-0.00240364922599667
2015-01-01,"Tabouk",93.5336593591283,0.00258471979019514
2015-02-01,"Tabouk",93.1858360599974,-0.00372562812120414
2015-03-01,"Tabouk",93.2048016437072,0.000203503609504274
2015-04-01,"Tabouk",93.0198280277068,-0.0019865651193296
2015-05-01,"Tabouk",93.2478428547802,0.00244825030436235
2015-06-01,"Tabouk",93.391467407902,0.001539060354113
2015-07-01,"Tabouk",93.4922837513225,0.00107892047944169
2015-08-01,"Tabouk",93.4904307636417,-1.98198821284024e-05
2015-09-01,"Tabouk",93.2758818152677,-0.00229751329120731
2015-10-01,"Tabouk",93.3355351936972,0.000639332591944708
2015-11-01,"Tabouk",93.34709163261,0.000123808402785919
2015-12-01,"Tabouk",93.362823553778,0.000168517255117351
2016-01-01,"Tabouk",95.7304101605251,0.0250427822630535
2016-02-01,"Tabouk",95.6139285072427,-0.00121750837764001
2016-03-01,"Tabouk",95.3935621836541,-0.0023074113016559
2016-04-01,"Tabouk",94.8950473774808,-0.00523957737467118
2016-05-01,"Tabouk",94.3835642002527,-0.00540456650618015
2016-06-01,"Tabouk",94.2996170937668,-0.000889820825037191
2016-07-01,"Tabouk",94.3449671275887,0.000480798692235496
2016-08-01,"Tabouk",94.3867894896936,0.000443193700298217
2016-09-01,"Tabouk",94.3794929264489,-7.73079085414352e-05
2016-10-01,"Tabouk",94.1883038359812,-0.00202780283021919
2016-11-01,"Tabouk",93.8746145022364,-0.00333600719839833
2016-12-01,"Tabouk",93.9494152963337,0.000796498702877457
2017-01-01,"Tabouk",93.9449273375724,-4.77710898509898e-05
2017-02-01,"Tabouk",93.7839303676078,-0.00171520789507706
2017-03-01,"Tabouk",93.7217636580196,-0.00066309145638499
2017-04-01,"Tabouk",93.8884682470363,0.00177713796521672
2017-05-01,"Tabouk",93.5273342260241,-0.00385383156821106
2017-06-01,"Tabouk",93.461330719445,-0.000705962677893801
2017-07-01,"Tabouk",93.0953233479348,-0.0039238251022411
2017-08-01,"Tabouk",92.9603684547623,-0.00145069377381368
2017-09-01,"Tabouk",92.7554818228667,-0.00220645372715822
2017-10-01,"Tabouk",92.4574352355293,-0.00321842395596583
2017-11-01,"Tabouk",92.1207832225001,-0.00364780188199187
2017-12-01,"Tabouk",91.9623153449377,-0.00172169979689052
2018-01-01,"Tabouk",93.1299901553394,0.0126173835070889
2018-02-01,"Tabouk",92.9921381064574,-0.00148130773462007
2018-03-01,"Tabouk",92.4968806630155,-0.00534003170237352
2018-04-01,"Tabouk",91.6210285203823,-0.00951410705480615
2018-05-01,"Tabouk",90.6880162431847,-0.0102355911541325
2018-06-01,"Tabouk",90.5292886917291,-0.00175179287766358
2018-07-01,"Tabouk",90.6884017272983,0.00175604353072956
2018-08-01,"Tabouk",90.8786391106975,0.00209550645463619
2018-09-01,"Tabouk",90.9790380021558,0.00110414807064796
2018-10-01,"Tabouk",90.8857065197647,-0.00102638354486917
2018-11-01,"Tabouk",91.4663768991734,0.0063686943543404
2018-12-01,"Tabouk",91.149687365939,-0.00346836793333338
2019-01-01,"Tabouk",89.8537124950311,-0.0143201400478734
2019-02-01,"Tabouk",89.7265741721991,-0.00141594989554061
2019-03-01,"Tabouk",89.4317882795415,-0.00329078871508237
2019-04-01,"Tabouk",89.4254469564745,-7.09093267738936e-05
2019-05-01,"Tabouk",89.8002073375668,0.00418200093903298
2019-06-01,"Tabouk",89.9371444291949,0.0015237469204612
2019-07-01,"Tabouk",90.3060723919367,0.0040936739197317
2019-08-01,"Tabouk",90.8226385120905,0.00570387232458724
2019-09-01,"Tabouk",91.0348264393935,0.00233356407611929
2019-10-01,"Tabouk",90.9524453483896,-0.000905350092033075
2019-11-01,"Tabouk",91.2068415152483,0.00279311954530037
2019-12-01,"Tabouk",90.974382408388,-0.0025519559920717
2020-01-01,"Tabouk",90.2651437463018,-0.00782657400969367
2020-02-01,"Tabouk",91.1303346442134,0.00953934978480486
2020-03-01,"Tabouk",91.1140976159633,-0.000178189567622944
2020-04-01,"Tabouk",91.2126006667773,0.00108051164558276
2020-05-01,"Tabouk",90.8980478655795,-0.00345452741560415
2020-06-01,"Tabouk",90.4892605855498,-0.00450734922529783
2020-07-01,"Tabouk",95.1655932471029,0.0503872848980569
2020-08-01,"Tabouk",95.4040945066251,0.00250303589048961
2020-09-01,"Tabouk",94.7547399414327,-0.00682962841150037
2020-10-01,"Tabouk",96.349628744608,0.0166916731790048
2020-11-01,"Tabouk",96.3756297228922,0.000269824294425902
2020-12-01,"Tabouk",96.6111385451093,0.00244067446943674
2021-01-01,"Tabouk",100.454192521762,0.0390077873680292
2021-02-01,"Tabouk",100.246393282012,-0.00207073948659087
2021-03-01,"Tabouk",100.159587720991,-0.000866297163541141
2021-04-01,"Tabouk",100.653534507679,0.00491947714754293
2021-05-01,"Tabouk",100.479207709219,-0.00173345065741959
2021-06-01,"Tabouk",100.339448337413,-0.00139189652118166
2021-07-01,"Tabouk",100.420607685224,0.000808520916362632
2021-08-01,"Tabouk",100.38636362147,-0.000341064494555177
2021-09-01,"Tabouk",99.9617155807534,-0.0042391090378251
2021-10-01,"Tabouk",100.215112798459,0.00253173511746585
2021-11-01,"Tabouk",100.380806743873,0.00165201748346444
2021-12-01,"Tabouk",99.8531655756958,-0.00527025842179718
2022-01-01,"Tabouk",99.6288181358634,-0.0022493012175433
2022-02-01,"Tabouk",99.5594033031331,-0.000696977311598346
2022-03-01,"Tabouk",99.5682330448192,8.86842414624667e-05
2022-04-01,"Tabouk",99.8441869048728,0.00276767150485302
2022-05-01,"Tabouk",100.020609986297,0.00176542472701779
2022-06-01,"Tabouk",100.093212810886,0.00072561531991866
2022-07-01,"Tabouk",100.227984107482,0.00134555223314337
2022-08-01,"Tabouk",100.427585537755,0.00198949370269208
2022-09-01,"Tabouk",100.75961273806,0.00330068219637969
2022-10-01,"Tabouk",100.869176909953,0.00108679105665654
2022-11-01,"Tabouk",100.709200175292,-0.00158724135555133
2022-12-01,"Tabouk",100.446567925982,-0.00261123408013297
2023-01-01,"Tabouk",100.112173475398,-0.0033346316207723
2023-02-01,"Tabouk",100.360181669698,0.00247423960917814
2023-03-01,"Tabouk",100.220031425647,-0.00139744857876156
2023-04-01,"Tabouk",100.519425400493,0.00298291329043732
2023-05-01,"Tabouk",100.471048483779,-0.000481385179240235
2023-06-01,"Tabouk",100.056297096961,-0.00413661266035437
2023-07-01,"Tabouk",100.171013797139,0.00114586478955037
2023-08-01,"Tabouk",99.8478837543072,-0.00323099794962278
2023-09-01,"Tabouk",99.3526127590577,-0.00497259820586837
2023-10-01,"Tabouk",99.3848048018974,0.000323965597583964
2023-11-01,"Tabouk",99.7900651152612,0.00406939763827996
2023-12-01,"Tabouk",99.722752419868,-0.000674770661643009
2024-01-01,"Tabouk",99.6559450115493,-0.000670155956274954
2024-02-01,"Tabouk",99.6110610988156,-0.000450490167628992
2024-03-01,"Tabouk",99.4878651749206,-0.00123753494731016
2024-04-01,"Tabouk",99.7736818438604,0.00286876087467558
2024-05-01,"Tabouk",99.7227701770855,-0.000510401737619404
2024-06-01,"Tabouk",99.9621903224344,0.0023979798927094
2024-07-01,"Tabouk",100.096996721893,0.00134766537696418
2024-08-01,"Tabouk",99.7466207540076,-0.00350650504946781
2024-09-01,"Tabouk",99.7553859169936,8.78704243421069e-05
2024-10-01,"Tabouk",100.635867589819,0.008787682331997
2024-11-01,"Tabouk",100.771798979154,0.00134981366190789
2024-12-01,"Tabouk",100.720119949246,-0.000512963808335876
2025-01-01,"Tabouk",100.843705239741,0.00122626474136034
2025-02-01,"Tabouk",101.024348486333,0.00178971651507709
2025-03-01,"Tabouk",101.027566572448,3.18540521062616e-05
2025-04-01,"Tabouk",100.89484657552,-0.00131456448020195
2025-05-01,"Tabouk",100.873722861417,-0.000209385577140786
2025-06-01,"Tabouk",101.012168048057,0.00137151940354396
2025-07-01,"Tabouk",101.294346908764,0.00278961894785823
2025-08-01,"Tabouk",101.131962718824,-0.00160437865088348
2025-09-01,"Tabouk",101.192936283437,0.000602729241527378
2025-10-01,"Tabouk",101.582675709925,0.00384405109252928
2025-11-01,"Tabouk",101.414986394605,-0.00165213088391614
2025-12-01,"Tabouk",101.419439182855,4.39056460761478e-05
2026-01-01,"Tabouk",101.004316771252,-0.0041015244638265
2026-02-01,"Tabouk",100.641874110217,-0.00359484153672973
