"region_id","Region","date","inflation_mom","fitted","twfe_residual"
"R01","Al Baha",2013-02-01,-0.149866967527501,-0.000142544310542642,-0.149724423216958
"R01","Al Baha",2013-03-01,-0.0160226171802336,0.143397151833872,-0.159419769014106
"R01","Al Baha",2013-04-01,0.198527318671982,0.215989395313143,-0.0174620766411608
"R01","Al Baha",2013-05-01,0.219466980409067,0.0566571390066822,0.162809841402385
"R01","Al Baha",2013-06-01,0.0908361395684842,0.1736362820751,-0.0828001425066156
"R01","Al Baha",2013-07-01,0.192328219307036,0.585803018512974,-0.393474799205938
"R01","Al Baha",2013-08-01,0.170431552787864,0.233635612102145,-0.0632040593142805
"R01","Al Baha",2013-09-01,5.94362615370398,0.564219377518926,5.37940677618505
"R01","Al Baha",2013-10-01,0.38784164925918,0.127580152663793,0.260261496595387
"R01","Al Baha",2013-11-01,0.1257824482785,0.273594650564054,-0.147812202285554
"R01","Al Baha",2013-12-01,0.263076719259026,0.131060450820925,0.132016268438101
"R01","Al Baha",2014-01-01,0.226358498416257,0.394135077325208,-0.167776578908951
"R01","Al Baha",2014-02-01,0.305864936147504,0.213405265264867,0.0924596708826372
"R01","Al Baha",2014-03-01,-5.21552657196995,-0.139265114818991,-5.07626145715096
"R01","Al Baha",2014-04-01,6.34114852140648,1.04123235023944,5.29991617116704
"R01","Al Baha",2014-05-01,-5.82406343215434,-0.24188719283212,-5.58217623932222
"R01","Al Baha",2014-06-01,5.90992058199591,0.642666270265972,5.26725431172994
"R01","Al Baha",2014-07-01,0.299596415659131,0.341691771664981,-0.0420953560058498
"R01","Al Baha",2014-08-01,0.313291071871458,0.429471082346499,-0.116180010475041
"R01","Al Baha",2014-09-01,0.327151921370472,0.261652761635868,0.0654991597346039
"R01","Al Baha",2014-10-01,-6.37975422682056,-0.203396663678732,-6.17635756314183
"R01","Al Baha",2014-11-01,6.20314552408443,0.75913007771009,5.44401544637434
"R01","Al Baha",2014-12-01,0.0241488237142207,0.0850378748347017,-0.060889051120481
"R01","Al Baha",2015-01-01,0.145105602673468,0.396594067086941,-0.251488464413473
"R01","Al Baha",2015-02-01,-5.74558041568958,-0.425320750474871,-5.32025966521471
"R01","Al Baha",2015-03-01,6.68034281786349,0.665011147247427,6.01533167061606
"R01","Al Baha",2015-04-01,0.156717959683306,0.129301559348626,0.0274164003346802
"R01","Al Baha",2015-05-01,0.00602381017236198,0.171211878597174,-0.165188068424812
"R01","Al Baha",2015-06-01,0.180710414955954,-0.200450686502201,0.381161101458155
"R01","Al Baha",2015-07-01,0.511280052573948,0.227775905059848,0.2835041475141
"R01","Al Baha",2015-08-01,-0.0137945035962872,0.0864337630705392,-0.100228266666826
"R01","Al Baha",2015-09-01,0.0619595417534313,0.144940063557078,-0.0829805218036462
"R01","Al Baha",2015-10-01,0.290135327528862,0.216015934408188,0.0741193931206744
"R01","Al Baha",2015-11-01,0.24685041306185,0.161561542992427,0.0852888700694233
"R01","Al Baha",2015-12-01,0.350231950127711,0.206236616536912,0.143995333590799
"R01","Al Baha",2016-01-01,3.28077984256119,2.61478014606304,0.665999696498153
"R01","Al Baha",2016-02-01,0.0242267225584847,0.0596759611564312,-0.0354492385979465
"R01","Al Baha",2016-03-01,0.185031741353736,0.484826943639672,-0.299795202285936
"R01","Al Baha",2016-04-01,0.0956142687801531,0.1019130575362,-0.00629878875604688
"R01","Al Baha",2016-05-01,-0.0428778336273972,-0.00939870352257352,-0.0334791301048237
"R01","Al Baha",2016-06-01,-0.0975946903494673,0.120924676161802,-0.218519366511269
"R01","Al Baha",2016-07-01,0.0964892582633325,-0.154325800810328,0.25081505907366
"R01","Al Baha",2016-08-01,0.21221766126942,0.0582979231885515,0.153919738080869
"R01","Al Baha",2016-09-01,0.286075594963275,0.151826647644609,0.134248947318666
"R01","Al Baha",2016-10-01,-0.109974189522255,0.0156032390238132,-0.125577428546068
"R01","Al Baha",2016-11-01,-0.294777900009713,-0.225669420714561,-0.0691084792951517
"R01","Al Baha",2016-12-01,0.0195419809932318,-0.0486101678079855,0.0681521488012173
"R01","Al Baha",2017-01-01,0.072944724149604,0.300406705611307,-0.227461981461703
"R01","Al Baha",2017-02-01,-0.122903674894914,0.148365335278187,-0.271269010173101
"R01","Al Baha",2017-03-01,0.0188493565225656,-0.362518694115099,0.381368050637664
"R01","Al Baha",2017-04-01,-0.0553735628797902,0.110093785642312,-0.165467348522103
"R01","Al Baha",2017-05-01,-0.0266602244176184,0.034128050948277,-0.0607882753658954
"R01","Al Baha",2017-06-01,0.0795185605220183,0.0244466573757017,0.0550719031463166
"R01","Al Baha",2017-07-01,0,0.020865994835973,-0.020865994835973
"R01","Al Baha",2017-08-01,0.0347741161543347,-0.008804593042083,0.0435787091964177
"R01","Al Baha",2017-09-01,-0.0371635024602135,0.234629068388454,-0.271792570848667
"R01","Al Baha",2017-10-01,-0.00539089863886844,-0.226104136919441,0.220713238280572
"R01","Al Baha",2017-11-01,-0.193776723769989,-0.291717416411095,0.0979406926411058
"R01","Al Baha",2017-12-01,-0.289202974825731,-0.206345994010478,-0.0828569808152531
"R01","Al Baha",2018-01-01,0.829120290453034,2.94560782942986,-2.11648753897682
"R01","Al Baha",2018-02-01,-0.11026199514399,-0.113167908029858,0.00290591288586757
"R01","Al Baha",2018-03-01,0.455623045386577,-0.105966717973679,0.561589763360256
"R01","Al Baha",2018-04-01,-0.31532521129467,-0.217375827348678,-0.097949383945992
"R01","Al Baha",2018-05-01,-0.0377766711681993,-0.388144508662895,0.350367837494696
"R01","Al Baha",2018-06-01,0.591521773021242,-0.000620869694534343,0.592142642715776
"R01","Al Baha",2018-07-01,0.296598081887645,-0.253286925673265,0.54988500756091
"R01","Al Baha",2018-08-01,0.0375289862750705,-0.112066789906852,0.149595776181922
"R01","Al Baha",2018-09-01,-0.305067994691122,-0.145216605433873,-0.159851389257249
"R01","Al Baha",2018-10-01,-0.0396629946906479,-0.243003945210568,0.20334095051992
"R01","Al Baha",2018-11-01,-0.114894842856206,-0.0616576606904111,-0.0532371821657949
"R01","Al Baha",2018-12-01,-0.211393703956553,-0.413478897955927,0.202085193999374
"R01","Al Baha",2019-01-01,0.778178180545108,-1.54813255256239,2.3263107331075
"R01","Al Baha",2019-02-01,-0.260377243888321,-0.0885583997205842,-0.171818844167737
"R01","Al Baha",2019-03-01,-0.032694096547381,-0.0105445093272101,-0.0221495872201709
"R01","Al Baha",2019-04-01,-0.340654629771464,0.0820213928363278,-0.422676022607792
"R01","Al Baha",2019-05-01,-0.0117232300556047,0.224777502637314,-0.236500732692919
"R01","Al Baha",2019-06-01,0.733820327669932,0.346746518240024,0.387073809429908
"R01","Al Baha",2019-07-01,0.52197592470673,0.19390588553487,0.32807003917186
"R01","Al Baha",2019-08-01,-0.118299337618488,0.176939206294035,-0.295238543912523
"R01","Al Baha",2019-09-01,-0.0957886488879289,0.24176449785727,-0.337553146745199
"R01","Al Baha",2019-10-01,-0.00802535144899252,-0.0633869354939897,0.0553615840449972
"R01","Al Baha",2019-11-01,-0.0827707972899994,0.0416510788761863,-0.124421876166186
"R01","Al Baha",2019-12-01,-0.0396447980070214,0.39176224880328,-0.431407046810301
"R01","Al Baha",2020-01-01,-0.288314264390532,-0.297993826734523,0.0096795623439907
"R01","Al Baha",2020-02-01,0.477694888611779,0.811747742419636,-0.334052853807857
"R01","Al Baha",2020-03-01,0.260459366916255,0.23582105772977,0.0246383091864845
"R01","Al Baha",2020-04-01,0.240193527897148,0.152907667343398,0.0872858605537501
"R01","Al Baha",2020-05-01,-0.283007459575835,-0.326662096959798,0.0436546373839634
"R01","Al Baha",2020-06-01,-0.25950377433146,-0.31129166428578,0.0517878899543205
"R01","Al Baha",2020-07-01,7.99637152752437,5.66428461128858,2.33208691623579
"R01","Al Baha",2020-08-01,-0.00529399222202187,0.396279391637318,-0.40157338385934
"R01","Al Baha",2020-09-01,0.0475468316281535,0.0140703730671173,0.0334764585610362
"R01","Al Baha",2020-10-01,0.217834469136058,0.44047459050466,-0.222640121368602
"R01","Al Baha",2020-11-01,-0.178667962692991,-0.0449244832124112,-0.13374347948058
"R01","Al Baha",2020-12-01,-0.0500709996799742,0.0610730146936423,-0.111144014373616
"R01","Al Baha",2021-01-01,0.510231765517855,0.73233630184855,-0.222104536330695
"R01","Al Baha",2021-02-01,0.0639621029950632,-0.0426842581090608,0.106646361104124
"R01","Al Baha",2021-03-01,-0.0398627474717195,0.255380664616848,-0.295243412088567
"R01","Al Baha",2021-04-01,-0.000253573174546773,0.359462978331596,-0.359716551506143
"R01","Al Baha",2021-05-01,0.266560705701568,0.325818225697605,-0.0592575199960369
"R01","Al Baha",2021-06-01,0.356592208779372,0.201212023996967,0.155380184782405
"R01","Al Baha",2021-07-01,0.219801109315476,0.315767277910395,-0.0959661685949186
"R01","Al Baha",2021-08-01,0.129342130995802,0.250194592505342,-0.12085246150954
"R01","Al Baha",2021-09-01,-0.0650393118849735,0.0762253365225145,-0.141264648407488
"R01","Al Baha",2021-10-01,-0.541557828283068,0.390587448290566,-0.932145276573634
"R01","Al Baha",2021-11-01,0.217121420543709,0.263555689081913,-0.0464342685382044
"R01","Al Baha",2021-12-01,0.0381411739821758,0.0980153219258141,-0.0598741479436383
"R01","Al Baha",2022-01-01,0.419233248274686,0.150188329624599,0.269044918650087
"R01","Al Baha",2022-02-01,-0.00234497408824197,0.201566126758288,-0.20391110084653
"R01","Al Baha",2022-03-01,0.467851838577094,0.258794133883511,0.209057704693583
"R01","Al Baha",2022-04-01,0.365054517819274,0.62692341608166,-0.261868898262386
"R01","Al Baha",2022-05-01,0.967492790771995,0.433600333934132,0.533892456837863
"R01","Al Baha",2022-06-01,0.0997025990111311,0.358435389346828,-0.258732790335697
"R01","Al Baha",2022-07-01,0.633297515592002,0.432879670516275,0.200417845075727
"R01","Al Baha",2022-08-01,0.539631497544146,0.384785208891871,0.154846288652275
"R01","Al Baha",2022-09-01,-0.640365057519166,0.151410328314529,-0.791775385833695
"R01","Al Baha",2022-10-01,0.330337227862376,0.379242728056622,-0.0489055001942457
"R01","Al Baha",2022-11-01,-0.100477944691324,0.102036367925019,-0.202514312616343
"R01","Al Baha",2022-12-01,-0.242769378765306,0.079120363245554,-0.32188974201086
"R01","Al Baha",2023-01-01,0.10808503926345,0.0895004827469443,0.0185845565165057
"R01","Al Baha",2023-02-01,0.334631605325519,0.329809802268825,0.00482180305669383
"R01","Al Baha",2023-03-01,0.0785611873693526,0.149354044198023,-0.0707928568286709
"R01","Al Baha",2023-04-01,1.13730601188662,0.397646598375869,0.739659413510751
"R01","Al Baha",2023-05-01,-0.546880759582358,0.0594823160683639,-0.606363075650722
"R01","Al Baha",2023-06-01,-0.00758806528624589,0.151592674634794,-0.15918073992104
"R01","Al Baha",2023-07-01,1.16722813561001,0.482776828848771,0.684451306761239
"R01","Al Baha",2023-08-01,-0.175226670166762,0.147380576083075,-0.322607246249837
"R01","Al Baha",2023-09-01,-1.22898493845538,-0.00215105481265701,-1.22683388364272
"R01","Al Baha",2023-10-01,0.756835400335198,0.376651240005482,0.380184160329716
"R01","Al Baha",2023-11-01,-0.339523417219656,0.269317139327514,-0.60884055654717
"R01","Al Baha",2023-12-01,0.149828021535026,0.187771477429071,-0.0379434558940451
"R01","Al Baha",2024-01-01,0.310158558312157,0.29471142296169,0.0154471353504673
"R01","Al Baha",2024-02-01,0.171848442291811,0.297879175313941,-0.12603073302213
"R01","Al Baha",2024-03-01,-0.0336974365748866,0.0649409606869645,-0.0986383972618511
"R01","Al Baha",2024-04-01,0.163747640947065,0.468622666830267,-0.304875025883202
"R01","Al Baha",2024-05-01,0.0579793648695315,0.142339697915125,-0.0843603330455938
"R01","Al Baha",2024-06-01,0.0839159156648783,0.352888126360834,-0.268972210695956
"R01","Al Baha",2024-07-01,0.469405583791627,0.220937157871552,0.248468425920075
"R01","Al Baha",2024-08-01,-0.225759262855796,0.106495828861167,-0.332255091716963
"R01","Al Baha",2024-09-01,-0.681385850682759,0.15020220786684,-0.831588058549599
"R01","Al Baha",2024-10-01,0.58454095009477,0.31767703415368,0.26686391594109
"R01","Al Baha",2024-11-01,-0.480991754175708,0.336294812140548,-0.817286566316256
"R01","Al Baha",2024-12-01,-0.0524718520288125,0.0905086143883863,-0.142980466417199
"R01","Al Baha",2025-01-01,0.314013203231234,0.448557688276589,-0.134544485045355
"R01","Al Baha",2025-02-01,0.19860705910304,0.302374408476138,-0.103767349373098
"R01","Al Baha",2025-03-01,0.0662130935461747,0.325226157336531,-0.259013063790357
"R01","Al Baha",2025-04-01,0.187302515192478,0.344920357750496,-0.157617842558018
"R01","Al Baha",2025-05-01,0.504825326663561,0.172530366393887,0.332294960269674
"R01","Al Baha",2025-06-01,0.287503534631828,0.198063556074256,0.0894399785575718
"R01","Al Baha",2025-07-01,0.238544135558616,0.273830945891024,-0.035286810332408
"R01","Al Baha",2025-08-01,0.209970528172665,0.242330133447923,-0.0323596052752584
"R01","Al Baha",2025-09-01,0.00279888101415438,0.100335187820597,-0.0975363068064422
"R01","Al Baha",2025-10-01,-0.069221549214582,0.373225224360736,-0.442446773575318
"R01","Al Baha",2025-11-01,-0.0904631118815225,0.129965970257187,-0.220429082138709
"R01","Al Baha",2025-12-01,0.052188864616376,0.206640777154159,-0.154451912537783
"R01","Al Baha",2026-01-01,0.198897117663677,0.15488233888775,0.044014778775927
"R01","Al Baha",2026-02-01,0.0921008864210648,0.206807899610832,-0.114707013189767
"R02","Al Jouf",2013-02-01,-0.0973365813540461,-0.17009067567895,0.072754094324904
"R02","Al Jouf",2013-03-01,0.273119169748881,-0.026550979534535,0.299670149283416
"R02","Al Jouf",2013-04-01,0.0862968924701057,0.0460412639447353,0.0402556285253704
"R02","Al Jouf",2013-05-01,-0.428308384195653,-0.113290992361725,-0.315017391833928
"R02","Al Jouf",2013-06-01,0.135755939844273,0.00368815070669234,0.132067789137581
"R02","Al Jouf",2013-07-01,0.107105770827687,0.415854887144566,-0.308749116316879
"R02","Al Jouf",2013-08-01,0.169146943380483,0.063687480733737,0.105459462646746
"R02","Al Jouf",2013-09-01,0.109795613912045,0.394271246150518,-0.284475632238473
"R02","Al Jouf",2013-10-01,-0.0385168764602817,-0.0423679787046149,0.00385110224433318
"R02","Al Jouf",2013-11-01,0.0442381708353423,0.103646519195646,-0.059408348360304
"R02","Al Jouf",2013-12-01,0.243217083009206,-0.0388876805474827,0.282104763556689
"R02","Al Jouf",2014-01-01,0.10754409751641,0.224186945956801,-0.116642848440391
"R02","Al Jouf",2014-02-01,-0.124370175219024,0.0434571338964593,-0.167827309115483
"R02","Al Jouf",2014-03-01,-0.0452343150606715,-0.309213246187399,0.263978931126727
"R02","Al Jouf",2014-04-01,0.540044781156546,0.871284218871029,-0.331239437714483
"R02","Al Jouf",2014-05-01,0.399361175017443,-0.411835324200527,0.81119649921797
"R02","Al Jouf",2014-06-01,0.150758012217356,0.472718138897565,-0.321960126680209
"R02","Al Jouf",2014-07-01,0.0266441218422564,0.171743640296573,-0.145099518454317
"R02","Al Jouf",2014-08-01,0.119066084346375,0.259522950978091,-0.140456866631716
"R02","Al Jouf",2014-09-01,0.202478233108216,0.0917046302674606,0.110773602840755
"R02","Al Jouf",2014-10-01,0.0683220675163909,-0.373344795047139,0.44166686256353
"R02","Al Jouf",2014-11-01,0.147691256004023,0.589181946341682,-0.441490690337659
"R02","Al Jouf",2014-12-01,-0.0105933787607704,-0.0849102565337058,0.0743168777729354
"R02","Al Jouf",2015-01-01,0.0610963328063541,0.226645935718534,-0.165549602912179
"R02","Al Jouf",2015-02-01,-0.0949692847966865,-0.595268881843278,0.500299597046592
"R02","Al Jouf",2015-03-01,-0.158250517503244,0.49506301587902,-0.653313533382264
"R02","Al Jouf",2015-04-01,-0.112812730854372,-0.0406465720197817,-0.0721661588345903
"R02","Al Jouf",2015-05-01,0.425128929407848,0.0012637472287662,0.423865182179082
"R02","Al Jouf",2015-06-01,0.18126132080738,-0.370398817870609,0.551660138677989
"R02","Al Jouf",2015-07-01,0.0489541534935967,0.0578277736914408,-0.00887362019784411
"R02","Al Jouf",2015-08-01,0.219150925345435,-0.0835143682978683,0.302665293643303
"R02","Al Jouf",2015-09-01,0.352321483069762,-0.02500806781133,0.377329550881092
"R02","Al Jouf",2015-10-01,-0.878489824484063,0.0460678030397801,-0.924557627523843
"R02","Al Jouf",2015-11-01,0.0932643239017317,-0.00838658837598083,0.101650912277713
"R02","Al Jouf",2015-12-01,0.213148724248136,0.0362884851685042,0.176860239079632
"R02","Al Jouf",2016-01-01,2.78607097523524,2.44483201469463,0.341238960540611
"R02","Al Jouf",2016-02-01,0.226153397972073,-0.110272170211976,0.336425568184049
"R02","Al Jouf",2016-03-01,0.0307793529775502,0.314878812271265,-0.284099459293714
"R02","Al Jouf",2016-04-01,-0.607284284381748,-0.0680350738322075,-0.53924921054954
"R02","Al Jouf",2016-05-01,0.0968502312168162,-0.179346834890981,0.276197066107797
"R02","Al Jouf",2016-06-01,0.0840178928295465,-0.0490234552066059,0.133041348036152
"R02","Al Jouf",2016-07-01,-0.0134294298654858,-0.324273932178735,0.310844502313249
"R02","Al Jouf",2016-08-01,-0.0047520098512166,-0.111650208179856,0.106898198328639
"R02","Al Jouf",2016-09-01,0.19975022034977,-0.0181214837237987,0.217871704073569
"R02","Al Jouf",2016-10-01,-0.514719854370504,-0.154344892344594,-0.36037496202591
"R02","Al Jouf",2016-11-01,-0.670107460021008,-0.395617552082969,-0.274489907938039
"R02","Al Jouf",2016-12-01,-0.535852661468184,-0.218558299176393,-0.317294362291791
"R02","Al Jouf",2017-01-01,0.330753936532613,0.1304585742429,0.200295362289713
"R02","Al Jouf",2017-02-01,0.173096736161682,-0.0215827960902205,0.194679532251903
"R02","Al Jouf",2017-03-01,-0.479598688927663,-0.532466825483506,0.0528681365558433
"R02","Al Jouf",2017-04-01,-0.156352201082832,-0.059854345726095,-0.096497855356737
"R02","Al Jouf",2017-05-01,-0.0514404532641954,-0.135820080420131,0.0843796271559352
"R02","Al Jouf",2017-06-01,-0.322154516416706,-0.145501473992706,-0.176653042424
"R02","Al Jouf",2017-07-01,-0.0205138933415228,-0.149082136532435,0.128568243190912
"R02","Al Jouf",2017-08-01,0.222707028294789,-0.178752724410491,0.40145975270528
"R02","Al Jouf",2017-09-01,0.281409039703107,0.0646809370200461,0.216728102683061
"R02","Al Jouf",2017-10-01,-0.207440880496801,-0.396052268287848,0.188611387791047
"R02","Al Jouf",2017-11-01,-0.211534563783378,-0.461665547779502,0.250130983996124
"R02","Al Jouf",2017-12-01,-0.084728055542449,-0.376294125378885,0.291566069836436
"R02","Al Jouf",2018-01-01,0.591877846857169,2.77565969806145,-2.18378185120428
"R02","Al Jouf",2018-02-01,-0.992321448666633,-0.283116039398265,-0.709205409268368
"R02","Al Jouf",2018-03-01,-0.351066801851019,-0.275914849342087,-0.0751519525089322
"R02","Al Jouf",2018-04-01,-0.806308577525616,-0.387323958717086,-0.41898461880853
"R02","Al Jouf",2018-05-01,-0.72261202489674,-0.558092640031303,-0.164519384865437
"R02","Al Jouf",2018-06-01,-0.777957950810126,-0.170569001062942,-0.607388949747184
"R02","Al Jouf",2018-07-01,-0.0663257993992694,-0.423235057041673,0.356909257642403
"R02","Al Jouf",2018-08-01,-0.252706609160835,-0.282014921275259,0.0293083121144241
"R02","Al Jouf",2018-09-01,-0.62281376124762,-0.31516473680228,-0.30764902444534
"R02","Al Jouf",2018-10-01,0.142712228198327,-0.412952076578975,0.555664304777302
"R02","Al Jouf",2018-11-01,-0.10799258541736,-0.231605792058819,0.123613206641459
"R02","Al Jouf",2018-12-01,-0.727952351150396,-0.583427029324334,-0.144525321826062
"R02","Al Jouf",2019-01-01,-3.00660519030007,-1.7180806839308,-1.28852450636927
"R02","Al Jouf",2019-02-01,-0.452109017004521,-0.258506531088992,-0.193602485915529
"R02","Al Jouf",2019-03-01,0.0198158363716949,-0.180492640695618,0.200308477067313
"R02","Al Jouf",2019-04-01,-0.269910751659364,-0.0879267385320797,-0.181984013127284
"R02","Al Jouf",2019-05-01,-0.25958912491042,0.0548293712689069,-0.314418496179327
"R02","Al Jouf",2019-06-01,-0.359523074409118,0.176798386871616,-0.536321461280734
"R02","Al Jouf",2019-07-01,-0.428517791674565,0.0239577541664626,-0.452475545841028
"R02","Al Jouf",2019-08-01,-0.23220261950474,0.00699107492562777,-0.239193694430368
"R02","Al Jouf",2019-09-01,-0.0109416862330569,0.071816366488863,-0.0827580527219199
"R02","Al Jouf",2019-10-01,-0.0223369418133501,-0.233335066862397,0.210998125049047
"R02","Al Jouf",2019-11-01,-0.13429387517343,-0.128297052492221,-0.00599682268120882
"R02","Al Jouf",2019-12-01,-0.0300660423651067,0.221814117434872,-0.251880159799979
"R02","Al Jouf",2020-01-01,0.876311470525426,-0.46794195810293,1.34425342862836
"R02","Al Jouf",2020-02-01,-0.38078929693901,0.641799611051228,-1.02258890799024
"R02","Al Jouf",2020-03-01,-0.0726019783145126,0.065872926361363,-0.138474904675876
"R02","Al Jouf",2020-04-01,0.403350625089516,-0.0170404640250095,0.420391089114526
"R02","Al Jouf",2020-05-01,-0.697740096493948,-0.496610228328206,-0.201129868165742
"R02","Al Jouf",2020-06-01,-0.211184816526444,-0.481239795654188,0.270054979127744
"R02","Al Jouf",2020-07-01,4.48278142593033,5.49433647992018,-1.01155505398985
"R02","Al Jouf",2020-08-01,0.32596700615608,0.226331260268911,0.0996357458871692
"R02","Al Jouf",2020-09-01,0.164869024079461,-0.15587775830129,0.320746782380751
"R02","Al Jouf",2020-10-01,0.504453380741321,0.270526459136252,0.233926921605069
"R02","Al Jouf",2020-11-01,-0.109496842035561,-0.214872614580819,0.105375772545258
"R02","Al Jouf",2020-12-01,-0.179900966355184,-0.108875116674765,-0.0710258496804188
"R02","Al Jouf",2021-01-01,0.311055146742056,0.562388170480143,-0.251333023738087
"R02","Al Jouf",2021-02-01,0.467840706095846,-0.212632389477468,0.680473095573314
"R02","Al Jouf",2021-03-01,0.0517855678594081,0.0854325332484401,-0.033646965389032
"R02","Al Jouf",2021-04-01,0.68578922152982,0.189514846963188,0.496274374566632
"R02","Al Jouf",2021-05-01,-0.104913299962561,0.155870094329197,-0.260783394291758
"R02","Al Jouf",2021-06-01,0.13383654928516,0.0312638926285593,0.102572656656601
"R02","Al Jouf",2021-07-01,0.320096146784898,0.145819146541987,0.174277000242911
"R02","Al Jouf",2021-08-01,0.0494883929655465,0.0802464611369346,-0.0307580681713881
"R02","Al Jouf",2021-09-01,-0.567235987286097,-0.093722794845893,-0.473513192440204
"R02","Al Jouf",2021-10-01,0.941015105737097,0.220639316922159,0.720375788814938
"R02","Al Jouf",2021-11-01,0.597905383208541,0.0936075577135059,0.504297825495035
"R02","Al Jouf",2021-12-01,0.224728439124977,-0.0719328094425934,0.29666124856757
"R02","Al Jouf",2022-01-01,0.419448383308563,-0.0197598017438086,0.439208185052372
"R02","Al Jouf",2022-02-01,0.307442958004689,0.0316179953898808,0.275824962614808
"R02","Al Jouf",2022-03-01,0.188580111116821,0.0888460025151032,0.0997341086017177
"R02","Al Jouf",2022-04-01,0.670369767027346,0.456975284713252,0.213394482314094
"R02","Al Jouf",2022-05-01,0.581496649297186,0.263652202565725,0.317844446731462
"R02","Al Jouf",2022-06-01,0.286376154521584,0.18848725797842,0.0978888965431637
"R02","Al Jouf",2022-07-01,0.0867613620807006,0.262931539147867,-0.176170177067166
"R02","Al Jouf",2022-08-01,0.0746270895472634,0.214837077523464,-0.140209987976201
"R02","Al Jouf",2022-09-01,0.0837345689892466,-0.0185378030538788,0.102272372043125
"R02","Al Jouf",2022-10-01,0.197477219919584,0.209294596688214,-0.0118173767686302
"R02","Al Jouf",2022-11-01,-0.103967635371927,-0.0679117634433881,-0.0360558719285389
"R02","Al Jouf",2022-12-01,-0.200750544311834,-0.0908277681228535,-0.109922776188981
"R02","Al Jouf",2023-01-01,-0.363584539993766,-0.0804476486214632,-0.283136891372303
"R02","Al Jouf",2023-02-01,0.109856985931422,0.159861670900418,-0.0500046849689957
"R02","Al Jouf",2023-03-01,0.0462718054857092,-0.020594087170384,0.0668658926560932
"R02","Al Jouf",2023-04-01,0.371508676712118,0.227698467007462,0.143810209704656
"R02","Al Jouf",2023-05-01,-0.253761772217409,-0.110465815300044,-0.143295956917365
"R02","Al Jouf",2023-06-01,-0.0338792748031835,-0.0183554567336131,-0.0155238180695704
"R02","Al Jouf",2023-07-01,0.372412378870646,0.312828697480363,0.0595836813902827
"R02","Al Jouf",2023-08-01,0.0819386023946045,-0.0225675552853322,0.104506157679937
"R02","Al Jouf",2023-09-01,-0.174556811644155,-0.172099186181065,-0.0024576254630905
"R02","Al Jouf",2023-10-01,0.0421466306957718,0.206703108637075,-0.164556477941303
"R02","Al Jouf",2023-11-01,0.267190563584485,0.0993690079591063,0.167821555625379
"R02","Al Jouf",2023-12-01,0.072553473240955,0.0178233460606636,0.0547301271802914
"R02","Al Jouf",2024-01-01,0.124356053772878,0.124763291593282,-0.000407237820404249
"R02","Al Jouf",2024-02-01,0.356716295018078,0.127931043945533,0.228785251072545
"R02","Al Jouf",2024-03-01,0.0989972985388832,-0.105007170681443,0.204004469220326
"R02","Al Jouf",2024-04-01,0.0736400824725258,0.298674535461859,-0.225034452989333
"R02","Al Jouf",2024-05-01,-0.0714671730029259,-0.0276084334532822,-0.0438587395496437
"R02","Al Jouf",2024-06-01,0.483980588165611,0.182939994992427,0.301040593173184
"R02","Al Jouf",2024-07-01,0.0792166663411642,0.0509890265031446,0.0282276398380196
"R02","Al Jouf",2024-08-01,0.133460631206006,-0.0634523025072404,0.196912933713246
"R02","Al Jouf",2024-09-01,-0.168507491733649,-0.0197459235015676,-0.148761568232081
"R02","Al Jouf",2024-10-01,-0.0865035267120007,0.147728902785273,-0.234232429497274
"R02","Al Jouf",2024-11-01,0.0825690282029612,0.166346680772141,-0.0837776525691794
"R02","Al Jouf",2024-12-01,-0.127939530065735,-0.0794395169800212,-0.0485000130857138
"R02","Al Jouf",2025-01-01,0.199077721808383,0.278609556908182,-0.0795318350997988
"R02","Al Jouf",2025-02-01,0.069687989139311,0.132426277107731,-0.0627382879684199
"R02","Al Jouf",2025-03-01,-0.034309837618629,0.155278025968124,-0.189587863586753
"R02","Al Jouf",2025-04-01,0.361458416365235,0.174972226382089,0.186486189983146
"R02","Al Jouf",2025-05-01,-0.225280791708116,0.00258223502547916,-0.227863026733595
"R02","Al Jouf",2025-06-01,0.0244800797143618,0.0281154247058487,-0.00363534499148686
"R02","Al Jouf",2025-07-01,0.246968358392508,0.103882814522616,0.143085543869892
"R02","Al Jouf",2025-08-01,0.0499191062623972,0.0723820020795159,-0.0224628958171187
"R02","Al Jouf",2025-09-01,-0.0958723697553232,-0.069612943547811,-0.0262594262075122
"R02","Al Jouf",2025-10-01,0.31001046350756,0.203277092992328,0.106733370515232
"R02","Al Jouf",2025-11-01,0.0374772796059908,-0.039982161111221,0.0774594407172118
"R02","Al Jouf",2025-12-01,0.106688052503667,0.0366926457857511,0.0699954067179159
"R02","Al Jouf",2026-01-01,0.335420721554058,-0.0150657924806575,0.350486514034716
"R02","Al Jouf",2026-02-01,0.638267748903232,0.0368597682424246,0.601407980660807
"R03","Al Qassim",2013-02-01,0.0697380465298991,-0.0859150346000214,0.15565308112992
"R03","Al Qassim",2013-03-01,-0.00674248600329719,0.0576246615443937,-0.0643671475476909
"R03","Al Qassim",2013-04-01,0.295154034773404,0.130216905023664,0.16493712974974
"R03","Al Qassim",2013-05-01,0.210738746162331,-0.0291153512827966,0.239854097445128
"R03","Al Qassim",2013-06-01,-0.0972002924101822,0.0878637917856211,-0.185064084195803
"R03","Al Qassim",2013-07-01,0.365352920774331,0.500030528223495,-0.134677607449164
"R03","Al Qassim",2013-08-01,0.290428354795313,0.147863121812666,0.142565232982647
"R03","Al Qassim",2013-09-01,0.309794342763769,0.478446887229447,-0.168652544465678
"R03","Al Qassim",2013-10-01,-0.271990084281359,0.0418076623743139,-0.313797746655673
"R03","Al Qassim",2013-11-01,-0.128400934832307,0.187822160274575,-0.316223095106882
"R03","Al Qassim",2013-12-01,-0.0970260444236537,0.045287960531446,-0.1423140049551
"R03","Al Qassim",2014-01-01,-0.00486974527884598,0.308362587035729,-0.313232332314575
"R03","Al Qassim",2014-02-01,-0.225856253610068,0.127632774975388,-0.353489028585456
"R03","Al Qassim",2014-03-01,0.0090595167594465,-0.22503760510847,0.234097121867917
"R03","Al Qassim",2014-04-01,0.246939556207426,0.955459859949958,-0.708520303742532
"R03","Al Qassim",2014-05-01,0.0187809648487303,-0.327659683121598,0.346440647970329
"R03","Al Qassim",2014-06-01,0.286166763268003,0.556893779976493,-0.27072701670849
"R03","Al Qassim",2014-07-01,0.452990729646352,0.255919281375502,0.19707144827085
"R03","Al Qassim",2014-08-01,0.16782407660747,0.34369859205702,-0.17587451544955
"R03","Al Qassim",2014-09-01,0.291131800202926,0.175880271346389,0.115251528856537
"R03","Al Qassim",2014-10-01,0.137175217623664,-0.28916915396821,0.426344371591874
"R03","Al Qassim",2014-11-01,-0.105752684305127,0.673357587420611,-0.779110271725738
"R03","Al Qassim",2014-12-01,-0.0926470955912251,-0.000734615454777016,-0.0919124801364481
"R03","Al Qassim",2015-01-01,0.117094271972107,0.310821576797462,-0.193727304825355
"R03","Al Qassim",2015-02-01,0.168035213518447,-0.511093240764349,0.679128454282796
"R03","Al Qassim",2015-03-01,0.0942202199230913,0.579238656957949,-0.485018437034857
"R03","Al Qassim",2015-04-01,-0.0686697933710789,0.0435290690591471,-0.112198862430226
"R03","Al Qassim",2015-05-01,0.626447048593093,0.0854393883076949,0.541007660285398
"R03","Al Qassim",2015-06-01,-0.191047251892495,-0.28622317679168,0.095175924899185
"R03","Al Qassim",2015-07-01,0.151790061950141,0.14200341477037,0.00978664717977146
"R03","Al Qassim",2015-08-01,0.313947982710516,0.000661272781060457,0.313286709929456
"R03","Al Qassim",2015-09-01,0.0178069128432767,0.0591675732675987,-0.0413606604243221
"R03","Al Qassim",2015-10-01,0.241116862072044,0.130243444118709,0.110873417953335
"R03","Al Qassim",2015-11-01,-0.349453216680118,0.0757890527029479,-0.425242269383066
"R03","Al Qassim",2015-12-01,-0.218675766490595,0.120464126247433,-0.339139892738028
"R03","Al Qassim",2016-01-01,2.81530649938553,2.52900765577356,0.286298843611972
"R03","Al Qassim",2016-02-01,-0.0535348459616003,-0.0260965291330476,-0.0274383168285527
"R03","Al Qassim",2016-03-01,-0.452022565344823,0.399054453350193,-0.851077018695016
"R03","Al Qassim",2016-04-01,-0.111503181200057,0.0161405672467212,-0.127643748446778
"R03","Al Qassim",2016-05-01,-0.811209757473286,-0.0951711938120523,-0.716038563661234
"R03","Al Qassim",2016-06-01,-0.0454175369994481,0.0351521858723229,-0.080569722871771
"R03","Al Qassim",2016-07-01,0.171726041184872,-0.240098291099806,0.411824332284678
"R03","Al Qassim",2016-08-01,-0.0649427147727977,-0.0274745671009273,-0.0374681476718704
"R03","Al Qassim",2016-09-01,0.0371883604249668,0.0660541573551301,-0.0288657969301633
"R03","Al Qassim",2016-10-01,0.0923871469764137,-0.0701692512656655,0.162556398242079
"R03","Al Qassim",2016-11-01,-1.11889190165551,-0.31144191100404,-0.80744999065147
"R03","Al Qassim",2016-12-01,-0.433895376875881,-0.134382658097464,-0.299512718778417
"R03","Al Qassim",2017-01-01,-0.264345032665947,0.214634215321828,-0.478979247987775
"R03","Al Qassim",2017-02-01,-0.00178998062985158,0.0625928449887082,-0.0643828256185598
"R03","Al Qassim",2017-03-01,0.0107445301767761,-0.448291184404577,0.459035714581354
"R03","Al Qassim",2017-04-01,0.00745190945830032,0.0243212953528337,-0.0168693858945334
"R03","Al Qassim",2017-05-01,-0.170239635307379,-0.0516444393412018,-0.118595195966177
"R03","Al Qassim",2017-06-01,-0.108093765839801,-0.0613258329137771,-0.0467679329260239
"R03","Al Qassim",2017-07-01,0.00899852210434204,-0.0649064954535058,0.0739050175578478
"R03","Al Qassim",2017-08-01,0.00938017474316766,-0.0945770833315618,0.103957258074729
"R03","Al Qassim",2017-09-01,-0.0792238385500355,0.148856578098975,-0.22808041664901
"R03","Al Qassim",2017-10-01,-0.24399937348516,-0.31187662720892,0.0678772537237596
"R03","Al Qassim",2017-11-01,-0.00299887019119538,-0.377489906700574,0.374491036509378
"R03","Al Qassim",2017-12-01,-0.00915098450207097,-0.292118484299957,0.282967499797886
"R03","Al Qassim",2018-01-01,-0.655767301415811,2.85983533914038,-3.51560264055619
"R03","Al Qassim",2018-02-01,-0.11581687684199,-0.198940398319336,0.0831235214773463
"R03","Al Qassim",2018-03-01,-0.0736544715467247,-0.191739208263158,0.118084736716433
"R03","Al Qassim",2018-04-01,0.38181239610795,-0.303148317638157,0.684960713746107
"R03","Al Qassim",2018-05-01,-0.603832953637351,-0.473916998952374,-0.129915954684977
"R03","Al Qassim",2018-06-01,0.0038090677775493,-0.0863933599840131,0.0902024277615624
"R03","Al Qassim",2018-07-01,-3.77695946457308,-0.339059415962744,-3.43790004861034
"R03","Al Qassim",2018-08-01,-0.0993768290316943,-0.19783928019633,0.0984624511646361
"R03","Al Qassim",2018-09-01,-0.0978130926954535,-0.230989095723351,0.133176003027898
"R03","Al Qassim",2018-10-01,-0.148449288798513,-0.328776435500047,0.180327146701534
"R03","Al Qassim",2018-11-01,-0.0674438895471141,-0.14743015097989,0.0799862614327758
"R03","Al Qassim",2018-12-01,-0.518482156862721,-0.499251388245405,-0.0192307686173158
"R03","Al Qassim",2019-01-01,-1.9382898031802,-1.63390504285187,-0.304384760328331
"R03","Al Qassim",2019-02-01,-0.195023902155533,-0.174330890010063,-0.02069301214547
"R03","Al Qassim",2019-03-01,-0.0252194600840028,-0.0963169996166889,0.071097539532686
"R03","Al Qassim",2019-04-01,0.272281334048152,-0.00375109745315091,0.276032431501303
"R03","Al Qassim",2019-05-01,0.198456125838931,0.139005012347836,0.0594511134910953
"R03","Al Qassim",2019-06-01,0.370701946167618,0.260974027950545,0.109727918217073
"R03","Al Qassim",2019-07-01,-0.0257422603445079,0.108133395245391,-0.133875655589899
"R03","Al Qassim",2019-08-01,0.507430428939148,0.0911667160045565,0.416263712934592
"R03","Al Qassim",2019-09-01,0.895829726162312,0.155992007567792,0.73983771859452
"R03","Al Qassim",2019-10-01,0.630935592002491,-0.149159425783468,0.780095017785959
"R03","Al Qassim",2019-11-01,0.563681648288217,-0.0441214114132924,0.607803059701509
"R03","Al Qassim",2019-12-01,0.0869828245172677,0.305989758513801,-0.219006933996533
"R03","Al Qassim",2020-01-01,-4.62484417494755,-0.383766317024001,-4.24107785792355
"R03","Al Qassim",2020-02-01,6.93521891085958,0.725975252130157,6.20924365872942
"R03","Al Qassim",2020-03-01,0.770103869730487,0.150048567440292,0.620055302290195
"R03","Al Qassim",2020-04-01,0.283878510222202,0.0671351770539192,0.216743333168283
"R03","Al Qassim",2020-05-01,-0.0733425510351715,-0.412434587249277,0.339092036214106
"R03","Al Qassim",2020-06-01,-0.205109547704474,-0.397064154575259,0.191954606870785
"R03","Al Qassim",2020-07-01,5.68993473594039,5.5785121209991,0.111422614941285
"R03","Al Qassim",2020-08-01,0.222015971694134,0.31050690134784,-0.0884909296537055
"R03","Al Qassim",2020-09-01,-0.219902024598895,-0.0717021172223615,-0.148199907376533
"R03","Al Qassim",2020-10-01,0.229571753101254,0.354702100215181,-0.125130347113927
"R03","Al Qassim",2020-11-01,-0.184580108511945,-0.13069697350189,-0.053883135010055
"R03","Al Qassim",2020-12-01,-0.160324871552397,-0.0246994755958365,-0.135625395956561
"R03","Al Qassim",2021-01-01,-0.0498531597783902,0.646563811559072,-0.696416971337462
"R03","Al Qassim",2021-02-01,0.587954104684663,-0.12845674839854,0.716410853083203
"R03","Al Qassim",2021-03-01,0.19908204883734,0.169608174327369,0.0294738745099712
"R03","Al Qassim",2021-04-01,-0.573661022642291,0.273690488042117,-0.847351510684408
"R03","Al Qassim",2021-05-01,0.131456744478786,0.240045735408126,-0.10858899092934
"R03","Al Qassim",2021-06-01,-0.0128824743437228,0.115439533707488,-0.128322008051211
"R03","Al Qassim",2021-07-01,0.289210497199655,0.229994787620916,0.0592157095787392
"R03","Al Qassim",2021-08-01,0.125594907857529,0.164422102215863,-0.0388271943583344
"R03","Al Qassim",2021-09-01,-0.18607235298802,-0.00954715376696422,-0.176525199221056
"R03","Al Qassim",2021-10-01,0.350268834864753,0.304814958001088,0.0454538768636653
"R03","Al Qassim",2021-11-01,0.047797510398162,0.177783198792435,-0.129985688394273
"R03","Al Qassim",2021-12-01,0.267466584779452,0.0122428316363353,0.255223753143117
"R03","Al Qassim",2022-01-01,0.141649281159317,0.0644158393351202,0.0772334418241968
"R03","Al Qassim",2022-02-01,-0.189302934378155,0.11579363646881,-0.305096570846965
"R03","Al Qassim",2022-03-01,-0.156935044646911,0.173021643594032,-0.329956688240943
"R03","Al Qassim",2022-04-01,0.0649541602296466,0.541150925792181,-0.476196765562534
"R03","Al Qassim",2022-05-01,-0.0221335225103481,0.347827843644653,-0.369961366155001
"R03","Al Qassim",2022-06-01,0.961265733373384,0.272662899057349,0.688602834316035
"R03","Al Qassim",2022-07-01,0.509164049946254,0.347107180226796,0.162056869719458
"R03","Al Qassim",2022-08-01,0.206931203280547,0.299012718602393,-0.0920815153218456
"R03","Al Qassim",2022-09-01,0.111799188852224,0.06563783802505,0.046161350827174
"R03","Al Qassim",2022-10-01,0.24622021919507,0.293470237767143,-0.047250018572073
"R03","Al Qassim",2022-11-01,-0.183212136369804,0.0162638776355406,-0.199476014005345
"R03","Al Qassim",2022-12-01,-0.0787867455336766,-0.00665212704392473,-0.0721346184897519
"R03","Al Qassim",2023-01-01,0.585407554329986,0.00372799245746555,0.58167956187252
"R03","Al Qassim",2023-02-01,0.60071302585607,0.244037311979346,0.356675713876724
"R03","Al Qassim",2023-03-01,0.0172734698399069,0.0635815539085447,-0.0463080840686378
"R03","Al Qassim",2023-04-01,0.217889325830711,0.31187410808639,-0.0939847822556793
"R03","Al Qassim",2023-05-01,0.657244208909091,-0.0262901742211148,0.683534383130206
"R03","Al Qassim",2023-06-01,0.15472740826894,0.0658201843453156,0.0889072239236244
"R03","Al Qassim",2023-07-01,0.60814181611093,0.397004338559292,0.211137477551638
"R03","Al Qassim",2023-08-01,0.351308630577662,0.0616080857935966,0.289700544784065
"R03","Al Qassim",2023-09-01,0.522701572779649,-0.0879235451021358,0.610625117881785
"R03","Al Qassim",2023-10-01,0.433814567726554,0.290878749716004,0.14293581801055
"R03","Al Qassim",2023-11-01,0.689565240447809,0.183544649038035,0.506020591409774
"R03","Al Qassim",2023-12-01,1.46374066725361,0.101998987139592,1.36174168011402
"R03","Al Qassim",2024-01-01,-0.0569473898473838,0.208938932672211,-0.265886322519595
"R03","Al Qassim",2024-02-01,0.762319149158941,0.212106685024462,0.550212464134479
"R03","Al Qassim",2024-03-01,0.544064144784606,-0.0208315296025142,0.56489567438712
"R03","Al Qassim",2024-04-01,0.953817978491767,0.382850176540788,0.570967801950979
"R03","Al Qassim",2024-05-01,0.333839727777629,0.0565672076256465,0.277272520151982
"R03","Al Qassim",2024-06-01,0.289748960033265,0.267115636071355,0.0226333239619095
"R03","Al Qassim",2024-07-01,0.144591376644154,0.135164667582073,0.00942670906208065
"R03","Al Qassim",2024-08-01,0.20243612038362,0.0207233385716884,0.181712781811932
"R03","Al Qassim",2024-09-01,0.442512354556879,0.0644297175773611,0.378082636979518
"R03","Al Qassim",2024-10-01,-0.15951794192306,0.231904543864202,-0.391422485787262
"R03","Al Qassim",2024-11-01,-0.333944694234312,0.250522321851069,-0.584467016085381
"R03","Al Qassim",2024-12-01,0.0759168136322153,0.00473612409890753,0.0711806895333078
"R03","Al Qassim",2025-01-01,0.358117085351051,0.362785197987111,-0.00466811263605948
"R03","Al Qassim",2025-02-01,0.102670565728236,0.21660191818666,-0.113931352458424
"R03","Al Qassim",2025-03-01,0.0758127546062859,0.239453667047053,-0.163640912440767
"R03","Al Qassim",2025-04-01,0.213928981391831,0.259147867461018,-0.0452188860691867
"R03","Al Qassim",2025-05-01,0.0893860801713942,0.0867578761044079,0.00262820406698629
"R03","Al Qassim",2025-06-01,0.0913819410351735,0.112291065784777,-0.0209091247496039
"R03","Al Qassim",2025-07-01,0.0286320878191582,0.188058455601545,-0.159426367782387
"R03","Al Qassim",2025-08-01,0.190903658177266,0.156557643158445,0.0343460150188214
"R03","Al Qassim",2025-09-01,0.496126805785568,0.0145626975311178,0.48156410825445
"R03","Al Qassim",2025-10-01,0.224232512733469,0.287452734071257,-0.0632202213377883
"R03","Al Qassim",2025-11-01,0.0669208162896062,0.0441934799677078,0.0227273363218984
"R03","Al Qassim",2025-12-01,0.157516066227803,0.12086828686468,0.0366477793631232
"R03","Al Qassim",2026-01-01,-0.0960044513289127,0.0691098485982712,-0.165114299927184
"R03","Al Qassim",2026-02-01,0.0461916044264932,0.121035409321353,-0.0748438048948601
"R04","Aseer",2013-02-01,-0.279418548078958,-0.0876869452849821,-0.191731602793976
"R04","Aseer",2013-03-01,0.0933797952688664,0.055852750859433,0.0375270444094334
"R04","Aseer",2013-04-01,0.146255553902996,0.128444994338703,0.0178105595642926
"R04","Aseer",2013-05-01,-0.018998828036132,-0.0308872619677573,0.0118884339316253
"R04","Aseer",2013-06-01,-0.00227080077399577,0.0860918811006604,-0.0883626818746562
"R04","Aseer",2013-07-01,0.588919267934518,0.498258617538534,0.0906606503959838
"R04","Aseer",2013-08-01,-0.0323930503067338,0.146091211127705,-0.178484261434439
"R04","Aseer",2013-09-01,0.0869606272171808,0.476674976544486,-0.389714349327306
"R04","Aseer",2013-10-01,-0.0583675276440765,0.0400357516893532,-0.0984032793334297
"R04","Aseer",2013-11-01,0.484891541339572,0.186050249589614,0.298841291749958
"R04","Aseer",2013-12-01,0.142502801223277,0.0435160498464853,0.0989867513767917
"R04","Aseer",2014-01-01,0.238891769332827,0.306590676350769,-0.0676989070179417
"R04","Aseer",2014-02-01,-0.0394930845510899,0.125860864290427,-0.165353948841517
"R04","Aseer",2014-03-01,0.125871918516207,-0.226809515793431,0.352681434309638
"R04","Aseer",2014-04-01,0.16855955656343,0.953687949264997,-0.785128392701567
"R04","Aseer",2014-05-01,0.728874168921312,-0.329431593806559,1.05830576272787
"R04","Aseer",2014-06-01,0.0861227914602303,0.555121869291533,-0.468999077831302
"R04","Aseer",2014-07-01,0.19442980454496,0.254147370690541,-0.0597175661455813
"R04","Aseer",2014-08-01,0.246934544184807,0.341926681372059,-0.0949921371872522
"R04","Aseer",2014-09-01,0.239076386235304,0.174108360661429,0.0649680255738753
"R04","Aseer",2014-10-01,-0.0140469070463389,-0.290941064653171,0.276894157606832
"R04","Aseer",2014-11-01,0.858248025637565,0.67158567673565,0.186662348901915
"R04","Aseer",2014-12-01,0.0195890090147977,-0.00250652613973773,0.0220955351545354
"R04","Aseer",2015-01-01,0.0823029890815619,0.309049666112502,-0.22674667703094
"R04","Aseer",2015-02-01,-0.349529659100956,-0.51286515144931,0.163335492348354
"R04","Aseer",2015-03-01,0.0463499144640167,0.577466746272988,-0.531116831808971
"R04","Aseer",2015-04-01,-0.143665907142587,0.0417571583741863,-0.185423065516773
"R04","Aseer",2015-05-01,0.0246332762435131,0.0836674776227342,-0.0590342013792211
"R04","Aseer",2015-06-01,-0.173731066934923,-0.287995087476641,0.114264020541718
"R04","Aseer",2015-07-01,0.00136561048194039,0.140231504085409,-0.138865893603468
"R04","Aseer",2015-08-01,-0.0248210202381749,-0.00111063790390026,-0.0237103823342746
"R04","Aseer",2015-09-01,-0.11150236880999,0.057395662582638,-0.168898031392628
"R04","Aseer",2015-10-01,-0.0766829668331859,0.128471533433748,-0.205154500266934
"R04","Aseer",2015-11-01,1.11848636381584,0.0740171420179872,1.04446922179785
"R04","Aseer",2015-12-01,0.165530935744229,0.118692215562472,0.0468387201817567
"R04","Aseer",2016-01-01,2.33726034275454,2.5272357450886,-0.189975402334058
"R04","Aseer",2016-02-01,-0.094466975990759,-0.0278684398180083,-0.0665985361727507
"R04","Aseer",2016-03-01,-0.0807920310808008,0.397282542665233,-0.478074573746034
"R04","Aseer",2016-04-01,-0.180179469405584,0.0143686565617605,-0.194548125967344
"R04","Aseer",2016-05-01,0.0176423475912735,-0.096943104497013,0.114585452088286
"R04","Aseer",2016-06-01,0.380192394440204,0.0333802751873621,0.346812119252842
"R04","Aseer",2016-07-01,-0.24113300425439,-0.241870201784767,0.000737197530377154
"R04","Aseer",2016-08-01,-0.161095241824682,-0.029246477785888,-0.131848764038794
"R04","Aseer",2016-09-01,-0.0217726687878006,0.0642822466701694,-0.0860549154579699
"R04","Aseer",2016-10-01,0.280182829419928,-0.0719411619506262,0.352123991370554
"R04","Aseer",2016-11-01,-0.106897409200357,-0.313213821689001,0.206316412488644
"R04","Aseer",2016-12-01,-0.83773029936598,-0.136154568782425,-0.701575730583555
"R04","Aseer",2017-01-01,0.0991750670310765,0.212862304636868,-0.113687237605791
"R04","Aseer",2017-02-01,0.178328071493894,0.0608209343037475,0.117507137190146
"R04","Aseer",2017-03-01,-0.175451260347081,-0.450063095089538,0.274611834742457
"R04","Aseer",2017-04-01,0.124894492959804,0.022549384667873,0.102345108291931
"R04","Aseer",2017-05-01,-0.0337506688124378,-0.0534163500261625,0.0196656812137247
"R04","Aseer",2017-06-01,-0.20045234152235,-0.0630977435987378,-0.137354597923612
"R04","Aseer",2017-07-01,0.0173479468601911,-0.0666784061384665,0.0840263529986576
"R04","Aseer",2017-08-01,-0.0464381852391504,-0.0963489940165225,0.0499108087773721
"R04","Aseer",2017-09-01,2.48802954545786,0.147084667414014,2.34094487804385
"R04","Aseer",2017-10-01,-0.322930212503358,-0.31364853789388,-0.00928167460947771
"R04","Aseer",2017-11-01,0.0848431223013257,-0.379261817385534,0.46410493968686
"R04","Aseer",2017-12-01,-0.679745559078526,-0.293890394984917,-0.385855164093609
"R04","Aseer",2018-01-01,6.81463593858442,2.85806342845542,3.956572510129
"R04","Aseer",2018-02-01,-0.148473126614501,-0.200712309004297,0.0522391823897961
"R04","Aseer",2018-03-01,0.365898562659872,-0.193511118948119,0.559409681607991
"R04","Aseer",2018-04-01,0.421237819478382,-0.304920228323117,0.7261580478015
"R04","Aseer",2018-05-01,-0.449771875769756,-0.475688909637335,0.0259170338675789
"R04","Aseer",2018-06-01,-0.992761568482603,-0.0881652706689738,-0.904596297813629
"R04","Aseer",2018-07-01,0.378306411559581,-0.340831326647704,0.719137738207285
"R04","Aseer",2018-08-01,0.133326379447585,-0.199611190881291,0.332937570328876
"R04","Aseer",2018-09-01,-0.142192582320799,-0.232761006408312,0.0905684240875131
"R04","Aseer",2018-10-01,-0.966830015112929,-0.330548346185007,-0.636281668927922
"R04","Aseer",2018-11-01,-0.0594634622672174,-0.149202061664851,0.0897385993976332
"R04","Aseer",2018-12-01,0.123791505162796,-0.501023298930366,0.624814804093162
"R04","Aseer",2019-01-01,-0.525179843486168,-1.63567695353683,1.11049711005066
"R04","Aseer",2019-02-01,-0.00141567366158668,-0.176102800695024,0.174687127033437
"R04","Aseer",2019-03-01,-0.150379581371318,-0.0980889103016496,-0.0522906710696684
"R04","Aseer",2019-04-01,0.322292599010332,-0.00552300813811163,0.327815607148444
"R04","Aseer",2019-05-01,-0.246509451115617,0.137233101662875,-0.383742552778492
"R04","Aseer",2019-06-01,0.648108572662842,0.259202117265584,0.388906455397258
"R04","Aseer",2019-07-01,0.227648439078187,0.106361484560431,0.121286954517756
"R04","Aseer",2019-08-01,0.0294084947497275,0.0893948053195958,-0.0599863105698683
"R04","Aseer",2019-09-01,0.111222810571387,0.154220096882831,-0.042997286311444
"R04","Aseer",2019-10-01,-0.612004152582557,-0.150931336468429,-0.461072816114128
"R04","Aseer",2019-11-01,0.0994856015197776,-0.0458933220982531,0.145378923618031
"R04","Aseer",2019-12-01,0.496124720011526,0.30421784782884,0.191906872182686
"R04","Aseer",2020-01-01,0.0110390613328626,-0.385538227708962,0.396577289041825
"R04","Aseer",2020-02-01,0.183394455115149,0.724203341445196,-0.540808886330047
"R04","Aseer",2020-03-01,0.125451947842681,0.148276656755331,-0.02282470891265
"R04","Aseer",2020-04-01,0.00528568599502677,0.0653632663689585,-0.0600775803739317
"R04","Aseer",2020-05-01,-0.288586528824464,-0.414206497934238,0.125619969109774
"R04","Aseer",2020-06-01,-1.41999812799796,-0.39883606526022,-1.02116206273774
"R04","Aseer",2020-07-01,6.36520409021628,5.57674021031414,0.788463879902136
"R04","Aseer",2020-08-01,0.130730823166481,0.308734990662879,-0.178004167496398
"R04","Aseer",2020-09-01,0.00138482822160668,-0.0734740279073222,0.0748588561289289
"R04","Aseer",2020-10-01,0.113330257602495,0.35293018953022,-0.239599931927725
"R04","Aseer",2020-11-01,-0.0657881878710853,-0.132468884186851,0.0666806963157654
"R04","Aseer",2020-12-01,-0.0910757009120466,-0.0264713862807972,-0.0646043146312494
"R04","Aseer",2021-01-01,0.425234801468299,0.644791900874111,-0.219557099405812
"R04","Aseer",2021-02-01,-3.52656694110163,-0.1302286590835,-3.39633828201813
"R04","Aseer",2021-03-01,0.227581668182353,0.167836263642408,0.0597454045399449
"R04","Aseer",2021-04-01,-0.232618407180496,0.271918577357156,-0.504536984537652
"R04","Aseer",2021-05-01,0.57623281612198,0.238273824723165,0.337958991398815
"R04","Aseer",2021-06-01,0.0942187930518479,0.113667623022527,-0.0194488299706795
"R04","Aseer",2021-07-01,0.108198066292253,0.228222876935955,-0.120024810643702
"R04","Aseer",2021-08-01,0.113558969126348,0.162650191530903,-0.0490912224045547
"R04","Aseer",2021-09-01,-0.032689789063145,-0.0113190644519249,-0.0213707246112201
"R04","Aseer",2021-10-01,0.404818031925558,0.303043047316127,0.101774984609431
"R04","Aseer",2021-11-01,0.113609035964934,0.176011288107474,-0.0624022521425399
"R04","Aseer",2021-12-01,0.19034340064179,0.0104709209513746,0.179872479690415
"R04","Aseer",2022-01-01,0.0776979470658468,0.0626439286501594,0.0150540184156874
"R04","Aseer",2022-02-01,0.138491074012226,0.114021725783849,0.0244693482283771
"R04","Aseer",2022-03-01,0.18440250162497,0.171249732909071,0.0131527687158987
"R04","Aseer",2022-04-01,0.552733310578457,0.53937901510722,0.0133542954712368
"R04","Aseer",2022-05-01,0.853237594402767,0.346055932959693,0.507181661443074
"R04","Aseer",2022-06-01,0.0269367190675496,0.270890988372388,-0.243954269304839
"R04","Aseer",2022-07-01,0.598617872102647,0.345335269541835,0.253282602560812
"R04","Aseer",2022-08-01,0.235132232518342,0.297240807917432,-0.06210857539909
"R04","Aseer",2022-09-01,0.0576910583539814,0.0638659273400893,-0.00617486898610786
"R04","Aseer",2022-10-01,0.144879005566878,0.291698327082182,-0.146819321515304
"R04","Aseer",2022-11-01,-0.559816323151097,0.0144919669505799,-0.574308290101677
"R04","Aseer",2022-12-01,-0.309946490026558,-0.00842403772888545,-0.301522452297673
"R04","Aseer",2023-01-01,-1.65446486881047,0.00195608177250484,-1.65642095058297
"R04","Aseer",2023-02-01,0.0817745735609776,0.242265401294386,-0.160490827733408
"R04","Aseer",2023-03-01,0.0392081665120614,0.061809643223584,-0.0226014767115226
"R04","Aseer",2023-04-01,1.07506411244431,0.31010219740143,0.764961915042881
"R04","Aseer",2023-05-01,0.783659399109737,-0.0280620849060756,0.811721484015813
"R04","Aseer",2023-06-01,-0.246031338663322,0.0640482736603549,-0.310079612323677
"R04","Aseer",2023-07-01,0.663288000103091,0.395232427874331,0.26805557222876
"R04","Aseer",2023-08-01,1.06934551823432,0.0598361751086358,1.00950934312568
"R04","Aseer",2023-09-01,-0.801051458344482,-0.0896954557870965,-0.711356002557386
"R04","Aseer",2023-10-01,0.156686027291286,0.289106839031043,-0.132420811739757
"R04","Aseer",2023-11-01,0.0715550718035196,0.181772738353074,-0.110217666549555
"R04","Aseer",2023-12-01,-0.274204204530193,0.100227076454632,-0.374431280984825
"R04","Aseer",2024-01-01,-0.25649918289572,0.20716702198725,-0.46366620488297
"R04","Aseer",2024-02-01,-0.252627436087849,0.210334774339501,-0.46296221042735
"R04","Aseer",2024-03-01,-0.120969915041158,-0.022603440287475,-0.098366474753683
"R04","Aseer",2024-04-01,0.207506200070728,0.381078265855827,-0.173572065785099
"R04","Aseer",2024-05-01,-0.0298288430909288,0.0547952969406858,-0.0846241400316146
"R04","Aseer",2024-06-01,0.181423020997062,0.265343725386395,-0.0839207043893328
"R04","Aseer",2024-07-01,0.234066771646546,0.133392756897113,0.100674014749433
"R04","Aseer",2024-08-01,0.0304985730779528,0.0189514278867276,0.0115471451912252
"R04","Aseer",2024-09-01,-0.562862599760638,0.0626578068924004,-0.625520406653038
"R04","Aseer",2024-10-01,-0.704369850532771,0.230132633179241,-0.934502483712012
"R04","Aseer",2024-11-01,0.184155093211036,0.248750411166109,-0.0645953179550727
"R04","Aseer",2024-12-01,0.0610336173064496,0.00296421341394681,0.0580694038925028
"R04","Aseer",2025-01-01,0.302810009187748,0.36101328730215,-0.0582032781144018
"R04","Aseer",2025-02-01,0.263648732543409,0.214830007501699,0.0488187250417101
"R04","Aseer",2025-03-01,0.0551091949623661,0.237681756362092,-0.182572561399726
"R04","Aseer",2025-04-01,0.360656748769195,0.257375956776057,0.103280791993138
"R04","Aseer",2025-05-01,-0.209813906679202,0.0849859654194472,-0.294799872098649
"R04","Aseer",2025-06-01,0.0331504072130784,0.110519155099817,-0.0773687478867383
"R04","Aseer",2025-07-01,0.284032904832898,0.186286544916584,0.0977463599163135
"R04","Aseer",2025-08-01,0.959251487207879,0.154785732473484,0.804465754734395
"R04","Aseer",2025-09-01,-0.656463771778792,0.0127907868461571,-0.669254558624949
"R04","Aseer",2025-10-01,0.100957475797525,0.285680823386297,-0.184723347588772
"R04","Aseer",2025-11-01,-0.146182816546148,0.042421569282747,-0.188604385828895
"R04","Aseer",2025-12-01,0.218925811697712,0.119096376179719,0.0998294355179929
"R04","Aseer",2026-01-01,0.0231906849968766,0.0673379379133105,-0.0441472529164339
"R04","Aseer",2026-02-01,0.172162693428568,0.119263498636393,0.0528991947921754
"R05","Eastern Province",2013-02-01,-0.306260822321391,-0.156971919204138,-0.149288903117253
"R05","Eastern Province",2013-03-01,0.0825326751594524,-0.0134322230597234,0.0959648982191758
"R05","Eastern Province",2013-04-01,0.135300281145678,0.059160020419547,0.076140260726131
"R05","Eastern Province",2013-05-01,-0.145384757078837,-0.100172235886914,-0.0452125211919233
"R05","Eastern Province",2013-06-01,0.51810569338544,0.016806907181504,0.501298786203936
"R05","Eastern Province",2013-07-01,0.640523903269496,0.428973643619378,0.211550259650118
"R05","Eastern Province",2013-08-01,-0.695163869638904,0.0768062372085487,-0.771970106847453
"R05","Eastern Province",2013-09-01,0.0698007077276408,0.40739000262533,-0.337589294897689
"R05","Eastern Province",2013-10-01,0.507949266811103,-0.0292492222298032,0.537198489040906
"R05","Eastern Province",2013-11-01,-0.0139560242976344,0.116765275670458,-0.130721299968092
"R05","Eastern Province",2013-12-01,0.193897806482646,-0.0257689240726711,0.219666730555317
"R05","Eastern Province",2014-01-01,1.31263895775593,0.237305702431612,1.07533325532432
"R05","Eastern Province",2014-02-01,-0.110190026481849,0.0565758903712709,-0.16676591685312
"R05","Eastern Province",2014-03-01,0.100750200363642,-0.296094489712587,0.396844690076229
"R05","Eastern Province",2014-04-01,0.46215915343133,0.884402975345841,-0.422243821914511
"R05","Eastern Province",2014-05-01,0.0722107853333931,-0.398716567725715,0.470927353059108
"R05","Eastern Province",2014-06-01,0.521620485888619,0.485836895372376,0.0357835905162426
"R05","Eastern Province",2014-07-01,-0.0775160321028423,0.184862396771385,-0.262378428874227
"R05","Eastern Province",2014-08-01,0.911127019686386,0.272641707452903,0.638485312233483
"R05","Eastern Province",2014-09-01,-0.195752142300698,0.104823386742272,-0.30057552904297
"R05","Eastern Province",2014-10-01,0.0362821442214667,-0.360226038572327,0.396508182793794
"R05","Eastern Province",2014-11-01,-0.154922931785428,0.602300702816494,-0.757223634601922
"R05","Eastern Province",2014-12-01,0.31606653708085,-0.0717915000588941,0.387858037139744
"R05","Eastern Province",2015-01-01,0.375527927799446,0.239764692193345,0.135763235606101
"R05","Eastern Province",2015-02-01,-0.168711733733939,-0.582150125368467,0.413438391634528
"R05","Eastern Province",2015-03-01,0.1508640685425,0.508181772353831,-0.357317703811331
"R05","Eastern Province",2015-04-01,0.494851507829086,-0.0275278155449701,0.522379323374056
"R05","Eastern Province",2015-05-01,-0.0865795822623028,0.0143825037035778,-0.100962085965881
"R05","Eastern Province",2015-06-01,0.0422999821732439,-0.357280061395797,0.399580043569041
"R05","Eastern Province",2015-07-01,0.0453658951357738,0.0709465301662524,-0.0255806350304786
"R05","Eastern Province",2015-08-01,-0.200339807602035,-0.0703956118230566,-0.129944195778978
"R05","Eastern Province",2015-09-01,0.565236675548064,-0.0118893113365184,0.577125986884582
"R05","Eastern Province",2015-10-01,-0.276064697073597,0.0591865595145917,-0.335251256588189
"R05","Eastern Province",2015-11-01,0.176335148502016,0.00473216809883081,0.171602980403185
"R05","Eastern Province",2015-12-01,-0.0360750249748243,0.0494072416433159,-0.0854822666181402
"R05","Eastern Province",2016-01-01,2.66168358817396,2.45795077116944,0.203732817004519
"R05","Eastern Province",2016-02-01,-0.367848017851813,-0.0971534137371647,-0.270694604114648
"R05","Eastern Province",2016-03-01,0.344338242315789,0.327997568746076,0.0163406735697127
"R05","Eastern Province",2016-04-01,0.360996740937747,-0.0549163173573959,0.415913058295143
"R05","Eastern Province",2016-05-01,-0.450660377175094,-0.166228078416169,-0.284432298758925
"R05","Eastern Province",2016-06-01,-0.0661767422422521,-0.0359046987317943,-0.0302720435104578
"R05","Eastern Province",2016-07-01,0.125608279899136,-0.311155175703924,0.43676345560306
"R05","Eastern Province",2016-08-01,-0.122433199801097,-0.0985314517050444,-0.0239017480960526
"R05","Eastern Province",2016-09-01,-0.123067367275276,-0.00500272724898704,-0.118064640026289
"R05","Eastern Province",2016-10-01,-0.254618507664794,-0.141226135869783,-0.113392371795011
"R05","Eastern Province",2016-11-01,-0.284936730792928,-0.382498795608157,0.0975620648152292
"R05","Eastern Province",2016-12-01,-0.446284618977622,-0.205439542701581,-0.240845076276041
"R05","Eastern Province",2017-01-01,-0.107085408077179,0.143577330717711,-0.25066273879489
"R05","Eastern Province",2017-02-01,-0.257168801114283,-0.00846403961540888,-0.248704761498874
"R05","Eastern Province",2017-03-01,-0.141714394417924,-0.519348069008695,0.377633674590771
"R05","Eastern Province",2017-04-01,-0.431539465443365,-0.0467355892512834,-0.384803876192082
"R05","Eastern Province",2017-05-01,0.154932654003836,-0.122701323945319,0.277633977949155
"R05","Eastern Province",2017-06-01,-0.294516730221162,-0.132382717517894,-0.162134012703268
"R05","Eastern Province",2017-07-01,-0.0593676505612706,-0.135963380057623,0.0765957294963523
"R05","Eastern Province",2017-08-01,0.0619793104854161,-0.165633967935679,0.227613278421095
"R05","Eastern Province",2017-09-01,0.339206242210999,0.0777996934948578,0.261406548716141
"R05","Eastern Province",2017-10-01,-0.358531070002144,-0.382933511813037,0.0244024418108927
"R05","Eastern Province",2017-11-01,-0.26176387981911,-0.448546791304691,0.186782911485581
"R05","Eastern Province",2017-12-01,-0.875262601786275,-0.363175368904074,-0.512087232882201
"R05","Eastern Province",2018-01-01,3.57835533187245,2.78877845453626,0.789576877336191
"R05","Eastern Province",2018-02-01,-0.484480514417118,-0.269997282923453,-0.214483231493665
"R05","Eastern Province",2018-03-01,-0.741123186057813,-0.262796092867275,-0.478327093190538
"R05","Eastern Province",2018-04-01,-0.371875426265511,-0.374205202242274,0.00232977597676287
"R05","Eastern Province",2018-05-01,-1.16108606140042,-0.544973883556491,-0.616112177843929
"R05","Eastern Province",2018-06-01,0.432841798909678,-0.15745024458813,0.590292043497808
"R05","Eastern Province",2018-07-01,-0.110680409742692,-0.410116300566861,0.299435890824169
"R05","Eastern Province",2018-08-01,-0.397918975934708,-0.268896164800447,-0.129022811134261
"R05","Eastern Province",2018-09-01,-0.179703221179128,-0.302045980327468,0.122342759148341
"R05","Eastern Province",2018-10-01,-0.180511598413879,-0.399833320104164,0.219321721690285
"R05","Eastern Province",2018-11-01,-0.268079248173247,-0.218487035584007,-0.04959221258924
"R05","Eastern Province",2018-12-01,-0.210867236220658,-0.570308272849522,0.359441036628864
"R05","Eastern Province",2019-01-01,-3.29892044306863,-1.70496192745599,-1.59395851561264
"R05","Eastern Province",2019-02-01,-0.12909950476292,-0.24538777461418,0.11628826985126
"R05","Eastern Province",2019-03-01,-0.196639350932948,-0.167373884220806,-0.029265466712142
"R05","Eastern Province",2019-04-01,-0.0957525135975246,-0.074807982057268,-0.0209445315402566
"R05","Eastern Province",2019-05-01,-0.101040061290192,0.0679481277437186,-0.168988189033911
"R05","Eastern Province",2019-06-01,0.810011250437181,0.189917143346428,0.620094107090753
"R05","Eastern Province",2019-07-01,-0.768176168807866,0.0370765106412743,-0.80525267944914
"R05","Eastern Province",2019-08-01,-0.119939651653667,0.0201098314004394,-0.140049483054106
"R05","Eastern Province",2019-09-01,-0.0338780232457481,0.0849351229636746,-0.118813146209423
"R05","Eastern Province",2019-10-01,-0.192467331103074,-0.220216310387586,0.0277489792845115
"R05","Eastern Province",2019-11-01,-0.247067258401135,-0.11517829601741,-0.131888962383725
"R05","Eastern Province",2019-12-01,0.338024659043423,0.234932873909684,0.103091785133739
"R05","Eastern Province",2020-01-01,-0.184163800939263,-0.454823201628119,0.270659400688856
"R05","Eastern Province",2020-02-01,-0.212228240480172,0.65491836752604,-0.867146608006212
"R05","Eastern Province",2020-03-01,0.167517684506535,0.0789916828361746,0.0885260016703604
"R05","Eastern Province",2020-04-01,-0.744307328499438,-0.0039217075501979,-0.74038562094924
"R05","Eastern Province",2020-05-01,-0.27143404370662,-0.483491471853394,0.212057428146774
"R05","Eastern Province",2020-06-01,-0.75270960729128,-0.468121039179376,-0.284588568111904
"R05","Eastern Province",2020-07-01,5.53320081396933,5.50745523639499,0.0257455775743427
"R05","Eastern Province",2020-08-01,0.0791684611228582,0.239450016743722,-0.160281555620864
"R05","Eastern Province",2020-09-01,-0.0807824832035564,-0.142759001826479,0.0619765186229222
"R05","Eastern Province",2020-10-01,-0.0245302898506772,0.283645215611064,-0.308175505461741
"R05","Eastern Province",2020-11-01,-0.795776109960755,-0.201753858106007,-0.594022251854748
"R05","Eastern Province",2020-12-01,-0.162980499182463,-0.0957563601999536,-0.0672241389825094
"R05","Eastern Province",2021-01-01,0.371913804841917,0.575506926954954,-0.203593122113037
"R05","Eastern Province",2021-02-01,0.199033802356396,-0.199513633002657,0.398547435359053
"R05","Eastern Province",2021-03-01,0.0607161948316559,0.0985512897232517,-0.0378350948915958
"R05","Eastern Province",2021-04-01,0.0620169648990476,0.202633603438,-0.140616638538952
"R05","Eastern Province",2021-05-01,0.174506990752743,0.168988850804009,0.00551813994873401
"R05","Eastern Province",2021-06-01,0.21989479536213,0.044382649103371,0.175512146258759
"R05","Eastern Province",2021-07-01,0.496305112128859,0.158937903016799,0.33736720911206
"R05","Eastern Province",2021-08-01,0.161733612282511,0.0933652176117463,0.0683683946707647
"R05","Eastern Province",2021-09-01,-0.167367639709948,-0.0806040383710813,-0.0867636013388667
"R05","Eastern Province",2021-10-01,0.0404149820251831,0.233758073396971,-0.193343091371788
"R05","Eastern Province",2021-11-01,0.682029117290739,0.106726314188318,0.575302803102421
"R05","Eastern Province",2021-12-01,0.436838736978729,-0.0588140529677818,0.495652789946511
"R05","Eastern Province",2022-01-01,-0.659994075158821,-0.00664104526899695,-0.653353029889824
"R05","Eastern Province",2022-02-01,0.0600513590776508,0.0447367518646925,0.0153146072129583
"R05","Eastern Province",2022-03-01,0.459137324467651,0.101964758989915,0.357172565477736
"R05","Eastern Province",2022-04-01,0.0766173565638795,0.470094041188064,-0.393476684624184
"R05","Eastern Province",2022-05-01,0.336688130373375,0.276770959040536,0.0599171713328389
"R05","Eastern Province",2022-06-01,0.0577737829298819,0.201606014453232,-0.14383223152335
"R05","Eastern Province",2022-07-01,0.475564594367217,0.276050295622679,0.199514298744538
"R05","Eastern Province",2022-08-01,0.657665210349823,0.227955833998276,0.429709376351547
"R05","Eastern Province",2022-09-01,-0.434561046177073,-0.00541904657906713,-0.429141999598006
"R05","Eastern Province",2022-10-01,0.15017516275595,0.222413353163026,-0.0722381904070759
"R05","Eastern Province",2022-11-01,-0.0243167663851018,-0.0547930069685765,0.0304762405834747
"R05","Eastern Province",2022-12-01,-0.523086482727031,-0.0777090116480418,-0.445377471078989
"R05","Eastern Province",2023-01-01,-0.0318062642736372,-0.0673288921466516,0.0355226278730144
"R05","Eastern Province",2023-02-01,0.458973163548038,0.172980427375229,0.285992736172809
"R05","Eastern Province",2023-03-01,-0.175352590007094,-0.00747533069557239,-0.167877259311522
"R05","Eastern Province",2023-04-01,0.130344194131116,0.240817223482273,-0.110473029351157
"R05","Eastern Province",2023-05-01,0.382612296082563,-0.097347058825232,0.479959354907795
"R05","Eastern Province",2023-06-01,-0.138648735324853,-0.0052367002588015,-0.133412035066052
"R05","Eastern Province",2023-07-01,0.0492180944390519,0.325947453955175,-0.276729359516123
"R05","Eastern Province",2023-08-01,-0.22072966707638,-0.00944879881052055,-0.211280868265859
"R05","Eastern Province",2023-09-01,0.0880830819788514,-0.158980429706253,0.247063511685104
"R05","Eastern Province",2023-10-01,0.488940328860554,0.219821865111887,0.269118463748667
"R05","Eastern Province",2023-11-01,-0.163004047318616,0.112487764433918,-0.275491811752534
"R05","Eastern Province",2023-12-01,0.115782789852048,0.0309421025354753,0.0848406873165727
"R05","Eastern Province",2024-01-01,0.305122848531436,0.137882048068094,0.167240800463342
"R05","Eastern Province",2024-02-01,0.171894628005731,0.141049800420345,0.030844827585386
"R05","Eastern Province",2024-03-01,-0.30557523466701,-0.0918884142066314,-0.213686820460379
"R05","Eastern Province",2024-04-01,0.0386714314618786,0.311793291936671,-0.273121860474792
"R05","Eastern Province",2024-05-01,0.0707563582949433,-0.0144896769784706,0.0852460352734139
"R05","Eastern Province",2024-06-01,0.230862155951694,0.196058751467238,0.0348034044844556
"R05","Eastern Province",2024-07-01,0.0886028524162974,0.0641077829779562,0.0244950694383411
"R05","Eastern Province",2024-08-01,0.373617987199548,-0.0503335460324288,0.423951533231977
"R05","Eastern Province",2024-09-01,-0.100314672520252,-0.00662716702675598,-0.093687505493496
"R05","Eastern Province",2024-10-01,0.717532293575562,0.160847659260085,0.556684634315477
"R05","Eastern Province",2024-11-01,0.515909207940535,0.179465437246952,0.336443770693583
"R05","Eastern Province",2024-12-01,-0.195228529860803,-0.0663207605052096,-0.128907769355593
"R05","Eastern Province",2025-01-01,0.292463182361669,0.291728313382993,0.000734868978675585
"R05","Eastern Province",2025-02-01,0.0694803255410825,0.145545033582543,-0.07606470804146
"R05","Eastern Province",2025-03-01,-0.101176668404879,0.168396782442936,-0.269573450847815
"R05","Eastern Province",2025-04-01,0.428558596886308,0.188090982856901,0.240467614029407
"R05","Eastern Province",2025-05-01,-0.313491085306605,0.0157009915002908,-0.329192076806896
"R05","Eastern Province",2025-06-01,0.191575860728399,0.0412341811806603,0.150341679547739
"R05","Eastern Province",2025-07-01,0.0767395588293418,0.117001570997428,-0.0402620121680863
"R05","Eastern Province",2025-08-01,-0.276789820121515,0.0855007585543275,-0.362290578675842
"R05","Eastern Province",2025-09-01,-0.30914928713095,-0.0564941870729993,-0.252655100057951
"R05","Eastern Province",2025-10-01,0.237642386633219,0.21639584946714,0.0212465371660789
"R05","Eastern Province",2025-11-01,0.0350331637827495,-0.0268634046364094,0.0618965684191589
"R05","Eastern Province",2025-12-01,-0.094257923091412,0.0498114022605627,-0.144069325351975
"R05","Eastern Province",2026-01-01,0.134043192107569,-0.0019470360058459,0.135990228113415
"R05","Eastern Province",2026-02-01,0.149334262596135,0.0499785247172362,0.0993557378788988
"R06","Hail",2013-02-01,-0.323705799032226,-0.171691524319186,-0.15201427471304
"R06","Hail",2013-03-01,0.0421904145330387,-0.028151828174771,0.0703422427078097
"R06","Hail",2013-04-01,-0.0562809389066388,0.0444404153044994,-0.100721354211138
"R06","Hail",2013-05-01,0.0353062308391827,-0.114891841001961,0.150198071841144
"R06","Hail",2013-06-01,-0.0349378555513091,0.0020873020664564,-0.0370251576177655
"R06","Hail",2013-07-01,0.9515324479346,0.41425403850433,0.53727840943027
"R06","Hail",2013-08-01,-0.32278165548778,0.0620866320935011,-0.384868287581281
"R06","Hail",2013-09-01,-0.166567239137549,0.392670397510282,-0.559237636647831
"R06","Hail",2013-10-01,0.623069352985173,-0.0439688273448508,0.667038180330024
"R06","Hail",2013-11-01,0.12048193298968,0.10204567055541,0.0184362624342696
"R06","Hail",2013-12-01,-0.0398815624858884,-0.0404885291877187,0.000606966701830296
"R06","Hail",2014-01-01,0.409129598188329,0.222586097316565,0.186543500871764
"R06","Hail",2014-02-01,-0.318730179817983,0.0418562852562233,-0.360586465074206
"R06","Hail",2014-03-01,0.0789705248522843,-0.310814094827635,0.389784619679919
"R06","Hail",2014-04-01,0.0600446738769911,0.869683370230793,-0.809638696353802
"R06","Hail",2014-05-01,-0.0534721525138337,-0.413436172840763,0.359964020326929
"R06","Hail",2014-06-01,0.189922688439914,0.471117290257329,-0.281194601817415
"R06","Hail",2014-07-01,0.282513525370653,0.170142791656337,0.112370733714316
"R06","Hail",2014-08-01,-0.298526535318011,0.257922102337855,-0.556448637655866
"R06","Hail",2014-09-01,0.575558367073459,0.0901037816272247,0.485454585446234
"R06","Hail",2014-10-01,-0.0226502355774372,-0.374945643687375,0.352295408109938
"R06","Hail",2014-11-01,0.0931868118268397,0.587581097701446,-0.494394285874606
"R06","Hail",2014-12-01,-0.110976690805575,-0.0865111051739417,-0.0244655856316333
"R06","Hail",2015-01-01,0.343718743847532,0.225045087078298,0.118673656769234
"R06","Hail",2015-02-01,-0.111020549879548,-0.596869730483514,0.485849180603966
"R06","Hail",2015-03-01,0.194026316947138,0.493462167238784,-0.299435850291646
"R06","Hail",2015-04-01,0.165142868795431,-0.0422474206600176,0.207390289455449
"R06","Hail",2015-05-01,-0.113398367754236,-0.000337101411469753,-0.113061266342766
"R06","Hail",2015-06-01,0.104778266431271,-0.371999666510845,0.476777932942116
"R06","Hail",2015-07-01,-0.00721540294383871,0.0562269250512049,-0.0634423279950436
"R06","Hail",2015-08-01,-0.154460562079262,-0.0851152169381042,-0.0693453451411578
"R06","Hail",2015-09-01,-0.144392243575364,-0.0266089164515659,-0.117783327123798
"R06","Hail",2015-10-01,-0.0520293396432336,0.0444669543995441,-0.0964962940427777
"R06","Hail",2015-11-01,-0.000566108571220525,-0.00998743701621678,0.00942132844499625
"R06","Hail",2015-12-01,0.231671705942293,0.0346876365282683,0.196984069414025
"R06","Hail",2016-01-01,2.36641511715687,2.44323116605439,-0.0768160488975238
"R06","Hail",2016-02-01,-0.193015338107028,-0.111873018852212,-0.0811423192548157
"R06","Hail",2016-03-01,-0.0456033163272807,0.313277963631029,-0.358881279958309
"R06","Hail",2016-04-01,-0.0578162659146564,-0.0696359224724435,0.0118196565577871
"R06","Hail",2016-05-01,-0.0630733297056096,-0.180947683531217,0.117874353825607
"R06","Hail",2016-06-01,-0.125472331406495,-0.0506243038468418,-0.0748480275596532
"R06","Hail",2016-07-01,0.057933455114334,-0.325874780818971,0.383808235933305
"R06","Hail",2016-08-01,0.336724951777612,-0.113251056820092,0.449976008597704
"R06","Hail",2016-09-01,-0.0933908601171041,-0.0197223323640346,-0.0736685277530695
"R06","Hail",2016-10-01,-0.388283732583528,-0.15594574098483,-0.232337991598698
"R06","Hail",2016-11-01,-0.510449235290089,-0.397218400723205,-0.113230834566884
"R06","Hail",2016-12-01,-0.215297477894794,-0.220159147816629,0.00486166992183493
"R06","Hail",2017-01-01,-0.257475181536915,0.128857725602664,-0.386332907139579
"R06","Hail",2017-02-01,0.0971449706471894,-0.0231836447304565,0.120328615377646
"R06","Hail",2017-03-01,-0.0778210937651735,-0.534067674123742,0.456246580358569
"R06","Hail",2017-04-01,-0.0293355289955777,-0.061455194366331,0.0321196653707533
"R06","Hail",2017-05-01,0.0756812407519014,-0.137420929060367,0.213102169812268
"R06","Hail",2017-06-01,0.222630500575871,-0.147102322632942,0.369732823208813
"R06","Hail",2017-07-01,0,-0.15068298517267,0.15068298517267
"R06","Hail",2017-08-01,0,-0.180353573050726,0.180353573050726
"R06","Hail",2017-09-01,0.0105175333792396,0.0630800883798102,-0.0525625550005706
"R06","Hail",2017-10-01,-0.128869826554645,-0.397653116928084,0.268783290373439
"R06","Hail",2017-11-01,0.196099617214696,-0.463266396419738,0.659366013634434
"R06","Hail",2017-12-01,-0.18906383434798,-0.377894974019121,0.188831139671141
"R06","Hail",2018-01-01,0.7606353772875,2.77405884942121,-2.01342347213371
"R06","Hail",2018-02-01,-1.12813307103394,-0.284716888038501,-0.843416182995439
"R06","Hail",2018-03-01,-0.497022363192468,-0.277515697982323,-0.219506665210145
"R06","Hail",2018-04-01,-0.527428018230314,-0.388924807357321,-0.138503210872993
"R06","Hail",2018-05-01,-0.712454211505964,-0.559693488671539,-0.152760722834425
"R06","Hail",2018-06-01,-0.154789902515251,-0.172169849703178,0.0173799471879268
"R06","Hail",2018-07-01,-1.2536221514309,-0.424835905681908,-0.828786245748992
"R06","Hail",2018-08-01,-1.01313503688285,-0.283615769915495,-0.729519266967355
"R06","Hail",2018-09-01,-0.643519724949293,-0.316765585442516,-0.326754139506777
"R06","Hail",2018-10-01,-0.358205967832959,-0.414552925219211,0.0563469573862524
"R06","Hail",2018-11-01,-0.395166403834946,-0.233206640699055,-0.161959763135891
"R06","Hail",2018-12-01,-0.422983029067403,-0.58502787796457,0.162044848897167
"R06","Hail",2019-01-01,-3.57222439012554,-1.71968153257103,-1.85254285755451
"R06","Hail",2019-02-01,-0.152946454866942,-0.260107379729228,0.107160924862286
"R06","Hail",2019-03-01,0.11467255028057,-0.182093489335854,0.296766039616424
"R06","Hail",2019-04-01,-0.117722873895154,-0.0895275871723156,-0.0281952867228384
"R06","Hail",2019-05-01,-0.0379466115328242,0.053228522628671,-0.0911751341614952
"R06","Hail",2019-06-01,-0.0141623937609303,0.17519753823138,-0.189359931992311
"R06","Hail",2019-07-01,0.371320980545153,0.0223569055262267,0.348964075018926
"R06","Hail",2019-08-01,0.109619177317821,0.00539022628539182,0.104228951032429
"R06","Hail",2019-09-01,-0.0141537811843229,0.070215517848627,-0.0843692990329499
"R06","Hail",2019-10-01,-0.318110603137001,-0.234935915502633,-0.0831746876343679
"R06","Hail",2019-11-01,-0.16521590290397,-0.129897901132457,-0.0353180017715129
"R06","Hail",2019-12-01,0.401759930639933,0.220213268794636,0.181546661845296
"R06","Hail",2020-01-01,-0.0578123772606354,-0.469542806743166,0.411730429482531
"R06","Hail",2020-02-01,0.041483131481268,0.640198762410992,-0.598715630929724
"R06","Hail",2020-03-01,0.101040261381247,0.064272077721127,0.03676818366012
"R06","Hail",2020-04-01,0.300462968806592,-0.0186413126652455,0.319104281471838
"R06","Hail",2020-05-01,-0.736255403830022,-0.498211076968442,-0.23804432686158
"R06","Hail",2020-06-01,-0.238574503813282,-0.482840644294424,0.244266140481142
"R06","Hail",2020-07-01,5.26061004450114,5.49273563127994,-0.2321255867788
"R06","Hail",2020-08-01,0.413747644371387,0.224730411628675,0.189017232742712
"R06","Hail",2020-09-01,0.33274287033338,-0.157478606941526,0.490221477274906
"R06","Hail",2020-10-01,0.063482373502044,0.268925610496016,-0.205443236993972
"R06","Hail",2020-11-01,-0.0236074973494205,-0.216473463221055,0.192865965871634
"R06","Hail",2020-12-01,-0.280484800838909,-0.110475965315001,-0.170008835523908
"R06","Hail",2021-01-01,0.383676439491065,0.560787321839907,-0.177110882348842
"R06","Hail",2021-02-01,0.195052814538066,-0.214233238117704,0.40928605265577
"R06","Hail",2021-03-01,0.0589726448120054,0.0838316846082041,-0.0248590397961987
"R06","Hail",2021-04-01,0.20457498355464,0.187913998322952,0.0166609852316877
"R06","Hail",2021-05-01,-0.0682743389975649,0.154269245688961,-0.222543584686526
"R06","Hail",2021-06-01,0.0739010718037392,0.0296630439883234,0.0442380278154158
"R06","Hail",2021-07-01,0.0932018247179478,0.144218297901751,-0.0510164731838033
"R06","Hail",2021-08-01,0.0659745277958201,0.0786456124966987,-0.0126710847008786
"R06","Hail",2021-09-01,0.16089573544944,-0.0953236434861289,0.256219378935569
"R06","Hail",2021-10-01,-0.116659916940076,0.219038468281923,-0.335698385221999
"R06","Hail",2021-11-01,-0.0433736596191281,0.0920067090732699,-0.135380368692398
"R06","Hail",2021-12-01,0.0551706275241592,-0.0735336580828294,0.128704285606989
"R06","Hail",2022-01-01,0.192744150195789,-0.0213606503840445,0.214104800579834
"R06","Hail",2022-02-01,0.106777536179159,0.0300171467496449,0.0767603894295141
"R06","Hail",2022-03-01,0.322023965713925,0.0872451538748673,0.234778811839058
"R06","Hail",2022-04-01,0.324319101456894,0.455374436073016,-0.131055334616122
"R06","Hail",2022-05-01,0.132057756335247,0.262051353925489,-0.129993597590242
"R06","Hail",2022-06-01,0.200681176250228,0.186886409338184,0.0137947669120436
"R06","Hail",2022-07-01,0.274373811225903,0.261330690507631,0.013043120718272
"R06","Hail",2022-08-01,0.550348078754759,0.213236228883228,0.337111849871531
"R06","Hail",2022-09-01,0.377249194532236,-0.0201386516941147,0.397387846226351
"R06","Hail",2022-10-01,0.693409639195597,0.207693748047978,0.485715891147619
"R06","Hail",2022-11-01,0.0594782028431773,-0.0695126120836241,0.128990814926801
"R06","Hail",2022-12-01,-0.224218171299029,-0.0924286167630894,-0.13178955453594
"R06","Hail",2023-01-01,0.169072867004605,-0.0820484972616991,0.251121364266304
"R06","Hail",2023-02-01,0.219760394764634,0.158260822260182,0.0614995725044523
"R06","Hail",2023-03-01,-0.133932462539121,-0.02219493581062,-0.111737526728501
"R06","Hail",2023-04-01,-0.571414844951157,0.226097618367226,-0.797512463318383
"R06","Hail",2023-05-01,0.314791540084869,-0.11206666394028,0.426858204025149
"R06","Hail",2023-06-01,0.720040986387982,-0.0199563053738491,0.739997291761831
"R06","Hail",2023-07-01,-0.233460369602057,0.311227848840127,-0.544688218442184
"R06","Hail",2023-08-01,0.0823065289323743,-0.0241684039255681,0.106474932857942
"R06","Hail",2023-09-01,-0.0733416016209354,-0.1737000348213,0.100358433200365
"R06","Hail",2023-10-01,0.473984599279831,0.205102259996839,0.268882339282992
"R06","Hail",2023-11-01,0.0104846129312719,0.0977681593188704,-0.0872835463875985
"R06","Hail",2023-12-01,0.180604685130881,0.0162224974204277,0.164382187710453
"R06","Hail",2024-01-01,-0.0455587791376999,0.123162442953046,-0.168721222090746
"R06","Hail",2024-02-01,0.284618444732399,0.126330195305297,0.158288249427102
"R06","Hail",2024-03-01,0.222908900118579,-0.106608019321679,0.329516919440258
"R06","Hail",2024-04-01,0.291175747419192,0.297073686821623,-0.00589793940243116
"R06","Hail",2024-05-01,0.385501149277179,-0.0292092820935182,0.414710431370697
"R06","Hail",2024-06-01,0.117578204278068,0.181339146352191,-0.0637609420741228
"R06","Hail",2024-07-01,0.35251572439492,0.0493881778629087,0.303127546532011
"R06","Hail",2024-08-01,0.311996584097773,-0.0650531511474763,0.377049735245249
"R06","Hail",2024-09-01,0.166303771432919,-0.0213467721418036,0.187650543574723
"R06","Hail",2024-10-01,-0.364906127542586,0.146128054145037,-0.511034181687623
"R06","Hail",2024-11-01,-0.202783967500864,0.164745832131905,-0.367529799632769
"R06","Hail",2024-12-01,0.0245655140925116,-0.0810403656202572,0.105605879712769
"R06","Hail",2025-01-01,0.432138870895038,0.277008708267946,0.155130162627092
"R06","Hail",2025-02-01,0.0794118176607128,0.130825428467495,-0.0514136108067821
"R06","Hail",2025-03-01,0.077045426768052,0.153677177327888,-0.076631750559836
"R06","Hail",2025-04-01,0.525841481550238,0.173371377741853,0.352470103808385
"R06","Hail",2025-05-01,-0.0776458548347847,0.000981386385243206,-0.0786272412200279
"R06","Hail",2025-06-01,-0.156213764717794,0.0265145760656127,-0.182728340783407
"R06","Hail",2025-07-01,0.301800728852797,0.10228196588238,0.199518762970417
"R06","Hail",2025-08-01,-0.133335757084652,0.0707811534392799,-0.204116910523932
"R06","Hail",2025-09-01,0.241697118767803,-0.0712137921880469,0.31291091095585
"R06","Hail",2025-10-01,0.661632645661747,0.201676244352093,0.459956401309654
"R06","Hail",2025-11-01,0.0582853591843069,-0.0415830097514569,0.0998683689357638
"R06","Hail",2025-12-01,0.0722680621999316,0.0350917971455151,0.0371762650544165
"R06","Hail",2026-01-01,-0.100766487934134,-0.0166666411208935,-0.0840998468132405
"R06","Hail",2026-02-01,-0.0448168487375611,0.0352589196021886,-0.0800757683397497
"R07","Jazan",2013-02-01,0.0243071073835033,-0.169138835669931,0.193445943053434
"R07","Jazan",2013-03-01,-0.223613311517123,-0.0255991395255158,-0.198014171991607
"R07","Jazan",2013-04-01,0.420699320662887,0.0469931039537546,0.373706216709132
"R07","Jazan",2013-05-01,-0.443106574020558,-0.112339152352706,-0.330767421667852
"R07","Jazan",2013-06-01,0.536708763847304,0.0046399907157116,0.532068773131592
"R07","Jazan",2013-07-01,0.324086286913872,0.416806727153585,-0.0927204402397135
"R07","Jazan",2013-08-01,0.456857330968585,0.0646393207427563,0.392218010225829
"R07","Jazan",2013-09-01,-0.300985695603195,0.395223086159538,-0.696208781762732
"R07","Jazan",2013-10-01,0.576320300171762,-0.0414161386955956,0.617736438867358
"R07","Jazan",2013-11-01,0.0133394729078695,0.104598359204666,-0.0912588862967961
"R07","Jazan",2013-12-01,0.118161443287512,-0.0379358405384635,0.156097283825975
"R07","Jazan",2014-01-01,-0.110409889915886,0.22513878596582,-0.335548675881706
"R07","Jazan",2014-02-01,-0.432387958622726,0.0444089739054785,-0.476796932528205
"R07","Jazan",2014-03-01,0.362999678536813,-0.30826140617838,0.671261084715193
"R07","Jazan",2014-04-01,0.41874370461672,0.872236058880048,-0.453492354263328
"R07","Jazan",2014-05-01,-0.526476387107877,-0.410883484191508,-0.115592902916369
"R07","Jazan",2014-06-01,0.000485969857866309,0.473669978906584,-0.473184009048718
"R07","Jazan",2014-07-01,0.489251047138684,0.172695480305593,0.316555566833091
"R07","Jazan",2014-08-01,0.930577685906275,0.26047479098711,0.670102894919165
"R07","Jazan",2014-09-01,-0.0446363483523449,0.0926564702764799,-0.137292818628825
"R07","Jazan",2014-10-01,0.0833295298820147,-0.37239295503812,0.455722484920134
"R07","Jazan",2014-11-01,1.10944604144878,0.590133786350701,0.519312255098079
"R07","Jazan",2014-12-01,0.973375431904788,-0.0839584165246865,1.05733384842947
"R07","Jazan",2015-01-01,0.391099735195777,0.227597775727553,0.163501959468224
"R07","Jazan",2015-02-01,-0.383820378655564,-0.594317041834259,0.210496663178695
"R07","Jazan",2015-03-01,0.0515575911435917,0.496014855888039,-0.444457264744447
"R07","Jazan",2015-04-01,0.00568836586349875,-0.0396947320107624,0.0453830978742612
"R07","Jazan",2015-05-01,-0.0820974710595834,0.00221558723778546,-0.0843130582973688
"R07","Jazan",2015-06-01,0.0103702024742525,-0.369446977861589,0.379817180335842
"R07","Jazan",2015-07-01,0.0395297736575984,0.0587796137004601,-0.0192498400428617
"R07","Jazan",2015-08-01,-0.316907995080129,-0.082562528288849,-0.23434546679128
"R07","Jazan",2015-09-01,-0.769354572998804,-0.0240562278023107,-0.745298345196493
"R07","Jazan",2015-10-01,1.46705100008635,0.0470196430487993,1.42003135703755
"R07","Jazan",2015-11-01,-0.293132083005787,-0.00743474836696157,-0.285697334638825
"R07","Jazan",2015-12-01,-0.0470046872345087,0.0372403251775235,-0.0842450124120322
"R07","Jazan",2016-01-01,2.40356788011384,2.44578385470365,-0.042215974589809
"R07","Jazan",2016-02-01,-0.19008343670075,-0.109320330202957,-0.0807631064977929
"R07","Jazan",2016-03-01,0.330752410426705,0.315830652280284,0.014921758146421
"R07","Jazan",2016-04-01,0.0276011129988873,-0.0670832338231883,0.0946843468220756
"R07","Jazan",2016-05-01,-0.281884262683985,-0.178394994881962,-0.103489267802023
"R07","Jazan",2016-06-01,0.273520555246787,-0.0480716151975866,0.321592170444374
"R07","Jazan",2016-07-01,0.330245317359523,-0.323322092169716,0.653567409529239
"R07","Jazan",2016-08-01,-0.622288826728656,-0.110698368170837,-0.511590458557819
"R07","Jazan",2016-09-01,0.440361933036204,-0.0171696437147794,0.457531576750983
"R07","Jazan",2016-10-01,-0.174645007549135,-0.153393052335575,-0.02125195521356
"R07","Jazan",2016-11-01,-0.080181717611616,-0.39466571207395,0.314483994462334
"R07","Jazan",2016-12-01,1.36602919463797,-0.217606459167374,1.58363565380534
"R07","Jazan",2017-01-01,0.214786485847984,0.131410414251919,0.0833760715960652
"R07","Jazan",2017-02-01,0.132250850022242,-0.0206309560812013,0.152881806103443
"R07","Jazan",2017-03-01,-5.42786561818183,-0.531514985474487,-4.89635063270734
"R07","Jazan",2017-04-01,-0.0886241818976785,-0.0589025057170758,-0.0297216761806027
"R07","Jazan",2017-05-01,-0.400428784104889,-0.134868240411111,-0.265560543693778
"R07","Jazan",2017-06-01,0.138146103012193,-0.144549633983687,0.28269573699588
"R07","Jazan",2017-07-01,-0.101442282364061,-0.148130296523415,0.0466880141593543
"R07","Jazan",2017-08-01,-0.0154208908202946,-0.177800884401471,0.162379993581177
"R07","Jazan",2017-09-01,-0.503118655784007,0.0656327770290654,-0.568751432813072
"R07","Jazan",2017-10-01,-0.800228536210223,-0.395100428278829,-0.405128107931394
"R07","Jazan",2017-11-01,-0.815294613136697,-0.460713707770483,-0.354580905366214
"R07","Jazan",2017-12-01,-1.82576113258284,-0.375342285369866,-1.45041884721297
"R07","Jazan",2018-01-01,5.84863339642485,2.77661153807047,3.07202185835438
"R07","Jazan",2018-02-01,-0.256904685095272,-0.282164199389246,0.0252595142939738
"R07","Jazan",2018-03-01,-0.935697089617449,-0.274963009333068,-0.660734080284382
"R07","Jazan",2018-04-01,-1.21700365358182,-0.386372118708066,-0.830631534873754
"R07","Jazan",2018-05-01,-0.270817288309111,-0.557140800022284,0.286323511713173
"R07","Jazan",2018-06-01,0.337763219384879,-0.169617161053923,0.507380380438802
"R07","Jazan",2018-07-01,0.361950634613528,-0.422283217032653,0.784233851646181
"R07","Jazan",2018-08-01,-0.484467992388105,-0.28106308126624,-0.203404911121865
"R07","Jazan",2018-09-01,0.0449023257193204,-0.314212896793261,0.359115222512581
"R07","Jazan",2018-10-01,-0.974948697374778,-0.412000236569956,-0.562948460804822
"R07","Jazan",2018-11-01,0.170182079504677,-0.230653952049799,0.400836031554476
"R07","Jazan",2018-12-01,-2.86719815856431,-0.582475189315315,-2.284722969249
"R07","Jazan",2019-01-01,-2.06970956957333,-1.71712884392178,-0.352580725651552
"R07","Jazan",2019-02-01,-0.456277187477472,-0.257554691079972,-0.1987224963975
"R07","Jazan",2019-03-01,-0.0708136353372524,-0.179540800686598,0.108727165349346
"R07","Jazan",2019-04-01,0.0243848105667688,-0.0869748985230604,0.111359709089829
"R07","Jazan",2019-05-01,0.348365060087374,0.0557812112779262,0.292583848809448
"R07","Jazan",2019-06-01,0.307758175431072,0.177750226880635,0.130007948550437
"R07","Jazan",2019-07-01,-0.0417731780621544,0.0249095941754819,-0.0666827722376363
"R07","Jazan",2019-08-01,-0.182915322737998,0.00794291493464703,-0.190858237672645
"R07","Jazan",2019-09-01,-0.31475887317578,0.0727682064978822,-0.387527079673662
"R07","Jazan",2019-10-01,-0.744321934922532,-0.232383226853378,-0.511938708069154
"R07","Jazan",2019-11-01,-0.103487731022334,-0.127345212483202,0.0238574814608679
"R07","Jazan",2019-12-01,0.79732485688222,0.222765957443892,0.574558899438328
"R07","Jazan",2020-01-01,-0.553006319043625,-0.466990118093911,-0.086016200949714
"R07","Jazan",2020-02-01,1.33543758437149,0.642751451060247,0.692686133311243
"R07","Jazan",2020-03-01,-0.271105947802042,0.0668247663703822,-0.337930714172424
"R07","Jazan",2020-04-01,0.403246636833732,-0.0160886240159903,0.419335260849722
"R07","Jazan",2020-05-01,-0.305810617147984,-0.495658388319187,0.189847771171203
"R07","Jazan",2020-06-01,-0.952858913136723,-0.480287955645169,-0.472570957491554
"R07","Jazan",2020-07-01,4.77370770190451,5.49528831992919,-0.721580618024684
"R07","Jazan",2020-08-01,-0.403318986740597,0.22728310027793,-0.630602087018527
"R07","Jazan",2020-09-01,-0.146320299205982,-0.154925918292271,0.00860561908628898
"R07","Jazan",2020-10-01,-0.427855059723559,0.271478299145272,-0.699333358868831
"R07","Jazan",2020-11-01,-0.854859368941074,-0.213920774571799,-0.640938594369274
"R07","Jazan",2020-12-01,-0.188890720754742,-0.107923276665746,-0.080967444088996
"R07","Jazan",2021-01-01,0.449590184704896,0.563340010489162,-0.113749825784266
"R07","Jazan",2021-02-01,0.00580801180376511,-0.211680549468449,0.217488561272214
"R07","Jazan",2021-03-01,0.105765937440427,0.0863843732574593,0.0193815641829677
"R07","Jazan",2021-04-01,0.396338155671749,0.190466686972208,0.205871468699541
"R07","Jazan",2021-05-01,-0.0270913610744827,0.156821934338217,-0.183913295412699
"R07","Jazan",2021-06-01,-0.00806195438620705,0.0322157326375786,-0.0402776870237856
"R07","Jazan",2021-07-01,0.0514386242495668,0.146770986551006,-0.0953323623014395
"R07","Jazan",2021-08-01,-0.00408687645929717,0.0811983011459539,-0.0852851776052511
"R07","Jazan",2021-09-01,0.076819166909825,-0.0927709548368737,0.169590121746699
"R07","Jazan",2021-10-01,0.830302762253599,0.221591156931178,0.608711605322421
"R07","Jazan",2021-11-01,-0.04478281035869,0.0945593977225251,-0.139342208081215
"R07","Jazan",2021-12-01,-0.219343426977492,-0.0709809694335742,-0.148362457543918
"R07","Jazan",2022-01-01,0.840985465659649,-0.0188079617347893,0.859793427394438
"R07","Jazan",2022-02-01,-0.17396366216289,0.0325698353989001,-0.20653349756179
"R07","Jazan",2022-03-01,-0.165645989382313,0.0897978425241225,-0.255443831906435
"R07","Jazan",2022-04-01,1.68727979533969,0.457927124722271,1.22935267061742
"R07","Jazan",2022-05-01,0.141250820265704,0.264604042574744,-0.12335322230904
"R07","Jazan",2022-06-01,0.560848818115289,0.18943909798744,0.371409720127849
"R07","Jazan",2022-07-01,0.310651345593893,0.263883379156886,0.0467679664370068
"R07","Jazan",2022-08-01,0.179905800448488,0.215788917532483,-0.0358831170839952
"R07","Jazan",2022-09-01,0.0455765346810466,-0.0175859630448595,0.0631624977259061
"R07","Jazan",2022-10-01,0.298357444685937,0.210246436697233,0.0881110079887035
"R07","Jazan",2022-11-01,0.0485761313992583,-0.0669599234343689,0.115536054833627
"R07","Jazan",2022-12-01,0.327521606111159,-0.0898759281138342,0.417397534224993
"R07","Jazan",2023-01-01,-0.13979705193794,-0.0794958086124439,-0.0603012433254961
"R07","Jazan",2023-02-01,0.457898731109552,0.160813510909437,0.297085220200115
"R07","Jazan",2023-03-01,-0.257641780768836,-0.0196422471613648,-0.237999533607471
"R07","Jazan",2023-04-01,0.267646268460275,0.228650307016481,0.0389959614437942
"R07","Jazan",2023-05-01,-0.512212548005309,-0.109513975291024,-0.402698572714285
"R07","Jazan",2023-06-01,-0.51818156095127,-0.0174036167245939,-0.500777944226676
"R07","Jazan",2023-07-01,0.571579592998983,0.313780537489383,0.2577990555096
"R07","Jazan",2023-08-01,-0.618009711147582,-0.0216157152763129,-0.596393995871269
"R07","Jazan",2023-09-01,0.50804135935083,-0.171147346172045,0.679188705522875
"R07","Jazan",2023-10-01,0.0712805055253618,0.207654948646094,-0.136374443120732
"R07","Jazan",2023-11-01,0.315716605182814,0.100320847968126,0.215395757214688
"R07","Jazan",2023-12-01,-0.283390467676981,0.0187751860696829,-0.302165653746664
"R07","Jazan",2024-01-01,0.1605388516003,0.125715131602302,0.0348237199979985
"R07","Jazan",2024-02-01,-0.318108913159776,0.128882883954553,-0.446991797114329
"R07","Jazan",2024-03-01,0.301417958840933,-0.104055330672424,0.405473289513357
"R07","Jazan",2024-04-01,0.539793235496955,0.299626375470878,0.240166860026077
"R07","Jazan",2024-05-01,-0.120369295571177,-0.026656593444263,-0.093712702126914
"R07","Jazan",2024-06-01,0.446989108499807,0.183891835001446,0.263097273498361
"R07","Jazan",2024-07-01,-0.431465695825839,0.0519408665121639,-0.483406562338003
"R07","Jazan",2024-08-01,-0.207178861739976,-0.0625004624982211,-0.144678399241755
"R07","Jazan",2024-09-01,0.84352888646535,-0.0187940834925484,0.862322969957898
"R07","Jazan",2024-10-01,0.497672812553329,0.148680742794292,0.348992069759037
"R07","Jazan",2024-11-01,0.152655473913565,0.16729852078116,-0.0146430468675949
"R07","Jazan",2024-12-01,0.13174550518702,-0.078487676971002,0.210233182158022
"R07","Jazan",2025-01-01,0.463408495025508,0.279561396917201,0.183847098108307
"R07","Jazan",2025-02-01,0.203432327881536,0.13337811711675,0.0700542107647859
"R07","Jazan",2025-03-01,0.246914786831276,0.156229865977143,0.0906849208541328
"R07","Jazan",2025-04-01,0.138400514552206,0.175924066391108,-0.0375235518389022
"R07","Jazan",2025-05-01,-0.0105259663429891,0.00353407503449842,-0.0140600413774875
"R07","Jazan",2025-06-01,-0.0240360777422843,0.0290672647148679,-0.0531033424571522
"R07","Jazan",2025-07-01,-0.0461036326210085,0.104834654531636,-0.150938287152644
"R07","Jazan",2025-08-01,0.317306316577515,0.0733338420885351,0.24397247448898
"R07","Jazan",2025-09-01,0.0858027781344362,-0.0686611035387917,0.154463881673228
"R07","Jazan",2025-10-01,-0.0010869532706792,0.204228933001348,-0.205315886272027
"R07","Jazan",2025-11-01,-0.0491415243180526,-0.0390303211022017,-0.0101112032158509
"R07","Jazan",2025-12-01,0.00750835754228518,0.0376444857947703,-0.0301361282524852
"R07","Jazan",2026-01-01,-0.0479358119114259,-0.0141139524716383,-0.0338218594397876
"R07","Jazan",2026-02-01,0.0303004121932737,0.0378116082514439,-0.00751119605817015
"R08","Madinah",2013-02-01,-0.0299947328116446,-0.0292100269175588,-0.000784705894085764
"R08","Madinah",2013-03-01,0.0662960683168734,0.114329669226856,-0.0480336009099829
"R08","Madinah",2013-04-01,-0.0401624884362128,0.186921912706127,-0.227084401142339
"R08","Madinah",2013-05-01,0.224055918555877,0.027589656399666,0.196466262156211
"R08","Madinah",2013-06-01,-0.0993807461915353,0.144568799468084,-0.243949545659619
"R08","Madinah",2013-07-01,0.64421429204975,0.556735535905957,0.0874787561437925
"R08","Madinah",2013-08-01,0.00254947515809789,0.204568129495128,-0.20201865433703
"R08","Madinah",2013-09-01,0.476971872021092,0.53515189491191,-0.0581800228908176
"R08","Madinah",2013-10-01,-0.208570058338697,0.0985126700567764,-0.307082728395473
"R08","Madinah",2013-11-01,0.124964365627456,0.244527167957038,-0.119562802329582
"R08","Madinah",2013-12-01,-0.187112730981998,0.101992968213909,-0.289105699195907
"R08","Madinah",2014-01-01,0.334990779910793,0.365067594718192,-0.0300768148073989
"R08","Madinah",2014-02-01,0.350822678042384,0.184337782657851,0.166484895384533
"R08","Madinah",2014-03-01,0.289518258972965,-0.168332597426008,0.457850856398973
"R08","Madinah",2014-04-01,0.27235408413846,1.01216486763242,-0.73981078349396
"R08","Madinah",2014-05-01,0.324597593485443,-0.270954675439136,0.595552268924579
"R08","Madinah",2014-06-01,0.225532642044346,0.613598787658956,-0.38806614561461
"R08","Madinah",2014-07-01,0.651276023105485,0.312624289057965,0.33865173404752
"R08","Madinah",2014-08-01,0.541299128138473,0.400403599739482,0.140895528398991
"R08","Madinah",2014-09-01,0.0204128620808319,0.232585279028852,-0.21217241694802
"R08","Madinah",2014-10-01,0.854412299207574,-0.232464146285748,1.08687644549332
"R08","Madinah",2014-11-01,0.388300903691441,0.730062595103073,-0.341761691411632
"R08","Madinah",2014-12-01,-0.0753707751052879,0.0559703922276855,-0.131341167332973
"R08","Madinah",2015-01-01,0.198998989815546,0.367526584479925,-0.168527594664379
"R08","Madinah",2015-02-01,0.177910622600486,-0.454388233081887,0.632298855682373
"R08","Madinah",2015-03-01,0.176446882365777,0.635943664640411,-0.459496782274634
"R08","Madinah",2015-04-01,0.124089628140389,0.10023407674161,0.0238555513987794
"R08","Madinah",2015-05-01,0.170822682608662,0.142144395990157,0.0286782866185045
"R08","Madinah",2015-06-01,0.175714857383991,-0.229518169109217,0.405233026493208
"R08","Madinah",2015-07-01,0.0450573691846756,0.198708422452832,-0.153651053268157
"R08","Madinah",2015-08-01,-0.0176576513696958,0.057366280463523,-0.0750239318332188
"R08","Madinah",2015-09-01,0.000809562195591695,0.115872580950061,-0.11506301875447
"R08","Madinah",2015-10-01,0.0187146678916505,0.186948451801171,-0.168233783909521
"R08","Madinah",2015-11-01,-0.130414957477676,0.13249406038541,-0.262909017863087
"R08","Madinah",2015-12-01,0.519216919491772,0.177169133929896,0.342047785561876
"R08","Madinah",2016-01-01,2.99046331533006,2.58571266345602,0.404750651874039
"R08","Madinah",2016-02-01,-0.118310353854323,0.030608478549415,-0.148918832403738
"R08","Madinah",2016-03-01,0.292405349907376,0.455759461032656,-0.16335411112528
"R08","Madinah",2016-04-01,0.768107414912311,0.0728455749291838,0.695261839983127
"R08","Madinah",2016-05-01,0.557676891557435,-0.0384661861295897,0.596143077687025
"R08","Madinah",2016-06-01,0.10641955177384,0.0918571935547854,0.0145623582190546
"R08","Madinah",2016-07-01,0.00494874483276675,-0.183393283417344,0.188342028250111
"R08","Madinah",2016-08-01,0.0393293127650018,0.0292304405815353,0.0100988721834665
"R08","Madinah",2016-09-01,-0.0668832843442324,0.122759165037593,-0.189642449381825
"R08","Madinah",2016-10-01,0.178259312584927,-0.0134642435832029,0.19172355616813
"R08","Madinah",2016-11-01,-0.0408864282789523,-0.254736903321578,0.213850475042625
"R08","Madinah",2016-12-01,-0.0585915615117116,-0.0776776504150017,0.0190860889032901
"R08","Madinah",2017-01-01,0.452359921498857,0.271339223004291,0.181020698494566
"R08","Madinah",2017-02-01,0.0939109673878669,0.119297852671171,-0.0253868852833039
"R08","Madinah",2017-03-01,0.110069665058266,-0.391586176722115,0.501655841780381
"R08","Madinah",2017-04-01,0.107988063902731,0.0810263030352963,0.0269617608674347
"R08","Madinah",2017-05-01,0.265383716656409,0.00506056834126076,0.260323148315148
"R08","Madinah",2017-06-01,-0.051179713073779,-0.00462082523131452,-0.0465588878424645
"R08","Madinah",2017-07-01,0.00953316401774984,-0.00820148777104321,0.017734651788793
"R08","Madinah",2017-08-01,-0.096798197314385,-0.0378720756490992,-0.0589261216652858
"R08","Madinah",2017-09-01,-0.314214775576804,0.205561585781437,-0.519776361358241
"R08","Madinah",2017-10-01,-0.294397495882492,-0.255171619526457,-0.0392258763560349
"R08","Madinah",2017-11-01,0.0806304751812981,-0.320784899018111,0.401415374199409
"R08","Madinah",2017-12-01,0.741765731416866,-0.235413476617494,0.97717920803436
"R08","Madinah",2018-01-01,12.732495265021,2.91654034682284,9.81595491819816
"R08","Madinah",2018-02-01,-0.165886515766722,-0.142235390636874,-0.0236511251298482
"R08","Madinah",2018-03-01,-0.0708231034869833,-0.135034200580696,0.0642110970937122
"R08","Madinah",2018-04-01,-0.175941857987549,-0.246443309955694,0.0705014519681452
"R08","Madinah",2018-05-01,-0.931108222562749,-0.417211991269912,-0.513896231292837
"R08","Madinah",2018-06-01,-0.385995472771672,-0.0296883523015505,-0.356307120470121
"R08","Madinah",2018-07-01,-0.00165149789452812,-0.282354408280281,0.280702910385753
"R08","Madinah",2018-08-01,-0.370071589611154,-0.141134272513868,-0.228937317097286
"R08","Madinah",2018-09-01,-0.990879446279536,-0.174284088040889,-0.816595358238647
"R08","Madinah",2018-10-01,-0.599611356610286,-0.272071427817584,-0.327539928792702
"R08","Madinah",2018-11-01,-0.121390905806695,-0.0907251432974273,-0.0306657625092677
"R08","Madinah",2018-12-01,-0.837965959753628,-0.442546380562943,-0.395419579190685
"R08","Madinah",2019-01-01,-2.73664110174998,-1.57720003516941,-1.15944106658057
"R08","Madinah",2019-02-01,-0.0917169465527223,-0.1176258823276,0.0259089357748781
"R08","Madinah",2019-03-01,-0.110737753058388,-0.0396119919342263,-0.0711257611241617
"R08","Madinah",2019-04-01,-0.234684098886717,0.0529539102293116,-0.287638009116029
"R08","Madinah",2019-05-01,0.244382565571755,0.195710020030298,0.0486725455414568
"R08","Madinah",2019-06-01,-0.134207628315153,0.317679035633007,-0.45188666394816
"R08","Madinah",2019-07-01,-0.0259421003083737,0.164838402927854,-0.190780503236228
"R08","Madinah",2019-08-01,0.0065140067337488,0.147871723687019,-0.14135771695327
"R08","Madinah",2019-09-01,-0.0472469362331474,0.212697015250254,-0.259943951483402
"R08","Madinah",2019-10-01,-0.353403744892322,-0.0924544181010059,-0.260949326791316
"R08","Madinah",2019-11-01,0.195483889663972,0.0125835962691701,0.182900293394802
"R08","Madinah",2019-12-01,0.254123983401833,0.362694766196264,-0.108570782794431
"R08","Madinah",2020-01-01,0.050554535988212,-0.327061309341539,0.377615845329751
"R08","Madinah",2020-02-01,-0.279015871375599,0.782680259812619,-1.06169613118822
"R08","Madinah",2020-03-01,0.19460133178395,0.206753575122754,-0.0121522433388043
"R08","Madinah",2020-04-01,-0.0981407046731775,0.123840184736382,-0.221980889409559
"R08","Madinah",2020-05-01,-0.586251956944928,-0.355729579566815,-0.230522377378113
"R08","Madinah",2020-06-01,-0.238256933275771,-0.340359146892797,0.102102213617026
"R08","Madinah",2020-07-01,5.33373322285735,5.63521712868157,-0.301483905824217
"R08","Madinah",2020-08-01,0.0410543399745222,0.367211909030302,-0.32615756905578
"R08","Madinah",2020-09-01,-0.0234871882348386,-0.0149971095398989,-0.00849007869493966
"R08","Madinah",2020-10-01,0.0763665533260571,0.411407107897644,-0.335040554571586
"R08","Madinah",2020-11-01,-0.468985796632637,-0.0739919658194274,-0.39499383081321
"R08","Madinah",2020-12-01,-0.424196736452309,0.0320055320866261,-0.456202268538935
"R08","Madinah",2021-01-01,0.43993103026061,0.703268819241534,-0.263337788980924
"R08","Madinah",2021-02-01,0.113705882203607,-0.071751740716077,0.185457622919684
"R08","Madinah",2021-03-01,0.146318565197046,0.226313182009831,-0.0799946168127854
"R08","Madinah",2021-04-01,0.198556808062111,0.33039549572458,-0.131838687662469
"R08","Madinah",2021-05-01,0.037955656055999,0.296750743090589,-0.25879508703459
"R08","Madinah",2021-06-01,0.0759972396367381,0.172144541389951,-0.0961473017532125
"R08","Madinah",2021-07-01,0.00467164393258557,0.286699795303378,-0.282028151370793
"R08","Madinah",2021-08-01,-0.00452134924273651,0.221127109898326,-0.225648459141062
"R08","Madinah",2021-09-01,-0.109530617093601,0.0471578539154983,-0.156688471009099
"R08","Madinah",2021-10-01,0.0333882989205669,0.36151996568355,-0.328131666762983
"R08","Madinah",2021-11-01,0.160788136776446,0.234488206474897,-0.0737000696984512
"R08","Madinah",2021-12-01,-0.11115418569787,0.0689478393187979,-0.180102025016668
"R08","Madinah",2022-01-01,0.575753573156046,0.121120847017583,0.454632726138463
"R08","Madinah",2022-02-01,0.0187252533958571,0.172498644151272,-0.153773390755415
"R08","Madinah",2022-03-01,-0.0311942648280272,0.229726651276495,-0.260920916104522
"R08","Madinah",2022-04-01,0.109113527431237,0.597855933474643,-0.488742406043406
"R08","Madinah",2022-05-01,0.387196093776154,0.404532851327116,-0.0173367575509618
"R08","Madinah",2022-06-01,0.279062087545068,0.329367906739812,-0.0503058191947436
"R08","Madinah",2022-07-01,-0.000458551402449103,0.403812187909258,-0.404270739311707
"R08","Madinah",2022-08-01,-0.0779266480580354,0.355717726284855,-0.433644374342891
"R08","Madinah",2022-09-01,0.20186669284703,0.122342845707513,0.0795238471395174
"R08","Madinah",2022-10-01,0.182308617166527,0.350175245449606,-0.167866628283079
"R08","Madinah",2022-11-01,-0.028557692801634,0.0729688853180032,-0.101526578119637
"R08","Madinah",2022-12-01,-0.261498927985926,0.0500528806385378,-0.311551808624464
"R08","Madinah",2023-01-01,0.109911524995621,0.0604330001399281,0.0494785248556929
"R08","Madinah",2023-02-01,0.128803752842366,0.300742319661809,-0.171938566819443
"R08","Madinah",2023-03-01,0.221290239557259,0.120286561591007,0.101003677966252
"R08","Madinah",2023-04-01,0.00922335901067939,0.368579115768853,-0.359355756758173
"R08","Madinah",2023-05-01,-0.294494313359106,0.0304148334613477,-0.324909146820454
"R08","Madinah",2023-06-01,-0.18856942869192,0.122525192027778,-0.311094620719698
"R08","Madinah",2023-07-01,-0.0976317450569475,0.453709346241755,-0.551341091298702
"R08","Madinah",2023-08-01,0.840481634172274,0.118313093476059,0.722168540696215
"R08","Madinah",2023-09-01,-0.051757893863158,-0.0312185374196732,-0.0205393564434848
"R08","Madinah",2023-10-01,0.376466430255995,0.347583757398466,0.0288826728575288
"R08","Madinah",2023-11-01,0.0268523053004621,0.240249656720498,-0.213397351420036
"R08","Madinah",2023-12-01,0.0187350851584611,0.158703994822055,-0.139968909663594
"R08","Madinah",2024-01-01,0.144810353113733,0.265643940354674,-0.120833587240941
"R08","Madinah",2024-02-01,1.03806199356464,0.268811692706925,0.769250300857715
"R08","Madinah",2024-03-01,-0.00735344241844516,0.0358734780799483,-0.0432269204983935
"R08","Madinah",2024-04-01,0.68808709780539,0.43955518422325,0.24853191358214
"R08","Madinah",2024-05-01,-0.302563655829058,0.113272215308109,-0.415835871137167
"R08","Madinah",2024-06-01,0.159874608723154,0.323820643753818,-0.163946035030664
"R08","Madinah",2024-07-01,0.478118822261298,0.191869675264536,0.286249146996762
"R08","Madinah",2024-08-01,-0.0277825388618425,0.0774283462541509,-0.105210885115993
"R08","Madinah",2024-09-01,0.146237198491583,0.121134725259824,0.0251024732317593
"R08","Madinah",2024-10-01,0.638017958294324,0.288609551546664,0.34940840674766
"R08","Madinah",2024-11-01,0.161816357896249,0.307227329533532,-0.145410971637283
"R08","Madinah",2024-12-01,0.114103698289014,0.0614411317813701,0.0526625665076439
"R08","Madinah",2025-01-01,0.397810441393265,0.419490205669573,-0.0216797642763081
"R08","Madinah",2025-02-01,0.565498615344051,0.273306925869122,0.292191689474929
"R08","Madinah",2025-03-01,0.924356521930392,0.296158674729515,0.628197847200877
"R08","Madinah",2025-04-01,0.157823571261506,0.31585287514348,-0.158029303881974
"R08","Madinah",2025-05-01,0.0600880928151248,0.14346288378687,-0.0833747909717457
"R08","Madinah",2025-06-01,0,0.16899607346724,-0.16899607346724
"R08","Madinah",2025-07-01,0,0.244763463284008,-0.244763463284008
"R08","Madinah",2025-08-01,0.0800263339384877,0.213262650840907,-0.133236316902419
"R08","Madinah",2025-09-01,-0.267161902360336,0.0712677052135803,-0.338429607573916
"R08","Madinah",2025-10-01,0.251885671167695,0.34415774175372,-0.0922720705860248
"R08","Madinah",2025-11-01,0.148947600218285,0.10089848765017,0.0480491125681147
"R08","Madinah",2025-12-01,0.147046513126448,0.177573294547142,-0.0305267814206944
"R08","Madinah",2026-01-01,-0.288686161423701,0.125814856280734,-0.414501017704435
"R08","Madinah",2026-02-01,-0.167778802378393,0.177740417003816,-0.345519219382209
"R09","Makkah",2013-02-01,-0.0489453313849531,-0.0913273760704025,0.0423820446854494
"R09","Makkah",2013-03-01,-0.180001304037436,0.0522123200740126,-0.232213624111449
"R09","Makkah",2013-04-01,0.184224180085657,0.124804563553283,0.059419616532374
"R09","Makkah",2013-05-01,-0.10266975024793,-0.0345276927531777,-0.0681420574947523
"R09","Makkah",2013-06-01,-0.0474340930582962,0.08245145031524,-0.129885543373536
"R09","Makkah",2013-07-01,0.154933054663786,0.494618186753114,-0.339685132089328
"R09","Makkah",2013-08-01,0.336522419082108,0.142450780342285,0.194071638739823
"R09","Makkah",2013-09-01,0.00741880184120802,0.473034545759066,-0.465615743917858
"R09","Makkah",2013-10-01,0.312757396066665,0.0363953209039328,0.276362075162732
"R09","Makkah",2013-11-01,0.357156872075315,0.182409818804194,0.174747053271121
"R09","Makkah",2013-12-01,-0.0377106751279221,0.0398756190610649,-0.077586294188987
"R09","Makkah",2014-01-01,0.475616830784809,0.302950245565348,0.172666585219461
"R09","Makkah",2014-02-01,0.290103516750051,0.122220433505007,0.167883083245044
"R09","Makkah",2014-03-01,0.23486803149444,-0.230449946578851,0.465317978073291
"R09","Makkah",2014-04-01,0.575231370490492,0.950047518479577,-0.374816147989085
"R09","Makkah",2014-05-01,0.282438559674247,-0.333072024591979,0.615510584266226
"R09","Makkah",2014-06-01,-0.0230406552756079,0.551481438506112,-0.57452209378172
"R09","Makkah",2014-07-01,0.414947408199939,0.250506939905121,0.164440468294818
"R09","Makkah",2014-08-01,0.135221322485801,0.338286250586639,-0.203064928100838
"R09","Makkah",2014-09-01,0.243267739487418,0.170467929876008,0.0727998096114097
"R09","Makkah",2014-10-01,0.118018994833857,-0.294581495438591,0.412600490272448
"R09","Makkah",2014-11-01,-0.0329423574878085,0.66794524595023,-0.700887603438038
"R09","Makkah",2014-12-01,-0.0363653093019778,-0.0061469569251581,-0.0302183523768197
"R09","Makkah",2015-01-01,0.572045415787326,0.305409235327081,0.266636180460245
"R09","Makkah",2015-02-01,-0.0386079148437801,-0.51650558223473,0.47789766739095
"R09","Makkah",2015-03-01,0.0948430556465318,0.573826315487568,-0.478983259841036
"R09","Makkah",2015-04-01,0.00691119100606485,0.038116727588766,-0.0312055365827011
"R09","Makkah",2015-05-01,0.384231606573948,0.0800270468373139,0.304204559736634
"R09","Makkah",2015-06-01,0.360406831103965,-0.291635518262061,0.652042349366026
"R09","Makkah",2015-07-01,0.150106823479756,0.136591073299988,0.0135157501797675
"R09","Makkah",2015-08-01,0.00738010974714598,-0.00475106868932063,0.0121311784364666
"R09","Makkah",2015-09-01,-0.11625782783824,0.0537552317972177,-0.170013059635458
"R09","Makkah",2015-10-01,0.273966466052489,0.124831102648328,0.149135363404161
"R09","Makkah",2015-11-01,0.440912596724896,0.0703767112325668,0.370535885492329
"R09","Makkah",2015-12-01,0.0382639395694717,0.115051784777052,-0.0767878452075802
"R09","Makkah",2016-01-01,2.31498093016871,2.52359531430318,-0.208614384134467
"R09","Makkah",2016-02-01,0.400479785100405,-0.0315088706034287,0.431988655703834
"R09","Makkah",2016-03-01,-0.114362500910925,0.393642111879812,-0.508004612790737
"R09","Makkah",2016-04-01,-0.00656327543469004,0.0107282257763401,-0.0172915012110302
"R09","Makkah",2016-05-01,-0.0107539364741172,-0.100583535282433,0.0898295988083162
"R09","Makkah",2016-06-01,-0.0685930998922224,0.0297398444019418,-0.0983329442941642
"R09","Makkah",2016-07-01,0.281784259249296,-0.245510632570188,0.527294891819484
"R09","Makkah",2016-08-01,-0.325454586365037,-0.0328869085713084,-0.292567677793729
"R09","Makkah",2016-09-01,-0.0273682593729951,0.060641815884749,-0.0880100752577441
"R09","Makkah",2016-10-01,-0.000736671487366891,-0.0755815927360466,0.0748449212486797
"R09","Makkah",2016-11-01,-0.457292989199054,-0.316854252474421,-0.140438736724633
"R09","Makkah",2016-12-01,-0.172152823035976,-0.139794999567845,-0.0323578234681307
"R09","Makkah",2017-01-01,-0.337746288881835,0.209221873851447,-0.546968162733282
"R09","Makkah",2017-02-01,0.290131334533417,0.0571805035183272,0.23295083101509
"R09","Makkah",2017-03-01,-0.043690874518898,-0.453703525874959,0.410012651356061
"R09","Makkah",2017-04-01,0.0978234457526206,0.0189089538824526,0.078914491870168
"R09","Makkah",2017-05-01,0.0417533285958172,-0.0570567808115829,0.0988101094074001
"R09","Makkah",2017-06-01,0.173716487160558,-0.0667381743841582,0.240454661544716
"R09","Makkah",2017-07-01,-0.0235408660180347,-0.0703188369238869,0.0467779709058522
"R09","Makkah",2017-08-01,-0.477294387746241,-0.0999894248019428,-0.377304962944298
"R09","Makkah",2017-09-01,-0.089304235387111,0.143444236628594,-0.232748472015705
"R09","Makkah",2017-10-01,-0.449674122009291,-0.317288968679301,-0.13238515332999
"R09","Makkah",2017-11-01,-0.878531413606343,-0.382902248170955,-0.495629165435388
"R09","Makkah",2017-12-01,0.143700431723826,-0.297530825770338,0.441231257494164
"R09","Makkah",2018-01-01,1.40910966967436,2.85442299767,-1.44531332799564
"R09","Makkah",2018-02-01,0.239552939541454,-0.204352739789717,0.443905679331171
"R09","Makkah",2018-03-01,-0.250463476565166,-0.197151549733539,-0.0533119268316268
"R09","Makkah",2018-04-01,-0.294457284369098,-0.308560659108538,0.0141033747394398
"R09","Makkah",2018-05-01,0.244601053713289,-0.479329340422755,0.723930394136044
"R09","Makkah",2018-06-01,0.188599905122722,-0.0918057014543942,0.280405606577116
"R09","Makkah",2018-07-01,-0.0484792202978035,-0.344471757433125,0.295992537135321
"R09","Makkah",2018-08-01,-0.145331168937446,-0.203251621666711,0.0579204527292655
"R09","Makkah",2018-09-01,-0.103499999055412,-0.236401437193732,0.13290143813832
"R09","Makkah",2018-10-01,-0.403250701431723,-0.334188776970428,-0.0690619244612952
"R09","Makkah",2018-11-01,-0.188465328996923,-0.152842492450271,-0.035622836546652
"R09","Makkah",2018-12-01,-0.393305394745536,-0.504663729715786,0.11135833497025
"R09","Makkah",2019-01-01,-0.321248442468924,-1.63931738432225,1.31806894185333
"R09","Makkah",2019-02-01,-0.332573039242945,-0.179743231480444,-0.152829807762501
"R09","Makkah",2019-03-01,-0.123197131171704,-0.10172934108707,-0.0214677900846341
"R09","Makkah",2019-04-01,-0.050237347780957,-0.009163438923532,-0.041073908857425
"R09","Makkah",2019-05-01,0.2242993973125,0.133592670877455,0.0907067264350454
"R09","Makkah",2019-06-01,-0.111534389579759,0.255561686480164,-0.367096076059923
"R09","Makkah",2019-07-01,0.827876802547145,0.10272105377501,0.725155748772135
"R09","Makkah",2019-08-01,0.0881790957569351,0.0857543745341754,0.00242472122275966
"R09","Makkah",2019-09-01,0.0421122123139384,0.150579666097411,-0.108467453783472
"R09","Makkah",2019-10-01,-0.345888267264272,-0.15457176725385,-0.191316500010422
"R09","Makkah",2019-11-01,-0.156029670971325,-0.0495337528836735,-0.106495918087651
"R09","Makkah",2019-12-01,0.312669858685943,0.30057741704342,0.0120924416425229
"R09","Makkah",2020-01-01,-0.0190251709112133,-0.389178658494383,0.370153487583169
"R09","Makkah",2020-02-01,0.308163886485779,0.720562910659776,-0.412399024173997
"R09","Makkah",2020-03-01,0.0327141318903656,0.144636225969911,-0.111922094079545
"R09","Makkah",2020-04-01,-0.338647583059792,0.0617228355835381,-0.40037041864333
"R09","Makkah",2020-05-01,-0.130461219882516,-0.417846928719658,0.287385708837142
"R09","Makkah",2020-06-01,-0.353074919273677,-0.40247649604564,0.0494015767719633
"R09","Makkah",2020-07-01,5.6046348967028,5.57309977952872,0.0315351171740765
"R09","Makkah",2020-08-01,0.0537357328365573,0.305094559877458,-0.251358827040901
"R09","Makkah",2020-09-01,-0.41275739402824,-0.0771144586927426,-0.335642935335497
"R09","Makkah",2020-10-01,0.272248830053812,0.3492897587448,-0.0770409286909879
"R09","Makkah",2020-11-01,-0.0871012463053766,-0.136109314972271,0.0490080686668945
"R09","Makkah",2020-12-01,-0.0410625338193249,-0.0301118170662176,-0.0109507167531073
"R09","Makkah",2021-01-01,-0.285450336641979,0.64115147008869,-0.926601806730669
"R09","Makkah",2021-02-01,-0.346356483069599,-0.133869089868921,-0.212487393200678
"R09","Makkah",2021-03-01,0.0613597816831124,0.164195832856988,-0.102836051173875
"R09","Makkah",2021-04-01,0.136403343978042,0.268278146571736,-0.131874802593694
"R09","Makkah",2021-05-01,0.0726397485785846,0.234633393937745,-0.16199364535916
"R09","Makkah",2021-06-01,-0.0493089721040896,0.110027192237107,-0.159336164341197
"R09","Makkah",2021-07-01,0.367469004595566,0.224582446150535,0.142886558445031
"R09","Makkah",2021-08-01,0.0754052734369459,0.159009760745482,-0.0836044873085364
"R09","Makkah",2021-09-01,0.0883492845384914,-0.0149594952373453,0.103308779775837
"R09","Makkah",2021-10-01,-0.0314887478890746,0.299402616530707,-0.330891364419781
"R09","Makkah",2021-11-01,0.00234769081339792,0.172370857322054,-0.170023166508656
"R09","Makkah",2021-12-01,-0.182456592171842,0.00683049016595423,-0.189287082337796
"R09","Makkah",2022-01-01,0.0925313659696059,0.0590034978647391,0.0335278681048668
"R09","Makkah",2022-02-01,0.32680136626686,0.110381294998428,0.216420071268432
"R09","Makkah",2022-03-01,0.288308615507038,0.167609302123651,0.120699313383387
"R09","Makkah",2022-04-01,0.830533090325503,0.5357385843218,0.294794506003703
"R09","Makkah",2022-05-01,0.0171911346156683,0.342415502174272,-0.325224367558604
"R09","Makkah",2022-06-01,0.360287813859195,0.267250557586968,0.0930372562722271
"R09","Makkah",2022-07-01,0.81626080768773,0.341694838756415,0.474565968931315
"R09","Makkah",2022-08-01,0.454545333297407,0.293600377132012,0.160944956165395
"R09","Makkah",2022-09-01,0.530806404566508,0.0602254965546689,0.470580908011839
"R09","Makkah",2022-10-01,0.90582139854245,0.288057896296762,0.617763502245688
"R09","Makkah",2022-11-01,0.453644159746247,0.0108515361651595,0.442792623581087
"R09","Makkah",2022-12-01,0.397758542690507,-0.0120644685143058,0.409823011204813
"R09","Makkah",2023-01-01,0.0882145313498839,-0.00168434901291553,0.0898988803627994
"R09","Makkah",2023-02-01,0.669486083163129,0.238624970508965,0.430861112654164
"R09","Makkah",2023-03-01,0.435285100754967,0.0581692124381636,0.377115888316803
"R09","Makkah",2023-04-01,1.08226994457343,0.306461766616009,0.775808177957421
"R09","Makkah",2023-05-01,-1.0702875444081,-0.0317025156914959,-1.0385850287166
"R09","Makkah",2023-06-01,0.519535209031563,0.0604078428749345,0.459127366156629
"R09","Makkah",2023-07-01,-0.317417116073404,0.391591997088911,-0.709009113162315
"R09","Makkah",2023-08-01,-0.0424697967614129,0.0561957443232155,-0.0986655410846284
"R09","Makkah",2023-09-01,-0.102524660322345,-0.0933358865725168,-0.00918877374982816
"R09","Makkah",2023-10-01,-0.069126495890437,0.285466408245623,-0.35459290413606
"R09","Makkah",2023-11-01,0.0490079092777762,0.178132307567654,-0.129124398289878
"R09","Makkah",2023-12-01,-0.234812539274287,0.0965866456692113,-0.331399184943498
"R09","Makkah",2024-01-01,0.146314033577077,0.20352659120183,-0.0572125576247529
"R09","Makkah",2024-02-01,-0.163594143021317,0.206694343554081,-0.370288486575398
"R09","Makkah",2024-03-01,-0.297341146503971,-0.0262438710728953,-0.271097275431076
"R09","Makkah",2024-04-01,0.28527459135157,0.377437835070407,-0.0921632437188368
"R09","Makkah",2024-05-01,-0.170436568678145,0.0511548661552654,-0.22159143483341
"R09","Makkah",2024-06-01,0.596215957892632,0.261703294600974,0.334512663291658
"R09","Makkah",2024-07-01,-0.361661214813225,0.129752326111692,-0.491413540924917
"R09","Makkah",2024-08-01,0.00672939114787496,0.0153109971013073,-0.00858160595343231
"R09","Makkah",2024-09-01,0.130460511232133,0.05901737610698,0.071443135125153
"R09","Makkah",2024-10-01,0.182570439356766,0.226492202393821,-0.0439217630370546
"R09","Makkah",2024-11-01,0.381667350886339,0.245109980380688,0.136557370505651
"R09","Makkah",2024-12-01,-0.0745116235850496,-0.000676217371473553,-0.0738354062135761
"R09","Makkah",2025-01-01,0.31271462220257,0.357372856516729,-0.0446582343141594
"R09","Makkah",2025-02-01,-0.151482783083079,0.211189576716279,-0.362672359799358
"R09","Makkah",2025-03-01,0.436762098435661,0.234041325576672,0.202720772858989
"R09","Makkah",2025-04-01,0.399127465161886,0.253735525990637,0.145391939171249
"R09","Makkah",2025-05-01,0.166179647650644,0.0813455346340268,0.0848341130166172
"R09","Makkah",2025-06-01,0.0540221334722091,0.106878724314396,-0.0528565908421872
"R09","Makkah",2025-07-01,-0.0198107166819561,0.182646114131164,-0.20245683081312
"R09","Makkah",2025-08-01,0.129512652536068,0.151145301688064,-0.0216326491519955
"R09","Makkah",2025-09-01,-0.266208219690434,0.00915035606073669,-0.275358575751171
"R09","Makkah",2025-10-01,0.299448365367017,0.282040392600876,0.0174079727661409
"R09","Makkah",2025-11-01,0.0875043388922414,0.0387811384973267,0.0487232003949147
"R09","Makkah",2025-12-01,0.155941816653549,0.115455945394299,0.0404858712592503
"R09","Makkah",2026-01-01,0.0847691316116617,0.0636975071278901,0.0210716244837716
"R09","Makkah",2026-02-01,-0.0648539635333734,0.115623067850972,-0.180477031384346
"R10","Najran",2013-02-01,0.0312837541353694,-0.094888971423233,0.126172725558602
"R10","Najran",2013-03-01,-0.00521474005674705,0.0486507247211821,-0.0538654647779292
"R10","Najran",2013-04-01,0.0818414280225888,0.121242968200452,-0.0394015401778637
"R10","Najran",2013-05-01,-0.0638663699012554,-0.0380892881060082,-0.0257770817952472
"R10","Najran",2013-06-01,0.0347350861118478,0.0788898549624095,-0.0441547688505617
"R10","Najran",2013-07-01,-0.55307790800132,0.491056591400283,-1.0441344994016
"R10","Najran",2013-08-01,0.0883120632686918,0.138889184989454,-0.0505771217207624
"R10","Najran",2013-09-01,0.120146511617047,0.469472950406235,-0.349326438789188
"R10","Najran",2013-10-01,-0.0334970614187746,0.0328337255511023,-0.0663307869698769
"R10","Najran",2013-11-01,0.0585470164083723,0.178848223451363,-0.120301207042991
"R10","Najran",2013-12-01,0.159953359494036,0.0363140237082344,0.123639335785802
"R10","Najran",2014-01-01,-0.0173106504434806,0.299388650212518,-0.316699300655998
"R10","Najran",2014-02-01,0.20346291976745,0.118658838152176,0.0848040816152736
"R10","Najran",2014-03-01,0.0189787849496525,-0.234011541931682,0.252990326881334
"R10","Najran",2014-04-01,0.20458512094832,0.946485923126746,-0.741900802178426
"R10","Najran",2014-05-01,-0.135208095900019,-0.33663361994481,0.201425524044791
"R10","Najran",2014-06-01,-0.0116904600731438,0.547919843153282,-0.559610303226426
"R10","Najran",2014-07-01,0.074068020890028,0.24694534455229,-0.172877323662262
"R10","Najran",2014-08-01,0.167554251235291,0.334724655233808,-0.167170403998517
"R10","Najran",2014-09-01,0.221280574513916,0.166906334523178,0.0543742399907382
"R10","Najran",2014-10-01,0.0495429203438036,-0.298143090791422,0.347686011135225
"R10","Najran",2014-11-01,-0.0616113872277779,0.664383650597399,-0.725995037825177
"R10","Najran",2014-12-01,0.0202156757281635,-0.00970855227798861,0.0299242280061521
"R10","Najran",2015-01-01,-0.175254506873745,0.301847639974251,-0.477102146847996
"R10","Najran",2015-02-01,0.0328397016867932,-0.520067177587561,0.552906879274354
"R10","Najran",2015-03-01,-0.138037758866805,0.570264720134737,-0.708302479001542
"R10","Najran",2015-04-01,-0.0625294653007202,0.0345551322359355,-0.0970845975366557
"R10","Najran",2015-05-01,0.0593958925426463,0.0764654514844833,-0.017069558941837
"R10","Najran",2015-06-01,0.17444527758812,-0.295197113614892,0.469642391203012
"R10","Najran",2015-07-01,0.603447905957388,0.133029477947158,0.47041842801023
"R10","Najran",2015-08-01,0.101941627835611,-0.00831266404215114,0.110254291877762
"R10","Najran",2015-09-01,0.024280680086175,0.0501936364443872,-0.0259129563582122
"R10","Najran",2015-10-01,-0.0121432326212201,0.121269507295497,-0.133412739916717
"R10","Najran",2015-11-01,-0.0124345312430663,0.0668151158797363,-0.0792496471228026
"R10","Najran",2015-12-01,0.0243267149842019,0.111490189424221,-0.0871634744400195
"R10","Najran",2016-01-01,1.88690085905776,2.52003371895035,-0.633132859892586
"R10","Najran",2016-02-01,-0.159196489633029,-0.0350704659562592,-0.12412602367677
"R10","Najran",2016-03-01,0.135759007714231,0.390080516526982,-0.254321508812751
"R10","Najran",2016-04-01,-0.0598819992145394,0.00716663042350962,-0.067048629638049
"R10","Najran",2016-05-01,0.141404997109351,-0.104145130635264,0.245550127744615
"R10","Najran",2016-06-01,-0.142056388871126,0.0261782490491113,-0.168234637920237
"R10","Najran",2016-07-01,-0.197838174223186,-0.249072227923018,0.051234053699832
"R10","Najran",2016-08-01,0.1580365596209,-0.0364485039241389,0.194485063545039
"R10","Najran",2016-09-01,-0.0315054597919584,0.0570802205319185,-0.0885856803238769
"R10","Najran",2016-10-01,0.00356419161224864,-0.0791431880888771,0.0827073797011257
"R10","Najran",2016-11-01,-0.187288037837607,-0.320415847827252,0.133127809989645
"R10","Najran",2016-12-01,-0.16608521430177,-0.143356594920676,-0.0227286193810942
"R10","Najran",2017-01-01,-0.265452474141714,0.205660278498617,-0.471112752640331
"R10","Najran",2017-02-01,0.0799356369203252,0.0536189081654966,0.0263167287548286
"R10","Najran",2017-03-01,-0.0181087005710623,-0.457265121227789,0.439156420656727
"R10","Najran",2017-04-01,0.0403236492238612,0.0153473585296221,0.0249762906942391
"R10","Najran",2017-05-01,-0.0875462166108676,-0.0606183761644134,-0.0269278404464542
"R10","Najran",2017-06-01,0.00617154881714654,-0.0702997697369887,0.0764713185541352
"R10","Najran",2017-07-01,-0.438223443034325,-0.0738804322767174,-0.364343010757608
"R10","Najran",2017-08-01,-0.798497408167265,-0.103551020154773,-0.694946388012492
"R10","Najran",2017-09-01,-0.266307431396662,0.139882641275763,-0.406190072672425
"R10","Najran",2017-10-01,-0.00252703182885838,-0.320850564032131,0.318323532203273
"R10","Najran",2017-11-01,0.230493839837997,-0.386463843523785,0.616957683361782
"R10","Najran",2017-12-01,-0.38365836470069,-0.301092421123168,-0.0825659435775218
"R10","Najran",2018-01-01,1.38936950594664,2.85086140231717,-1.46149189637053
"R10","Najran",2018-02-01,0.125022618490966,-0.207914335142548,0.332936953633514
"R10","Najran",2018-03-01,0.0314689298900994,-0.20071314508637,0.232182074976469
"R10","Najran",2018-04-01,-0.0801609089566391,-0.312122254461368,0.231961345504729
"R10","Najran",2018-05-01,-0.552650299394397,-0.482890935775586,-0.0697593636188112
"R10","Najran",2018-06-01,0.0580504972162998,-0.0953672968072247,0.153417794023524
"R10","Najran",2018-07-01,-0.797567100413676,-0.348033352785955,-0.449533747627721
"R10","Najran",2018-08-01,-0.395724368952255,-0.206813217019542,-0.188911151932713
"R10","Najran",2018-09-01,-0.0724583326510597,-0.239963032546563,0.167504699895503
"R10","Najran",2018-10-01,-0.240623791868799,-0.337750372323258,0.0971265804544593
"R10","Najran",2018-11-01,-0.350239241607397,-0.156404087803101,-0.193835153804296
"R10","Najran",2018-12-01,-0.102296862618534,-0.508225325068617,0.405928462450083
"R10","Najran",2019-01-01,-1.38331760349457,-1.64287897967508,0.25956137618051
"R10","Najran",2019-02-01,-0.0594386539474634,-0.183304826833275,0.123866172885811
"R10","Najran",2019-03-01,-0.60059868289164,-0.1052909364399,-0.49530774645174
"R10","Najran",2019-04-01,-0.0640993563045811,-0.0127250342763625,-0.0513743220282186
"R10","Najran",2019-05-01,-0.1799662995289,0.130031075524624,-0.309997375053524
"R10","Najran",2019-06-01,0.368720026277458,0.252000091127333,0.116719935150125
"R10","Najran",2019-07-01,-0.233114055568961,0.0991594584221798,-0.332273513991141
"R10","Najran",2019-08-01,-0.117386453826107,0.0821927791813449,-0.199579233007452
"R10","Najran",2019-09-01,-0.0216300562395411,0.14701807074458,-0.168648126984121
"R10","Najran",2019-10-01,-0.166219604557494,-0.15813336260668,-0.00808624195081395
"R10","Najran",2019-11-01,-0.217510581804703,-0.053095348236504,-0.164415233568199
"R10","Najran",2019-12-01,0.37406974132228,0.29701582169059,0.0770539196316904
"R10","Najran",2020-01-01,-0.582581929311221,-0.392740253847213,-0.189841675464008
"R10","Najran",2020-02-01,0.0601821995789287,0.717001315306945,-0.656819115728017
"R10","Najran",2020-03-01,-0.0314029469712374,0.14107463061708,-0.172477577588317
"R10","Najran",2020-04-01,-0.317890161341783,0.0581612402307076,-0.376051401572491
"R10","Najran",2020-05-01,-0.88981533014616,-0.421408524072489,-0.468406806073671
"R10","Najran",2020-06-01,-0.0913142964583002,-0.406038091398471,0.314723794940171
"R10","Najran",2020-07-01,4.70824432151478,5.56953818417589,-0.861293862661113
"R10","Najran",2020-08-01,1.17387279067085,0.301532964524628,0.872339826146222
"R10","Najran",2020-09-01,0.392767543832306,-0.0806760540455731,0.473443597877879
"R10","Najran",2020-10-01,0.812434221457714,0.345728163391969,0.466706058065745
"R10","Najran",2020-11-01,0.938354469085834,-0.139670910325102,1.07802537941094
"R10","Najran",2020-12-01,0.59884630628213,-0.0336734124190481,0.632519718701178
"R10","Najran",2021-01-01,1.50534474872384,0.63758987473586,0.86775487398798
"R10","Najran",2021-02-01,0.87147161534995,-0.137430685221751,1.0089023005717
"R10","Najran",2021-03-01,1.15667653277951,0.160634237504157,0.996042295275353
"R10","Najran",2021-04-01,1.09527573823662,0.264716551218905,0.830559187017715
"R10","Najran",2021-05-01,1.06154446834701,0.231071798584915,0.830472669762096
"R10","Najran",2021-06-01,-0.195308230956925,0.106465596884276,-0.301773827841201
"R10","Najran",2021-07-01,0.558622215739746,0.221020850797704,0.337601364942042
"R10","Najran",2021-08-01,0.551079526930653,0.155448165392652,0.395631361538001
"R10","Najran",2021-09-01,0.394119095523493,-0.0185210905901758,0.412640186113669
"R10","Najran",2021-10-01,-0.0161778771634147,0.295841021177876,-0.312018898341291
"R10","Najran",2021-11-01,-0.0360145377387155,0.168809261969223,-0.204823799707939
"R10","Najran",2021-12-01,-0.741461622981365,0.00326889481312372,-0.744730517794489
"R10","Najran",2022-01-01,-1.35385869815261,0.0554419025119086,-1.40930060066452
"R10","Najran",2022-02-01,0.209366722975002,0.106819699645598,0.102547023329404
"R10","Najran",2022-03-01,0.0629261144066362,0.16404770677082,-0.101121592364184
"R10","Najran",2022-04-01,1.00769925513386,0.532176988968969,0.475522266164891
"R10","Najran",2022-05-01,0.100456116362313,0.338853906821442,-0.238397790459129
"R10","Najran",2022-06-01,0.0156465772291448,0.263688962234137,-0.248042385004993
"R10","Najran",2022-07-01,0.335314793635177,0.338133243403584,-0.00281844976840712
"R10","Najran",2022-08-01,0.144480300530958,0.290038781779181,-0.145558481248223
"R10","Najran",2022-09-01,0.110147563092244,0.0566639012018384,0.0534836618904056
"R10","Najran",2022-10-01,0.155080528780793,0.284496300943931,-0.129415772163138
"R10","Najran",2022-11-01,0.117988552395243,0.00728994081232902,0.110698611582914
"R10","Najran",2022-12-01,0.000231521670635004,-0.0156260638671363,0.0158575855377713
"R10","Najran",2023-01-01,0.295326323924883,-0.00524594436574605,0.300572268290629
"R10","Najran",2023-02-01,-0.0805054832500041,0.235063375156135,-0.315568858406139
"R10","Najran",2023-03-01,0.071751013577348,0.0546076170853331,0.0171433964920149
"R10","Najran",2023-04-01,0.0712174405340882,0.302900171263179,-0.231682730729091
"R10","Najran",2023-05-01,0.11092804716073,-0.0352641110443264,0.146192158205056
"R10","Najran",2023-06-01,0.52184930145458,0.056846247522104,0.465003053932476
"R10","Najran",2023-07-01,0.983038960432037,0.38803040173608,0.595008558695957
"R10","Najran",2023-08-01,-0.339514509134364,0.052634148970385,-0.392148658104749
"R10","Najran",2023-09-01,-0.0147245837816001,-0.0968974819253474,0.0821728981437473
"R10","Najran",2023-10-01,0.189502474365888,0.281904812892792,-0.0924023385269041
"R10","Najran",2023-11-01,-0.245102020953958,0.174570712214823,-0.419672733168782
"R10","Najran",2023-12-01,-0.159542728826345,0.0930250503163808,-0.252567779142726
"R10","Najran",2024-01-01,0.612740061214634,0.199964995848999,0.412775065365635
"R10","Najran",2024-02-01,0.164121958108954,0.20313274820125,-0.0390107900922965
"R10","Najran",2024-03-01,-0.305121155956201,-0.0298054664257258,-0.275315689530475
"R10","Najran",2024-04-01,0.255337523205146,0.373876239717576,-0.11853871651243
"R10","Najran",2024-05-01,0.160376220220204,0.0475932708024349,0.112782949417769
"R10","Najran",2024-06-01,0.267524370419281,0.258141699248144,0.00938267117113711
"R10","Najran",2024-07-01,0.163868183300853,0.126190730758862,0.0376774525419912
"R10","Najran",2024-08-01,-0.286949838822714,0.0117494017484768,-0.298699240571191
"R10","Najran",2024-09-01,0.283216485578563,0.0554557807541495,0.227760704824413
"R10","Najran",2024-10-01,0.403618587857668,0.22293060704099,0.180687980816678
"R10","Najran",2024-11-01,1.59463340886266,0.241548385027858,1.3530850238348
"R10","Najran",2024-12-01,-0.150090870544695,-0.00423781272430407,-0.145853057820391
"R10","Najran",2025-01-01,0.66242020857521,0.353811261163899,0.308608947411311
"R10","Najran",2025-02-01,0.750911625939921,0.207627981363448,0.543283644576473
"R10","Najran",2025-03-01,0.355238904568811,0.230479730223841,0.12475917434497
"R10","Najran",2025-04-01,-0.112342254721209,0.250173930637806,-0.362516185359015
"R10","Najran",2025-05-01,0.152307548639019,0.0777839392811963,0.0745236093578227
"R10","Najran",2025-06-01,-0.0317730293346585,0.103317128961566,-0.135090158296224
"R10","Najran",2025-07-01,0.53915041643755,0.179084518778334,0.360065897659216
"R10","Najran",2025-08-01,0.0706626071958816,0.147583706335233,-0.0769210991393514
"R10","Najran",2025-09-01,0.387187377827214,0.00558876070790618,0.381598617119308
"R10","Najran",2025-10-01,0.334680998011461,0.278478797248046,0.0562022007634154
"R10","Najran",2025-11-01,-0.149545575002819,0.0352195431444962,-0.184765118147315
"R10","Najran",2025-12-01,0.0051995309193309,0.111894350041468,-0.106694819122137
"R10","Najran",2026-01-01,0.198226942111557,0.0601359117750596,0.138091030336497
"R10","Najran",2026-02-01,0.288645501760243,0.112061472498142,0.176584029262101
"R11","Northern Borders",2013-02-01,0.17446355820887,-0.188062555713991,0.362526113922861
"R11","Northern Borders",2013-03-01,0.182585180571593,-0.0445228595695755,0.227108040141169
"R11","Northern Borders",2013-04-01,0.0659976261382589,0.0280693839096949,0.037928242228564
"R11","Northern Borders",2013-05-01,0.0142967751897594,-0.131262872396766,0.145559647586525
"R11","Northern Borders",2013-06-01,-0.169266183910377,-0.0142837293283481,-0.154982454582029
"R11","Northern Borders",2013-07-01,1.59291139621986,0.397883007109526,1.19502838911033
"R11","Northern Borders",2013-08-01,1.66500678592998,0.0457156006986965,1.61929118523128
"R11","Northern Borders",2013-09-01,-0.700016842769724,0.376299366115478,-1.0763162088852
"R11","Northern Borders",2013-10-01,-1.75738957189315,-0.0603398587396554,-1.69704971315349
"R11","Northern Borders",2013-11-01,0.654832630172208,0.0856746391606058,0.569157991011602
"R11","Northern Borders",2013-12-01,-0.592068110579547,-0.0568595605825232,-0.535208549997024
"R11","Northern Borders",2014-01-01,0.6113292460455,0.20621506592176,0.40511418012374
"R11","Northern Borders",2014-02-01,1.03391991036554,0.0254852538614188,1.00843465650412
"R11","Northern Borders",2014-03-01,0.908986277805113,-0.327185126222439,1.23617140402755
"R11","Northern Borders",2014-04-01,2.10612621444239,0.853312338835989,1.2528138756064
"R11","Northern Borders",2014-05-01,0.152737632334699,-0.429807204235568,0.582544836570267
"R11","Northern Borders",2014-06-01,0.153587411294787,0.454746258862524,-0.301158847567737
"R11","Northern Borders",2014-07-01,0.578379552305019,0.153771760261533,0.424607792043486
"R11","Northern Borders",2014-08-01,0.972419646118716,0.241551070943051,0.730868575175665
"R11","Northern Borders",2014-09-01,0.0277740759439205,0.0737327502324201,-0.0459586742884996
"R11","Northern Borders",2014-10-01,-0.128535963491494,-0.391316675082179,0.262780711590686
"R11","Northern Borders",2014-11-01,-0.105513218643516,0.571210066306642,-0.676723284950158
"R11","Northern Borders",2014-12-01,-1.13473022143955,-0.102882136568746,-1.0318480848708
"R11","Northern Borders",2015-01-01,1.55359787655192,0.208674055683493,1.34492382086843
"R11","Northern Borders",2015-02-01,-0.10666925630467,-0.613240761878319,0.506571505573649
"R11","Northern Borders",2015-03-01,-0.00636670672635731,0.477091135843979,-0.483457842570337
"R11","Northern Borders",2015-04-01,-0.0627382603862081,-0.0586184520548222,-0.00411980833138591
"R11","Northern Borders",2015-05-01,-1.02130041248296,-0.0167081328062743,-1.00459227967669
"R11","Northern Borders",2015-06-01,-5.03820631983638,-0.388370697905649,-4.64983562193073
"R11","Northern Borders",2015-07-01,-0.230784993184496,0.0398558936564003,-0.270640886840896
"R11","Northern Borders",2015-08-01,-0.127325968942316,-0.101486248332909,-0.0258397206094072
"R11","Northern Borders",2015-09-01,0.671064465965365,-0.0429799478463705,0.714044413811735
"R11","Northern Borders",2015-10-01,0.0305058633171207,0.0280959230047396,0.00240994031238113
"R11","Northern Borders",2015-11-01,-0.529089316774911,-0.0263584684110213,-0.50273084836389
"R11","Northern Borders",2015-12-01,0.000155948550961682,0.0183166051334637,-0.018160656582502
"R11","Northern Borders",2016-01-01,1.87167400153925,2.42686013465959,-0.555186133120339
"R11","Northern Borders",2016-02-01,-0.160134273007539,-0.128244050247017,-0.0318902227605222
"R11","Northern Borders",2016-03-01,4.53017940403209,0.296906932236224,4.23327247179587
"R11","Northern Borders",2016-04-01,0.0233101816852432,-0.086006953867248,0.109317135552491
"R11","Northern Borders",2016-05-01,-0.114637552486307,-0.197318714926022,0.0826811624397145
"R11","Northern Borders",2016-06-01,-0.0717956040693579,-0.0669953352416464,-0.00480026882771151
"R11","Northern Borders",2016-07-01,-4.23876761686151,-0.342245812213776,-3.89652180464773
"R11","Northern Borders",2016-08-01,0.0318660413344496,-0.129622088214897,0.161488129549346
"R11","Northern Borders",2016-09-01,-0.267003455335146,-0.0360933637588392,-0.230910091576307
"R11","Northern Borders",2016-10-01,0.0582827355644966,-0.172316772379635,0.230599507944131
"R11","Northern Borders",2016-11-01,0.0124950377112576,-0.413589432118009,0.426084469829267
"R11","Northern Borders",2016-12-01,-0.348836524320273,-0.236530179211433,-0.11230634510884
"R11","Northern Borders",2017-01-01,2.51860339261372,0.112486694207859,2.40611669840586
"R11","Northern Borders",2017-02-01,-0.318243432804266,-0.039554676125261,-0.278688756679005
"R11","Northern Borders",2017-03-01,0.025578491951439,-0.550438705518547,0.576017197469986
"R11","Northern Borders",2017-04-01,-0.00517912803630338,-0.0778262257611355,0.0726470977248321
"R11","Northern Borders",2017-05-01,-0.244443558864482,-0.153791960455171,-0.0906515984093109
"R11","Northern Borders",2017-06-01,-0.405667299143264,-0.163473354027746,-0.242193945115518
"R11","Northern Borders",2017-07-01,-0.20618342430776,-0.167054016567475,-0.039129407740285
"R11","Northern Borders",2017-08-01,-0.271005927219914,-0.196724604445531,-0.074281322774383
"R11","Northern Borders",2017-09-01,-0.310993043444618,0.0467090569850056,-0.357702100429624
"R11","Northern Borders",2017-10-01,-1.45723257932922,-0.414024148322889,-1.04320843100633
"R11","Northern Borders",2017-11-01,-2.59334157215472,-0.479637427814543,-2.11370414434018
"R11","Northern Borders",2017-12-01,-0.219433146419146,-0.394266005413926,0.17483285899478
"R11","Northern Borders",2018-01-01,-4.14931346933249,2.75768781802641,-6.9070012873589
"R11","Northern Borders",2018-02-01,-0.0106644378388587,-0.301087919433306,0.290423481594447
"R11","Northern Borders",2018-03-01,-0.336311027784131,-0.293886729377127,-0.0424242984070037
"R11","Northern Borders",2018-04-01,-0.283241149680791,-0.405295838752126,0.122054689071335
"R11","Northern Borders",2018-05-01,-0.00367965892573707,-0.576064520066343,0.572384861140606
"R11","Northern Borders",2018-06-01,-0.563191681945785,-0.188540881097982,-0.374650800847803
"R11","Northern Borders",2018-07-01,0.0227387939697898,-0.441206937076713,0.463945731046503
"R11","Northern Borders",2018-08-01,-0.0976080342129926,-0.2999868013103,0.202378767097307
"R11","Northern Borders",2018-09-01,-0.363607497197727,-0.333136616837321,-0.0304708803604063
"R11","Northern Borders",2018-10-01,-0.569884460178827,-0.430923956614016,-0.138960503564811
"R11","Northern Borders",2018-11-01,-1.05554615539551,-0.249577672093859,-0.805968483301651
"R11","Northern Borders",2018-12-01,0.0382375662966616,-0.601398909359375,0.639636475656036
"R11","Northern Borders",2019-01-01,-2.13123195028757,-1.73605256396584,-0.395179386321732
"R11","Northern Borders",2019-02-01,-0.0621129499007722,-0.276478411124032,0.21436546122326
"R11","Northern Borders",2019-03-01,-0.0488445190252484,-0.198464520730658,0.14962000170541
"R11","Northern Borders",2019-04-01,0.140593550066104,-0.10589861856712,0.246492168633224
"R11","Northern Borders",2019-05-01,0.88763629999562,0.0368574912338664,0.850778808761754
"R11","Northern Borders",2019-06-01,0.279863253544832,0.158826506836576,0.121036746708256
"R11","Northern Borders",2019-07-01,0.0811139795443339,0.00598587413142215,0.0751281054129117
"R11","Northern Borders",2019-08-01,0.117883703344468,-0.0109808051094127,0.128864508453881
"R11","Northern Borders",2019-09-01,0.455812105465725,0.0538444864538225,0.401967619011902
"R11","Northern Borders",2019-10-01,-0.236162299740084,-0.251306946897438,0.0151446471573537
"R11","Northern Borders",2019-11-01,-0.588325003624757,-0.146268932527262,-0.442056071097495
"R11","Northern Borders",2019-12-01,0.184024105548808,0.203842237399832,-0.019818131851024
"R11","Northern Borders",2020-01-01,0.715696414996891,-0.485913838137971,1.20161025313486
"R11","Northern Borders",2020-02-01,-0.204205382630906,0.623827731016187,-0.828033113647094
"R11","Northern Borders",2020-03-01,0.192079460252703,0.0479010463263225,0.144178413926381
"R11","Northern Borders",2020-04-01,0.263157497409683,-0.03501234406005,0.298169841469733
"R11","Northern Borders",2020-05-01,-0.668177110245782,-0.514582108363246,-0.153595001882535
"R11","Northern Borders",2020-06-01,-0.126503023211377,-0.499211675689229,0.372708652477852
"R11","Northern Borders",2020-07-01,4.43665482134667,5.47636459988514,-1.03970977853847
"R11","Northern Borders",2020-08-01,1.28890302490685,0.20835938023387,1.08054364467298
"R11","Northern Borders",2020-09-01,-0.112787262124847,-0.173849638336331,0.0610623762114837
"R11","Northern Borders",2020-10-01,0.623442166191879,0.252554579101212,0.370887587090667
"R11","Northern Borders",2020-11-01,-0.0565211364690121,-0.232844494615859,0.176323358146847
"R11","Northern Borders",2020-12-01,0.307715003345166,-0.126846996709806,0.434562000054972
"R11","Northern Borders",2021-01-01,0.175385663447702,0.544416290445102,-0.3690306269974
"R11","Northern Borders",2021-02-01,-0.569917651390206,-0.230604269512509,-0.339313381877697
"R11","Northern Borders",2021-03-01,0.106545321050877,0.0674606532133996,0.0390846678374774
"R11","Northern Borders",2021-04-01,0.488458920848789,0.171542966928148,0.316915953920641
"R11","Northern Borders",2021-05-01,0.609690285348119,0.137898214294157,0.471792071053962
"R11","Northern Borders",2021-06-01,0.284410199273388,0.0132920125935188,0.271118186679869
"R11","Northern Borders",2021-07-01,-0.0401945844529017,0.127847266506947,-0.168041850959848
"R11","Northern Borders",2021-08-01,0.471467658323999,0.0622745811018942,0.409193077222105
"R11","Northern Borders",2021-09-01,-0.112569873144963,-0.111694674880933,-0.000875198264029542
"R11","Northern Borders",2021-10-01,0.468929128668716,0.202667436887118,0.266261691781598
"R11","Northern Borders",2021-11-01,0.182113378119197,0.0756356776784654,0.106477700440732
"R11","Northern Borders",2021-12-01,0.417416500525114,-0.0899046894776339,0.507321190002748
"R11","Northern Borders",2022-01-01,-0.391500986260063,-0.0377316817788491,-0.353769304481214
"R11","Northern Borders",2022-02-01,0.0687888900158029,0.0136461153548403,0.0551427746609626
"R11","Northern Borders",2022-03-01,0.335549719376704,0.0708741224800628,0.264675596896641
"R11","Northern Borders",2022-04-01,0.613717586907914,0.439003404678212,0.174714182229702
"R11","Northern Borders",2022-05-01,0.322440457061379,0.245680322530684,0.076760134530695
"R11","Northern Borders",2022-06-01,0.090300423223777,0.17051537794338,-0.0802149547196028
"R11","Northern Borders",2022-07-01,-0.388414903301104,0.244959659112826,-0.633374562413931
"R11","Northern Borders",2022-08-01,0.00757148700145649,0.196865197488423,-0.189293710486967
"R11","Northern Borders",2022-09-01,-0.543131461592239,-0.0365096830889193,-0.50662177850332
"R11","Northern Borders",2022-10-01,-0.340624344379048,0.191322716653174,-0.531947061032222
"R11","Northern Borders",2022-11-01,0.22516572432778,-0.0858836434784286,0.311049367806209
"R11","Northern Borders",2022-12-01,0.404870793251977,-0.108799648157894,0.513670441409871
"R11","Northern Borders",2023-01-01,0.419057623015373,-0.0984195286565037,0.517477151671877
"R11","Northern Borders",2023-02-01,0.00886777706030628,0.141889790865377,-0.133022013805071
"R11","Northern Borders",2023-03-01,0.0499678271022042,-0.0385659672054245,0.0885337943076287
"R11","Northern Borders",2023-04-01,-0.183522730881691,0.209726586972421,-0.393249317854112
"R11","Northern Borders",2023-05-01,-0.1238187802306,-0.128437695335084,0.00461891510448409
"R11","Northern Borders",2023-06-01,0.0122349421256551,-0.0363273367686536,0.0485622788943087
"R11","Northern Borders",2023-07-01,0.0811291083747001,0.294856817445323,-0.213727709070623
"R11","Northern Borders",2023-08-01,-0.201299467293392,-0.0405394353203727,-0.160760031973019
"R11","Northern Borders",2023-09-01,0.293785672981617,-0.190071066216105,0.483856739197722
"R11","Northern Borders",2023-10-01,0.177275374156416,0.188731228602034,-0.0114558544456184
"R11","Northern Borders",2023-11-01,0.101397758840704,0.0813971279240658,0.0200006309166382
"R11","Northern Borders",2023-12-01,-0.00630185902306124,-0.000148533974376877,-0.00615332504868436
"R11","Northern Borders",2024-01-01,0.703829064924388,0.106791411558242,0.597037653366146
"R11","Northern Borders",2024-02-01,0.298424356210436,0.109959163910493,0.188465192299943
"R11","Northern Borders",2024-03-01,-0.28785733633736,-0.122979050716483,-0.164878285620877
"R11","Northern Borders",2024-04-01,0.119608117586978,0.280702655426819,-0.161094537839841
"R11","Northern Borders",2024-05-01,-0.135699923226973,-0.0455803134883227,-0.0901196097386503
"R11","Northern Borders",2024-06-01,-0.087580019934741,0.164968114957386,-0.252548134892127
"R11","Northern Borders",2024-07-01,0.383812979121334,0.0330171464681041,0.35079583265323
"R11","Northern Borders",2024-08-01,0.00401800559171051,-0.0814241825422809,0.0854421881339914
"R11","Northern Borders",2024-09-01,-0.0704645767194201,-0.0377178035366081,-0.032746773182812
"R11","Northern Borders",2024-10-01,-0.110397283764119,0.129757022750232,-0.240154306514351
"R11","Northern Borders",2024-11-01,0.311856744224137,0.1483748007371,0.163481943487037
"R11","Northern Borders",2024-12-01,0.0289187951046266,-0.0974113970150617,0.126330192119688
"R11","Northern Borders",2025-01-01,-0.00210340763260319,0.260637676873141,-0.262741084505745
"R11","Northern Borders",2025-02-01,0.0139189429829045,0.11445439707269,-0.100535454089786
"R11","Northern Borders",2025-03-01,0.432263154331292,0.137306145933083,0.294957008398208
"R11","Northern Borders",2025-04-01,0.0242898725181462,0.157000346347048,-0.132710473828902
"R11","Northern Borders",2025-05-01,0.305800178096494,-0.0153896450095613,0.321189823106055
"R11","Northern Borders",2025-06-01,0.21413692008041,0.0101435446708082,0.203993375409602
"R11","Northern Borders",2025-07-01,-0.0164446599778323,0.0859109344875759,-0.102355594465408
"R11","Northern Borders",2025-08-01,0.0238857863173791,0.0544101220444754,-0.0305243357270963
"R11","Northern Borders",2025-09-01,-0.00156551840806429,-0.0875848235828515,0.0860193051747872
"R11","Northern Borders",2025-10-01,0.320866801988107,0.185305212957288,0.135561589030819
"R11","Northern Borders",2025-11-01,0.271608320987049,-0.0579540411462615,0.32956236213331
"R11","Northern Borders",2025-12-01,0.245119395751203,0.0187207657507106,0.226398630000492
"R11","Northern Borders",2026-01-01,0.146932594532423,-0.033037672515698,0.179970267048121
"R11","Northern Borders",2026-02-01,0.436170793528134,0.0188878882073841,0.41728290532075
"R12","Riyadh",2013-02-01,-0.472168882112101,-0.0336692650663457,-0.438499617045755
"R12","Riyadh",2013-03-01,0.0829989647402662,0.109870431078069,-0.0268714663378032
"R12","Riyadh",2013-04-01,-0.236863562009404,0.18246267455734,-0.419326236566744
"R12","Riyadh",2013-05-01,0.123171361971153,0.0231304182508791,0.100040943720274
"R12","Riyadh",2013-06-01,-0.0956639493597145,0.140109561319297,-0.235773510679011
"R12","Riyadh",2013-07-01,0.649648697479677,0.552276297757171,0.0973723997225063
"R12","Riyadh",2013-08-01,-0.332871570264714,0.200108891346341,-0.532980461611055
"R12","Riyadh",2013-09-01,0.0380848438536141,0.530692656763123,-0.492607812909509
"R12","Riyadh",2013-10-01,-0.103209698135043,0.0940534319079896,-0.197263130043033
"R12","Riyadh",2013-11-01,0.122778487476261,0.240067929808251,-0.11728944233199
"R12","Riyadh",2013-12-01,0.297175049785192,0.0975337300651217,0.19964131972007
"R12","Riyadh",2014-01-01,0.181199875084115,0.360608356569405,-0.17940848148529
"R12","Riyadh",2014-02-01,0.204071441292353,0.179878544509064,0.0241928967832893
"R12","Riyadh",2014-03-01,-0.0525065444050732,-0.172791835574794,0.120285291169721
"R12","Riyadh",2014-04-01,0.126825791931306,1.00770562948363,-0.880879837552327
"R12","Riyadh",2014-05-01,-0.0907904968086015,-0.275413913587923,0.184623416779321
"R12","Riyadh",2014-06-01,-0.233578945092727,0.609139549510169,-0.842718494602896
"R12","Riyadh",2014-07-01,0.353376606496081,0.308165050909178,0.0452115555869033
"R12","Riyadh",2014-08-01,-0.339183275319144,0.395944361590696,-0.73512763690984
"R12","Riyadh",2014-09-01,-0.117975546772708,0.228126040880065,-0.346101587652773
"R12","Riyadh",2014-10-01,0.16407385848618,-0.236923384434535,0.400997242920715
"R12","Riyadh",2014-11-01,0.143447574964828,0.725603356954287,-0.582155781989459
"R12","Riyadh",2014-12-01,0.0123271844587158,0.0515111540788987,-0.0391839696201829
"R12","Riyadh",2015-01-01,-0.208900590100214,0.363067346331138,-0.571967936431352
"R12","Riyadh",2015-02-01,0.0226986065924528,-0.458847471230674,0.481546077823127
"R12","Riyadh",2015-03-01,-0.00201943508724156,0.631484426491624,-0.633503861578866
"R12","Riyadh",2015-04-01,-0.064226685351354,0.0957748385928227,-0.160001523944177
"R12","Riyadh",2015-05-01,0.146803874190393,0.137685157841371,0.00911871634902237
"R12","Riyadh",2015-06-01,-0.0275855787479351,-0.233977407258004,0.206391828510069
"R12","Riyadh",2015-07-01,0.0534793634937358,0.194249184304045,-0.140769820810309
"R12","Riyadh",2015-08-01,-0.102310333154598,0.0529070423147361,-0.155217375469334
"R12","Riyadh",2015-09-01,0.121181742569831,0.111413342801274,0.00976839976855656
"R12","Riyadh",2015-10-01,0.277375657265111,0.182489213652384,0.0948864436127265
"R12","Riyadh",2015-11-01,-0.11365751818424,0.128034822236624,-0.241692340420864
"R12","Riyadh",2015-12-01,-0.017385175044371,0.172709895781109,-0.19009507082548
"R12","Riyadh",2016-01-01,2.33194221648354,2.58125342530723,-0.249311208823694
"R12","Riyadh",2016-02-01,0.142450053719845,0.0261492404006281,0.116300813319217
"R12","Riyadh",2016-03-01,-0.0637918021359596,0.451300222883869,-0.515092025019829
"R12","Riyadh",2016-04-01,0.155608137121011,0.0683863367803969,0.0872218003406141
"R12","Riyadh",2016-05-01,-0.0610220175781606,-0.0429254242783766,-0.018096593299784
"R12","Riyadh",2016-06-01,-0.00685923240650865,0.0873979554059985,-0.0942571878125072
"R12","Riyadh",2016-07-01,0.127299484989862,-0.187852521566131,0.315152006555993
"R12","Riyadh",2016-08-01,-0.20447242055619,0.0247712024327484,-0.229243622988938
"R12","Riyadh",2016-09-01,0.208274351930715,0.118299926888806,0.0899744250419093
"R12","Riyadh",2016-10-01,-0.20489396720258,-0.0179234817319898,-0.18697048547059
"R12","Riyadh",2016-11-01,-0.301705081817527,-0.259196141470364,-0.0425089403471626
"R12","Riyadh",2016-12-01,-0.323244774224207,-0.0821368885637885,-0.241107885660418
"R12","Riyadh",2017-01-01,0.0127270350081865,0.266879984855504,-0.254152949847318
"R12","Riyadh",2017-02-01,0.314759365847195,0.114838614522384,0.199920751324811
"R12","Riyadh",2017-03-01,0.111756604609159,-0.396045414870902,0.507802019480061
"R12","Riyadh",2017-04-01,0.20060981931298,0.0765670648865094,0.124042754426471
"R12","Riyadh",2017-05-01,-0.135011684031028,0.000601330192473881,-0.135613014223502
"R12","Riyadh",2017-06-01,-0.290534124750863,-0.00908006338010139,-0.281454061370762
"R12","Riyadh",2017-07-01,0.0362142651828101,-0.0126607259198301,0.0488749911026402
"R12","Riyadh",2017-08-01,-0.0335940698898085,-0.0423313137978861,0.00873724390807757
"R12","Riyadh",2017-09-01,0.311168279060325,0.201102347632651,0.110065931427674
"R12","Riyadh",2017-10-01,0.212892538031273,-0.259630857675244,0.472523395706517
"R12","Riyadh",2017-11-01,-0.50318974777257,-0.325244137166898,-0.177945610605672
"R12","Riyadh",2017-12-01,-0.280605556355784,-0.239872714766281,-0.0407328415895031
"R12","Riyadh",2018-01-01,6.44119347595247,2.91208110867405,3.52911236727842
"R12","Riyadh",2018-02-01,0.284496977906823,-0.146694628785661,0.431191606692484
"R12","Riyadh",2018-03-01,0.118788714191087,-0.139493438729482,0.258282152920569
"R12","Riyadh",2018-04-01,-0.0466012823001627,-0.250902548104481,0.204301265804318
"R12","Riyadh",2018-05-01,-0.261949387900895,-0.421671229418699,0.159721841517803
"R12","Riyadh",2018-06-01,-0.0115998077231616,-0.0341475904503374,0.0225477827271758
"R12","Riyadh",2018-07-01,0.086539230342364,-0.286813646429068,0.373352876771432
"R12","Riyadh",2018-08-01,-0.0217517794169453,-0.145593510662655,0.123841731245709
"R12","Riyadh",2018-09-01,0.0376045442890494,-0.178743326189676,0.216347870478725
"R12","Riyadh",2018-10-01,-0.157964393689092,-0.276530665966371,0.118566272277279
"R12","Riyadh",2018-11-01,-0.320737144565086,-0.0951843814462142,-0.225552763118872
"R12","Riyadh",2018-12-01,-0.338791203167066,-0.44700561871173,0.108214415544664
"R12","Riyadh",2019-01-01,0.0706628741125037,-1.58165927331819,1.6523221474307
"R12","Riyadh",2019-02-01,-0.257391737905976,-0.122085120476387,-0.135306617429589
"R12","Riyadh",2019-03-01,-0.0241820305315166,-0.0440712300830132,0.0198891995514966
"R12","Riyadh",2019-04-01,0.0460602132004162,0.0484946720805248,-0.00243445888010857
"R12","Riyadh",2019-05-01,-0.00327533454447249,0.191250781881511,-0.194526116425984
"R12","Riyadh",2019-06-01,0.0149558743945732,0.313219797484221,-0.298263923089647
"R12","Riyadh",2019-07-01,0.163920443771381,0.160379164779067,0.00354127899231393
"R12","Riyadh",2019-08-01,0.200712823309246,0.143412485538232,0.0573003377710138
"R12","Riyadh",2019-09-01,0.50218511066511,0.208237777101467,0.293947333563643
"R12","Riyadh",2019-10-01,0.193691382686989,-0.0969136562497928,0.290605038936782
"R12","Riyadh",2019-11-01,-0.342616351973568,0.00812435812038326,-0.350740710093951
"R12","Riyadh",2019-12-01,0.731892889415064,0.358235528047477,0.373657361367587
"R12","Riyadh",2020-01-01,0.12406610282758,-0.331520547490326,0.455586650317906
"R12","Riyadh",2020-02-01,-0.107368696657151,0.778221021663832,-0.885589718320983
"R12","Riyadh",2020-03-01,0.173817421479239,0.202294336973967,-0.0284769154947284
"R12","Riyadh",2020-04-01,0.0383407316725481,0.119380946587595,-0.0810402149150468
"R12","Riyadh",2020-05-01,-0.411090305637174,-0.360188817715602,-0.0509014879215725
"R12","Riyadh",2020-06-01,-0.187786354718256,-0.344818385041584,0.157032030323328
"R12","Riyadh",2020-07-01,6.9710757499843,5.63075789053278,1.34031785945152
"R12","Riyadh",2020-08-01,0.139927581745436,0.362752670881515,-0.222825089136079
"R12","Riyadh",2020-09-01,-0.518214860229627,-0.0194563476886858,-0.498758512540941
"R12","Riyadh",2020-10-01,0.155405598568059,0.406947869748857,-0.251542271180798
"R12","Riyadh",2020-11-01,-0.164789028073553,-0.0784512039682143,-0.0863378241053387
"R12","Riyadh",2020-12-01,-0.218509840559911,0.0275462939378392,-0.24605613449775
"R12","Riyadh",2021-01-01,-0.0582850061032758,0.698809581092747,-0.757094587196023
"R12","Riyadh",2021-02-01,0.149372524221736,-0.0762109788648638,0.2255835030866
"R12","Riyadh",2021-03-01,-0.169181263382523,0.221853943861044,-0.391035207243567
"R12","Riyadh",2021-04-01,0.279371765219327,0.325936257575793,-0.0465644923564657
"R12","Riyadh",2021-05-01,0.237855479907001,0.292291504941802,-0.0544360250348008
"R12","Riyadh",2021-06-01,0.340838634123664,0.167685303241164,0.1731533308825
"R12","Riyadh",2021-07-01,0.114484756141575,0.282240557154592,-0.167755801013017
"R12","Riyadh",2021-08-01,0.110781273458205,0.216667871749539,-0.105886598291334
"R12","Riyadh",2021-09-01,0.494344462771057,0.0426986157667115,0.451645847004346
"R12","Riyadh",2021-10-01,1.0203924373573,0.357060727534763,0.663331709822536
"R12","Riyadh",2021-11-01,-0.0593365602338025,0.23002896832611,-0.289365528559913
"R12","Riyadh",2021-12-01,-0.015282713066167,0.064488601170011,-0.079771314236178
"R12","Riyadh",2022-01-01,0.381870647102467,0.116661608868796,0.265209038233671
"R12","Riyadh",2022-02-01,0.378405685165983,0.168039406002485,0.210366279163498
"R12","Riyadh",2022-03-01,-0.0403676801478348,0.225267413127708,-0.265635093275542
"R12","Riyadh",2022-04-01,0.130027685208933,0.593396695325857,-0.463369010116924
"R12","Riyadh",2022-05-01,0.202069743136857,0.400073613178329,-0.198003870041472
"R12","Riyadh",2022-06-01,0.207398539837023,0.324908668591025,-0.117510128754002
"R12","Riyadh",2022-07-01,0.400929691315621,0.399352949760471,0.00157674155514959
"R12","Riyadh",2022-08-01,0.389528655556326,0.351258488136068,0.0382701674202576
"R12","Riyadh",2022-09-01,0.296634303271226,0.117883607558726,0.1787506957125
"R12","Riyadh",2022-10-01,0.417216135224674,0.345716007300819,0.0715001279238553
"R12","Riyadh",2022-11-01,0.139874542085927,0.0685096471692163,0.0713648949167107
"R12","Riyadh",2022-12-01,0.559544302576942,0.045593642489751,0.513950660087191
"R12","Riyadh",2023-01-01,0.470728594365877,0.0559737619911412,0.414754832374736
"R12","Riyadh",2023-02-01,-0.390975245888736,0.296283081513022,-0.687258327401758
"R12","Riyadh",2023-03-01,0.247847351013064,0.11582732344222,0.132020027570844
"R12","Riyadh",2023-04-01,-0.177235412461574,0.364119877620066,-0.54135529008164
"R12","Riyadh",2023-05-01,-0.0671892512849936,0.0259555953125608,-0.0931448465975544
"R12","Riyadh",2023-06-01,0.148058488186198,0.118065953878991,0.0299925343072067
"R12","Riyadh",2023-07-01,0.873167335318303,0.449250108092968,0.423917227225335
"R12","Riyadh",2023-08-01,-0.0299019132427247,0.113853855327272,-0.143755768569997
"R12","Riyadh",2023-09-01,0.0628082644097638,-0.0356777755684601,0.0984860399782239
"R12","Riyadh",2023-10-01,0.325445613156816,0.343124519249679,-0.0176789060928633
"R12","Riyadh",2023-11-01,0.869224360999432,0.235790418571711,0.633433942427721
"R12","Riyadh",2023-12-01,0.0246952453484717,0.154244756673268,-0.129549511324796
"R12","Riyadh",2024-01-01,0.308581516410023,0.261184702205887,0.0473968142041363
"R12","Riyadh",2024-02-01,-0.0370145835315583,0.264352454558138,-0.301367038089696
"R12","Riyadh",2024-03-01,-0.282304755676055,0.0314142399311614,-0.313718995607216
"R12","Riyadh",2024-04-01,0.747740830463073,0.435095946074464,0.312644884388609
"R12","Riyadh",2024-05-01,0.28255078106465,0.108812977159322,0.173737803905328
"R12","Riyadh",2024-06-01,0.136396678175554,0.319361405605031,-0.182964727429477
"R12","Riyadh",2024-07-01,-0.30447363919901,0.187410437115749,-0.491884076314759
"R12","Riyadh",2024-08-01,-0.0208086148358433,0.072969108105364,-0.0937777229412073
"R12","Riyadh",2024-09-01,0.0742995389403589,0.116675487111037,-0.0423759481706779
"R12","Riyadh",2024-10-01,0.211956794986623,0.284150313397877,-0.0721935184112543
"R12","Riyadh",2024-11-01,0.428490837856099,0.302768091384745,0.125722746471354
"R12","Riyadh",2024-12-01,-0.0489512741977727,0.0569818936325832,-0.105933167830356
"R12","Riyadh",2025-01-01,0.534934936506914,0.415030967520786,0.119903968986128
"R12","Riyadh",2025-02-01,0.145292335347325,0.268847687720335,-0.12355535237301
"R12","Riyadh",2025-03-01,0.24970710565384,0.291699436580728,-0.0419923309268884
"R12","Riyadh",2025-04-01,0.489557085295189,0.311393636994693,0.178163448300496
"R12","Riyadh",2025-05-01,0.381185947116425,0.139003645638084,0.242182301478341
"R12","Riyadh",2025-06-01,0.312628178976571,0.164536835318453,0.148091343658118
"R12","Riyadh",2025-07-01,0.206513115801776,0.240304225135221,-0.0337911093334449
"R12","Riyadh",2025-08-01,0.24859859617834,0.20880341269212,0.0397951834862197
"R12","Riyadh",2025-09-01,0.186074520556101,0.0668084670647935,0.119266053491308
"R12","Riyadh",2025-10-01,0.355655884500461,0.339698503604933,0.0159573808955281
"R12","Riyadh",2025-11-01,0.143508745969712,0.0964392495013834,0.0470694964683286
"R12","Riyadh",2025-12-01,0.166976885695913,0.173114056398356,-0.00613717070244249
"R12","Riyadh",2026-01-01,0.394717275390111,0.121355618131947,0.273361657258164
"R12","Riyadh",2026-02-01,0.0314444554523341,0.173281178855029,-0.141836723402695
"R13","Tabouk",2013-02-01,-0.0347659822255153,-0.163875506331412,0.129109524105897
"R13","Tabouk",2013-03-01,0.0318370597425677,-0.0203358101869967,0.0521728699295644
"R13","Tabouk",2013-04-01,0.0860543879959152,0.0522564332922737,0.0337979547036415
"R13","Tabouk",2013-05-01,-0.328976647113777,-0.107075823014187,-0.22190082409959
"R13","Tabouk",2013-06-01,0.0464658609207191,0.00990332005423065,0.0365625408664884
"R13","Tabouk",2013-07-01,0.516142786741725,0.422070056492104,0.0940727302496205
"R13","Tabouk",2013-08-01,-0.199599926898752,0.0699026500812753,-0.269502576980027
"R13","Tabouk",2013-09-01,-0.100995893954714,0.400486415498057,-0.501482309452771
"R13","Tabouk",2013-10-01,0.281326792953163,-0.0361528093570766,0.31747960231024
"R13","Tabouk",2013-11-01,0.151256373798425,0.109861688543185,0.0413946852552404
"R13","Tabouk",2013-12-01,-0.201217382823504,-0.0326725111999444,-0.16854487162356
"R13","Tabouk",2014-01-01,-0.0821714667226914,0.230402115304339,-0.31257358202703
"R13","Tabouk",2014-02-01,0.196232619827086,0.0496723032439976,0.146560316583088
"R13","Tabouk",2014-03-01,-0.0680003580153965,-0.302998076839861,0.234997718824464
"R13","Tabouk",2014-04-01,0.572439919349144,0.877499388218567,-0.305059468869423
"R13","Tabouk",2014-05-01,0.0656580734982093,-0.405620154852989,0.471278228351198
"R13","Tabouk",2014-06-01,-0.341963877121554,0.478933308245103,-0.820897185366657
"R13","Tabouk",2014-07-01,-0.738782296004636,0.177958809644112,-0.916741105648748
"R13","Tabouk",2014-08-01,0.274700946006945,0.265738120325629,0.00896282568131557
"R13","Tabouk",2014-09-01,0.170899874121933,0.0979197996149989,0.0729800745069341
"R13","Tabouk",2014-10-01,0.948855568443729,-0.367129625699601,1.31598519414333
"R13","Tabouk",2014-11-01,-0.0548506525307246,0.59539711568922,-0.650247768219945
"R13","Tabouk",2014-12-01,-0.240364922599667,-0.0786950871861675,-0.1616698354135
"R13","Tabouk",2015-01-01,0.258471979019514,0.232861105066072,0.0256108739534422
"R13","Tabouk",2015-02-01,-0.372562812120414,-0.58905371249574,0.216490900375326
"R13","Tabouk",2015-03-01,0.0203503609504274,0.501278185226558,-0.480927824276131
"R13","Tabouk",2015-04-01,-0.19865651193296,-0.0344314026722434,-0.164225109260717
"R13","Tabouk",2015-05-01,0.244825030436235,0.00747891657630451,0.23734611385993
"R13","Tabouk",2015-06-01,0.1539060354113,-0.36418364852307,0.51808968393437
"R13","Tabouk",2015-07-01,0.107892047944169,0.0640429430389791,0.0438491049051899
"R13","Tabouk",2015-08-01,-0.00198198821284024,-0.07729919895033,0.0753172107374897
"R13","Tabouk",2015-09-01,-0.229751329120731,-0.0187928984637917,-0.210958430656939
"R13","Tabouk",2015-10-01,0.0639332591944708,0.0522829723873184,0.0116502868071524
"R13","Tabouk",2015-11-01,0.0123808402785919,-0.00217141902844252,0.0145522593070344
"R13","Tabouk",2015-12-01,0.0168517255117351,0.0425036545160425,-0.0256519290043074
"R13","Tabouk",2016-01-01,2.50427822630535,2.45104718404217,0.0532310422631821
"R13","Tabouk",2016-02-01,-0.121750837764001,-0.104057000864438,-0.017693836899563
"R13","Tabouk",2016-03-01,-0.23074113016559,0.321093981618803,-0.551835111784393
"R13","Tabouk",2016-04-01,-0.523957737467118,-0.0618199044846692,-0.462137832982449
"R13","Tabouk",2016-05-01,-0.540456650618015,-0.173131665543443,-0.367324985074572
"R13","Tabouk",2016-06-01,-0.0889820825037191,-0.0428082858590676,-0.0461737966446515
"R13","Tabouk",2016-07-01,0.0480798692235496,-0.318058762831197,0.366138632054747
"R13","Tabouk",2016-08-01,0.0443193700298217,-0.105435038832318,0.149754408862139
"R13","Tabouk",2016-09-01,-0.00773079085414352,-0.0119063143762604,0.00417552352211685
"R13","Tabouk",2016-10-01,-0.202780283021919,-0.148129722997056,-0.054650560024863
"R13","Tabouk",2016-11-01,-0.333600719839833,-0.38940238273543,0.0558016628955975
"R13","Tabouk",2016-12-01,0.0796498702877457,-0.212343129828855,0.2919930001166
"R13","Tabouk",2017-01-01,-0.00477710898509898,0.136673743590438,-0.141450852575537
"R13","Tabouk",2017-02-01,-0.171520789507706,-0.0153676267426822,-0.156153162765024
"R13","Tabouk",2017-03-01,-0.066309145638499,-0.526251656135968,0.459942510497469
"R13","Tabouk",2017-04-01,0.177713796521672,-0.0536391763785567,0.231352972900229
"R13","Tabouk",2017-05-01,-0.385383156821106,-0.129604911072592,-0.255778245748514
"R13","Tabouk",2017-06-01,-0.0705962677893801,-0.139286304645168,0.0686900368557874
"R13","Tabouk",2017-07-01,-0.39238251022411,-0.142866967184896,-0.249515543039214
"R13","Tabouk",2017-08-01,-0.145069377381368,-0.172537555062952,0.0274681776815842
"R13","Tabouk",2017-09-01,-0.220645372715822,0.0708961063675844,-0.291541479083406
"R13","Tabouk",2017-10-01,-0.321842395596583,-0.38983709894031,0.067994703343727
"R13","Tabouk",2017-11-01,-0.364780188199187,-0.455450378431964,0.0906701902327771
"R13","Tabouk",2017-12-01,-0.172169979689052,-0.370078956031347,0.197908976342295
"R13","Tabouk",2018-01-01,1.26173835070889,2.78187486740899,-1.5201365167001
"R13","Tabouk",2018-02-01,-0.148130773462007,-0.276900870050727,0.12877009658872
"R13","Tabouk",2018-03-01,-0.534003170237352,-0.269699679994549,-0.264303490242803
"R13","Tabouk",2018-04-01,-0.951410705480615,-0.381108789369547,-0.570301916111068
"R13","Tabouk",2018-05-01,-1.02355911541325,-0.551877470683765,-0.471681644729485
"R13","Tabouk",2018-06-01,-0.175179287766358,-0.164353831715404,-0.0108254560509545
"R13","Tabouk",2018-07-01,0.175604353072956,-0.417019887694134,0.59262424076709
"R13","Tabouk",2018-08-01,0.209550645463619,-0.275799751927721,0.48535039739134
"R13","Tabouk",2018-09-01,0.110414807064796,-0.308949567454742,0.419364374519538
"R13","Tabouk",2018-10-01,-0.102638354486917,-0.406736907231437,0.30409855274452
"R13","Tabouk",2018-11-01,0.63686943543404,-0.22539062271128,0.86226005814532
"R13","Tabouk",2018-12-01,-0.346836793333338,-0.577211859976796,0.230375066643458
"R13","Tabouk",2019-01-01,-1.43201400478734,-1.71186551458326,0.279851509795919
"R13","Tabouk",2019-02-01,-0.141594989554061,-0.252291361741453,0.110696372187392
"R13","Tabouk",2019-03-01,-0.329078871508237,-0.174277471348079,-0.154801400160158
"R13","Tabouk",2019-04-01,-0.00709093267738936,-0.0817115691845414,0.074620636507152
"R13","Tabouk",2019-05-01,0.418200093903298,0.0610445406164452,0.357155553286853
"R13","Tabouk",2019-06-01,0.15237469204612,0.183013556219154,-0.0306388641730345
"R13","Tabouk",2019-07-01,0.40936739197317,0.030172923514001,0.379194468459169
"R13","Tabouk",2019-08-01,0.570387232458724,0.0132062442731661,0.557180988185558
"R13","Tabouk",2019-09-01,0.233356407611929,0.0780315358364013,0.155324871775528
"R13","Tabouk",2019-10-01,-0.0905350092033075,-0.227119897514859,0.136584888311551
"R13","Tabouk",2019-11-01,0.279311954530037,-0.122081883144683,0.40139383767472
"R13","Tabouk",2019-12-01,-0.25519559920717,0.228029286782411,-0.483224885989581
"R13","Tabouk",2020-01-01,-0.782657400969367,-0.461726788755392,-0.320930612213975
"R13","Tabouk",2020-02-01,0.953934978480486,0.648014780398766,0.30592019808172
"R13","Tabouk",2020-03-01,-0.0178189567622944,0.0720880957089013,-0.0899070524711957
"R13","Tabouk",2020-04-01,0.108051164558276,-0.0108252946774712,0.118876459235747
"R13","Tabouk",2020-05-01,-0.345452741560415,-0.490395058980668,0.144942317420253
"R13","Tabouk",2020-06-01,-0.450734922529783,-0.47502462630665,0.0242897037768667
"R13","Tabouk",2020-07-01,5.03872848980569,5.50055164926771,-0.461823159462024
"R13","Tabouk",2020-08-01,0.250303589048961,0.232546429616449,0.0177571594325119
"R13","Tabouk",2020-09-01,-0.682962841150037,-0.149662588953752,-0.533300252196285
"R13","Tabouk",2020-10-01,1.66916731790048,0.276741628483791,1.39242568941669
"R13","Tabouk",2020-11-01,0.0269824294425902,-0.20865744523328,0.235639874675871
"R13","Tabouk",2020-12-01,0.244067446943674,-0.102659947327227,0.346727394270901
"R13","Tabouk",2021-01-01,3.90077873680292,0.568603339827681,3.33217539697524
"R13","Tabouk",2021-02-01,-0.207073948659087,-0.20641722012993,-0.000656728529157019
"R13","Tabouk",2021-03-01,-0.0866297163541141,0.0916477025959784,-0.178277418950092
"R13","Tabouk",2021-04-01,0.491947714754293,0.195730016310727,0.296217698443566
"R13","Tabouk",2021-05-01,-0.173345065741959,0.162085263676736,-0.335430329418695
"R13","Tabouk",2021-06-01,-0.139189652118166,0.0374790619760976,-0.176668714094264
"R13","Tabouk",2021-07-01,0.0808520916362632,0.152034315889525,-0.0711822242532622
"R13","Tabouk",2021-08-01,-0.0341064494555177,0.086461630484473,-0.120568079939991
"R13","Tabouk",2021-09-01,-0.42391090378251,-0.0875076254983547,-0.336403278284155
"R13","Tabouk",2021-10-01,0.253173511746585,0.226854486269697,0.0263190254768877
"R13","Tabouk",2021-11-01,0.165201748346444,0.0998227270610442,0.0653790212853998
"R13","Tabouk",2021-12-01,-0.527025842179718,-0.0657176400950551,-0.461308202084663
"R13","Tabouk",2022-01-01,-0.22493012175433,-0.0135446323962703,-0.21138548935806
"R13","Tabouk",2022-02-01,-0.0696977311598346,0.0378331647374191,-0.107530895897254
"R13","Tabouk",2022-03-01,0.00886842414624667,0.0950611718626416,-0.0861927477163949
"R13","Tabouk",2022-04-01,0.276767150485302,0.46319045406079,-0.186423303575488
"R13","Tabouk",2022-05-01,0.176542472701779,0.269867371913263,-0.0933248992114838
"R13","Tabouk",2022-06-01,0.072561531991866,0.194702427325959,-0.122140895334093
"R13","Tabouk",2022-07-01,0.134555223314337,0.269146708495405,-0.134591485181068
"R13","Tabouk",2022-08-01,0.198949370269208,0.221052246871002,-0.0221028766017942
"R13","Tabouk",2022-09-01,0.330068219637969,-0.0123226337063405,0.342390853344309
"R13","Tabouk",2022-10-01,0.108679105665654,0.215509766035753,-0.106830660370099
"R13","Tabouk",2022-11-01,-0.158724135555133,-0.0616965940958498,-0.0970275414592832
"R13","Tabouk",2022-12-01,-0.261123408013297,-0.0846125987753152,-0.176510809237982
"R13","Tabouk",2023-01-01,-0.33346316207723,-0.0742324792739249,-0.259230682803305
"R13","Tabouk",2023-02-01,0.247423960917814,0.166076840247956,0.081347120669858
"R13","Tabouk",2023-03-01,-0.139744857876156,-0.0143789178228457,-0.12536594005331
"R13","Tabouk",2023-04-01,0.298291329043732,0.233913636355,0.0643776926887322
"R13","Tabouk",2023-05-01,-0.0481385179240235,-0.104250645952505,0.0561121280284818
"R13","Tabouk",2023-06-01,-0.413661266035437,-0.0121402873860748,-0.401520978649362
"R13","Tabouk",2023-07-01,0.114586478955037,0.319043866827902,-0.204457387872865
"R13","Tabouk",2023-08-01,-0.323099794962278,-0.0163523859377939,-0.306747409024484
"R13","Tabouk",2023-09-01,-0.497259820586837,-0.165884016833526,-0.331375803753311
"R13","Tabouk",2023-10-01,0.0323965597583964,0.212918277984613,-0.180521718226217
"R13","Tabouk",2023-11-01,0.406939763827996,0.105584177306645,0.301355586521351
"R13","Tabouk",2023-12-01,-0.0674770661643009,0.0240385154082019,-0.0915155815725028
"R13","Tabouk",2024-01-01,-0.0670155956274954,0.130978460940821,-0.197994056568316
"R13","Tabouk",2024-02-01,-0.0450490167628992,0.134146213293072,-0.179195230055971
"R13","Tabouk",2024-03-01,-0.123753494731016,-0.0987920013339047,-0.0249614933971113
"R13","Tabouk",2024-04-01,0.286876087467558,0.304889704809397,-0.0180136173418394
"R13","Tabouk",2024-05-01,-0.0510401737619404,-0.0213932641057439,-0.0296469096561965
"R13","Tabouk",2024-06-01,0.23979798927094,0.189155164339965,0.050642824930975
"R13","Tabouk",2024-07-01,0.134766537696418,0.0572041958506829,0.0775623418457351
"R13","Tabouk",2024-08-01,-0.350650504946781,-0.0572371331597021,-0.293413371787079
"R13","Tabouk",2024-09-01,0.00878704243421069,-0.0135307541540293,0.02231779658824
"R13","Tabouk",2024-10-01,0.8787682331997,0.153944072132811,0.724824161066889
"R13","Tabouk",2024-11-01,0.134981366190789,0.172561850119679,-0.03758048392889
"R13","Tabouk",2024-12-01,-0.0512963808335876,-0.0732243476324829,0.0219279667988953
"R13","Tabouk",2025-01-01,0.122626474136034,0.28482472625572,-0.162198252119686
"R13","Tabouk",2025-02-01,0.178971651507709,0.138641446455269,0.0403302050524398
"R13","Tabouk",2025-03-01,0.00318540521062616,0.161493195315662,-0.158307790105036
"R13","Tabouk",2025-04-01,-0.131456448020195,0.181187395729627,-0.312643843749822
"R13","Tabouk",2025-05-01,-0.0209385577140786,0.00879740437301747,-0.0297359620870961
"R13","Tabouk",2025-06-01,0.137151940354396,0.034330594053387,0.102821346301009
"R13","Tabouk",2025-07-01,0.278961894785823,0.110097983870155,0.168863910915668
"R13","Tabouk",2025-08-01,-0.160437865088348,0.0785971714270542,-0.239035036515402
"R13","Tabouk",2025-09-01,0.0602729241527378,-0.0633977742002727,0.12367069835301
"R13","Tabouk",2025-10-01,0.384405109252928,0.209492262339867,0.174912846913061
"R13","Tabouk",2025-11-01,-0.165213088391614,-0.0337669917636827,-0.131446096627931
"R13","Tabouk",2025-12-01,0.00439056460761478,0.0429078151332894,-0.0385172505256746
"R13","Tabouk",2026-01-01,-0.41015244638265,-0.00885062313311923,-0.401301823249531
"R13","Tabouk",2026-02-01,-0.359484153672973,0.0430749375899629,-0.402559091262936
