"region_id","Region","date","year","month","CPI","inflation_mom","inflation_yoy"
"R01","Al Baha",2013-01-01,2013,1,73.0118058221791,NA,NA
"R01","Al Baha",2013-02-01,2013,2,72.9024671945638,-0.149866967527501,NA
"R01","Al Baha",2013-03-01,2013,3,72.8907872470719,-0.0160226171802336,NA
"R01","Al Baha",2013-04-01,2013,4,73.0356391102369,0.198527318671982,NA
"R01","Al Baha",2013-05-01,2013,5,73.1961042415961,0.219466980409067,NA
"R01","Al Baha",2013-06-01,2013,6,73.2626229639496,0.0908361395684842,NA
"R01","Al Baha",2013-07-01,2013,7,73.4036632487721,0.192328219307036,NA
"R01","Al Baha",2013-08-01,2013,8,73.5288729199356,0.170431552787864,NA
"R01","Al Baha",2013-09-01,2013,9,78.0316426527862,5.94362615370398,NA
"R01","Al Baha",2013-10-01,2013,10,78.3348695025046,0.38784164925918,NA
"R01","Al Baha",2013-11-01,2013,11,78.4334630128873,0.1257824482785,NA
"R01","Al Baha",2013-12-01,2013,12,78.6400748488404,0.263076719259026,NA
"R01","Al Baha",2014-01-01,2014,1,78.818284962197,0.226358498416257,7.65238609495364
"R01","Al Baha",2014-02-01,2014,2,79.0597315211164,0.305864936147504,8.10811799862865
"R01","Al Baha",2014-03-01,2014,3,75.0420329780038,-5.21552657196995,2.90861404383893
"R01","Al Baha",2014-04-01,2014,4,79.9546725895833,6.34114852140648,9.05123524657343
"R01","Al Baha",2014-05-01,2014,5,75.4310690982624,-5.82406343215434,3.00770483401003
"R01","Al Baha",2014-06-01,2014,6,80.0233488701638,5.90992058199591,8.82678927643745
"R01","Al Baha",2014-07-01,2014,7,80.2634554508282,0.299596415659131,8.93405747278955
"R01","Al Baha",2014-08-01,2014,8,80.5153080005103,0.313291071871458,9.07691699187314
"R01","Al Baha",2014-09-01,2014,9,80.7791467190312,0.327151921370472,3.46044275953963
"R01","Al Baha",2014-10-01,2014,10,75.7865855073715,-6.37975422682056,-3.30715311654011
"R01","Al Baha",2014-11-01,2014,11,80.6366096194392,6.20314552408443,2.77020995926582
"R01","Al Baha",2014-12-01,2014,12,80.6560847635598,0.0241488237142207,2.53128206372102
"R01","Al Baha",2015-01-01,2015,1,80.7732062157928,0.145105602673468,2.45002916797823
"R01","Al Baha",2015-02-01,2015,2,76.2631225835467,-5.74558041568958,-3.60141618385885
"R01","Al Baha",2015-03-01,2015,3,81.5317837035231,6.68034281786349,8.29445320597459
"R01","Al Baha",2015-04-01,2015,4,81.6596588269065,0.156717959683306,2.11002264425142
"R01","Al Baha",2015-05-01,2015,5,81.6645779979009,0.00602381017236198,7.94010988657812
"R01","Al Baha",2015-06-01,2015,6,81.8122878189912,0.180710414955954,2.21089971953816
"R01","Al Baha",2015-07-01,2015,7,82.2316488683276,0.511280052573948,2.42258335645298
"R01","Al Baha",2015-08-01,2015,8,82.2203062029173,-0.0137945035962872,2.09549778098523
"R01","Al Baha",2015-09-01,2015,9,82.2712653132543,0.0619595417534313,1.83030540136819
"R01","Al Baha",2015-10-01,2015,10,82.5103099270829,0.290135327528862,8.50019495571761
"R01","Al Baha",2015-11-01,2015,11,82.714238563744,0.24685041306185,2.54389984469503
"R01","Al Baha",2015-12-01,2015,12,83.004438143685,0.350231950127711,2.86998297110852
"R01","Al Baha",2016-01-01,2016,1,85.7727945522876,3.28077984256119,6.00565721099624
"R01","Al Baha",2016-02-01,2016,2,85.7935770066066,0.0242267225584847,11.7754643492443
"R01","Al Baha",2016-03-01,2016,3,85.9524693113778,0.185031741353736,5.28015327273454
"R01","Al Baha",2016-04-01,2016,4,86.034691438187,0.0956142687801531,5.21904958183139
"R01","Al Baha",2016-05-01,2016,5,85.9978095339761,-0.0428778336273972,5.17014793803163
"R01","Al Baha",2016-06-01,2016,6,85.9139211800022,-0.0975946903494673,4.89184283272621
"R01","Al Baha",2016-07-01,2016,7,85.9968588918505,0.0964892582633325,4.4770520384156
"R01","Al Baha",2016-08-01,2016,8,86.1795532007851,0.21221766126942,4.7030642032813
"R01","Al Baha",2016-09-01,2016,9,86.4264448503401,0.286075594963275,4.92718025649115
"R01","Al Baha",2016-10-01,2016,10,86.3314503123938,-0.109974189522255,4.52707073944003
"R01","Al Baha",2016-11-01,2016,11,86.077338992128,-0.294777900009713,3.98544242636847
"R01","Al Baha",2016-12-01,2016,12,86.0941618530599,0.0195419809932318,3.65475245723399
"R01","Al Baha",2017-01-01,2017,1,86.1569859125653,0.072944724149604,0.446917338822406
"R01","Al Baha",2017-02-01,2017,2,86.0511608554632,-0.122903674894914,0.299786941369007
"R01","Al Baha",2017-03-01,2017,3,86.067382474352,0.0188493565225656,0.133604556537836
"R01","Al Baha",2017-04-01,2017,4,86.0197370908892,-0.0553735628797902,-0.017383275122107
"R01","Al Baha",2017-05-01,2017,5,85.9968070926676,-0.0266602244176184,-0.00116566591232825
"R01","Al Baha",2017-06-01,2017,6,86.0652177117276,0.0795185605220183,0.175947584959157
"R01","Al Baha",2017-07-01,2017,7,86.0652177117276,0,0.0794583266958249
"R01","Al Baha",2017-08-01,2017,8,86.0951513347779,0.0347741161543347,-0.0979852184192609
"R01","Al Baha",2017-09-01,2017,9,86.0631613057693,-0.0371635024602135,-0.42122431584275
"R01","Al Baha",2017-10-01,2017,10,86.0585218530331,-0.00539089863886844,-0.316641024959363
"R01","Al Baha",2017-11-01,2017,11,85.8919219369221,-0.193776723769989,-0.21563984871964
"R01","Al Baha",2017-12-01,2017,12,85.6438787905073,-0.289202974825731,-0.524384804538602
"R01","Al Baha",2018-01-01,2018,1,86.356921473089,0.829120290453034,0.231790761764827
"R01","Al Baha",2018-02-01,2018,2,86.261755084349,-0.11026199514399,0.244432441515752
"R01","Al Baha",2018-03-01,2018,3,86.6556802453105,0.455623045386577,0.681206130379763
"R01","Al Baha",2018-04-01,2018,4,86.3828633946849,-0.31532521129467,0.421254481964883
"R01","Al Baha",2018-05-01,2018,5,86.3502369874079,-0.0377766711681993,0.410138035214302
"R01","Al Baha",2018-06-01,2018,6,86.8625311121338,0.591521773021242,0.922141247713526
"R01","Al Baha",2018-07-01,2018,7,87.1205461579825,0.296598081887645,1.21873932960117
"R01","Al Baha",2018-08-01,2018,8,87.1532477516974,0.0375289862750705,1.22149419972191
"R01","Al Baha",2018-09-01,2018,9,86.8877762266895,-0.305067994691122,0.953589707490998
"R01","Al Baha",2018-10-01,2018,10,86.8533207661033,-0.0396629946906479,0.919317611439219
"R01","Al Baha",2018-11-01,2018,11,86.7535880845189,-0.114894842856206,0.998199492353002
"R01","Al Baha",2018-12-01,2018,12,86.5703901640085,-0.211393703956553,1.07600876322218
"R01","Al Baha",2019-01-01,2019,1,87.2466900473026,0.778178180545108,1.02506665331425
"R01","Al Baha",2019-02-01,2019,2,87.0198150140304,-0.260377243888321,0.874951404569924
"R01","Al Baha",2019-03-01,2019,3,86.9913693219788,-0.032694096547381,0.386634262635965
"R01","Al Baha",2019-04-01,2019,4,86.6955333704017,-0.340654629771464,0.361304844159172
"R01","Al Baha",2019-05-01,2019,5,86.6853704492997,-0.0117232300556047,0.387358285271766
"R01","Al Baha",2019-06-01,2019,6,87.3238250084204,0.733820327669932,0.529656839920456
"R01","Al Baha",2019-07-01,2019,7,87.7808260315395,0.52197592470673,0.755034682739542
"R01","Al Baha",2019-08-01,2019,8,87.6770432950365,-0.118299337618488,0.599206358845983
"R01","Al Baha",2019-09-01,2019,9,87.5930988509223,-0.0957886488879289,0.808485704649176
"R01","Al Baha",2019-10-01,2019,10,87.5860694789641,-0.00802535144899252,0.840123347890831
"R01","Al Baha",2019-11-01,2019,11,87.5136037852948,-0.0827707972899994,0.872247393457037
"R01","Al Baha",2019-12-01,2019,12,87.4789160702371,-0.0396447980070214,1.04399629940657
"R01","Al Baha",2020-01-01,2020,1,87.22706511245,-0.288314264390532,-0.0224961455290718
"R01","Al Baha",2020-02-01,2020,2,87.6447411582853,0.477694888611779,0.715575986971029
"R01","Al Baha",2020-03-01,2020,3,87.8733176414519,0.260459366916255,1.00872945043466
"R01","Al Baha",2020-04-01,2020,4,88.0846373497093,0.240193527897148,1.58957760810328
"R01","Al Baha",2020-05-01,2020,5,87.8357036718573,-0.283007459575835,1.31829337858305
"R01","Al Baha",2020-06-01,2020,6,87.6080622024697,-0.25950377433146,0.324969276581655
"R01","Al Baha",2020-07-01,2020,7,94.9012372802517,7.99637152752437,7.7993648793993
"R01","Al Baha",2020-08-01,2020,8,94.8962133491159,-0.00529399222202187,7.91237022479576
"R01","Al Baha",2020-09-01,2020,9,94.9413442201979,0.0475468316281535,8.05570570531184
"R01","Al Baha",2020-10-01,2020,10,95.1483846141717,0.217834469136058,8.28156552589689
"R01","Al Baha",2020-11-01,2020,11,94.9785367109232,-0.178667962692991,8.1856683604939
"R01","Al Baha",2020-12-01,2020,12,94.930991912182,-0.0500709996799742,8.17524215882095
"R01","Al Baha",2021-01-01,2021,1,95.4165977924602,0.510231765517855,8.97378818872934
"R01","Al Baha",2021-02-01,2021,2,95.4776477773603,0.0639621029950632,8.56005540311262
"R01","Al Baha",2021-03-01,2021,3,95.4395953486106,-0.0398627474717195,8.25973328872465
"R01","Al Baha",2021-04-01,2021,4,95.4393533397057,-0.000253573174546773,8.01928618765295
"R01","Al Baha",2021-05-01,2021,5,95.6940965252627,0.266560705701568,8.56885435293036
"R01","Al Baha",2021-06-01,2021,6,96.0359433550762,0.356592208779372,9.18495033604119
"R01","Al Baha",2021-07-01,2021,7,96.2472635809341,0.219801109315476,1.40837991783229
"R01","Al Baha",2021-08-01,2021,8,96.3718323852815,0.129342130995802,1.54301604105012
"R01","Al Baha",2021-09-01,2021,9,96.3091731874116,-0.0650393118849735,1.43042989753699
"R01","Al Baha",2021-10-01,2021,10,95.7890130758542,-0.541557828283068,0.671037600117863
"R01","Al Baha",2021-11-01,2021,11,95.9972174881655,0.217121420543709,1.06682698335456
"R01","Al Baha",2021-12-01,2021,12,96.0338389373871,0.0381411739821758,1.15503915701671
"R01","Al Baha",2022-01-01,2022,1,96.4372898290371,0.419233248274686,1.06404063977354
"R01","Al Baha",2022-02-01,2022,2,96.435028426094,-0.00234497408824197,0.997733562690239
"R01","Al Baha",2022-03-01,2022,3,96.8872585381772,0.467851838577094,1.50544814873905
"R01","Al Baha",2022-04-01,2022,4,97.2415962220176,0.365054517819274,1.87075623973287
"R01","Al Baha",2022-05-01,2022,5,98.1869674802644,0.967492790771995,2.5716883248033
"R01","Al Baha",2022-06-01,2022,6,98.2849112568644,0.0997025990111311,2.31479871503506
"R01","Al Baha",2022-07-01,2022,7,98.9093222608294,0.633297515592002,2.72829512131159
"R01","Al Baha",2022-08-01,2022,8,99.4445108421009,0.539631497544146,3.13858448785993
"R01","Al Baha",2022-09-01,2022,9,98.8097375454043,-0.640365057519166,2.56325874222574
"R01","Al Baha",2022-10-01,2022,10,99.1366826065865,0.330337227862376,3.43515379837118
"R01","Al Baha",2022-11-01,2022,11,99.0371221320037,-0.100477944691324,3.11755443313615
"R01","Al Baha",2022-12-01,2022,12,98.7969819372291,-0.242769378765306,2.83664388038867
"R01","Al Baha",2023-01-01,2023,1,98.9038244239175,0.10808503926345,2.52549567137743
"R01","Al Baha",2023-02-01,2023,2,99.2353422516734,0.334631605325519,2.86247225079119
"R01","Al Baha",2023-03-01,2023,3,99.31333334619,0.0785611873693526,2.47318159958345
"R01","Al Baha",2023-04-01,2023,4,100.449277191594,1.13730601188662,3.2454330936508
"R01","Al Baha",2023-05-01,2023,5,99.9014387982656,-0.546880759582358,1.73105954329644
"R01","Al Baha",2023-06-01,2023,6,99.8938584994703,-0.00758806528624589,1.62376887899907
"R01","Al Baha",2023-07-01,2023,7,101.066679152339,1.16722813561001,2.15769949901707
"R01","Al Baha",2023-08-01,2023,8,100.889738444741,-0.175226670166762,1.44284133130617
"R01","Al Baha",2023-09-01,2023,9,99.6574068505989,-1.22898493845538,0.854221450369952
"R01","Al Baha",2023-10-01,2023,10,100.414510786096,0.756835400335198,1.28071962284277
"R01","Al Baha",2023-11-01,2023,11,100.074158123141,-0.339523417219656,1.04167415031444
"R01","Al Baha",2023-12-01,2023,12,100.224209635861,0.149828021535026,1.43427155061477
"R01","Al Baha",2024-01-01,2024,1,100.535546168414,0.310158558312157,1.63634506966348
"R01","Al Baha",2024-02-01,2024,2,100.708463473747,0.171848442291811,1.47356190662977
"R01","Al Baha",2024-03-01,2024,3,100.67453302031,-0.0336974365748866,1.36130328268553
"R01","Al Baha",2024-04-01,2024,4,100.839520237638,0.163747640947065,0.38774491174598
"R01","Al Baha",2024-05-01,2024,5,100.898003303426,0.0579793648695315,0.992605036197869
"R01","Al Baha",2024-06-01,2024,6,100.982708322311,0.0839159156648783,1.08410901714899
"R01","Al Baha",2024-07-01,2024,7,101.457841071238,0.469405583791627,0.38628646533061
"R01","Al Baha",2024-08-01,2024,8,101.229048953999,-0.225759262855796,0.335753872641575
"R01","Al Baha",2024-09-01,2024,9,100.541633174223,-0.681385850682759,0.883352960414197
"R01","Al Baha",2024-10-01,2024,10,101.131061237885,0.58454095009477,0.711058510173768
"R01","Al Baha",2024-11-01,2024,11,100.64579714811,-0.480991754175708,0.569590173217716
"R01","Al Baha",2024-12-01,2024,12,100.593000287314,-0.0524718520288125,0.367290299653877
"R01","Al Baha",2025-01-01,2025,1,100.909372054339,0.314013203231234,0.371144944572954
"R01","Al Baha",2025-02-01,2025,2,101.109984339673,0.19860705910304,0.397903561384183
"R01","Al Baha",2025-03-01,2025,3,101.176954557268,0.0662130935461747,0.497814091505244
"R01","Al Baha",2025-04-01,2025,4,101.366639124477,0.187302515192478,0.521368965750657
"R01","Al Baha",2025-05-01,2025,5,101.879657425205,0.504825326663561,0.968214927544686
"R01","Al Baha",2025-06-01,2025,6,102.172986505059,0.287503534631828,1.17180254651164
"R01","Al Baha",2025-07-01,2025,7,102.417005102807,0.238544135558616,0.940941098278625
"R01","Al Baha",2025-08-01,2025,8,102.632276553571,0.209970528172665,1.37667088930709
"R01","Al Baha",2025-09-01,2025,9,102.635149149074,0.00279888101415438,2.060855621004
"R01","Al Baha",2025-10-01,2025,10,102.564128092568,-0.069221549214582,1.40709312169465
"R01","Al Baha",2025-11-01,2025,11,102.471387345029,-0.0904631118815225,1.79762176398883
"R01","Al Baha",2025-12-01,2025,12,102.52487995602,0.052188864616376,1.90228248063402
"R01","Al Baha",2026-01-01,2026,1,102.729001916196,0.198897117663677,1.78716639506646
"R01","Al Baha",2026-02-01,2026,2,102.823659821266,0.0921008864210648,1.68066022238449
"R02","Al Jouf",2013-01-01,2013,1,95.9775232234343,NA,NA
"R02","Al Jouf",2013-02-01,2013,2,95.8841474352327,-0.0973365813540461,NA
"R02","Al Jouf",2013-03-01,2013,3,96.1463833679193,0.273119169748881,NA
"R02","Al Jouf",2013-04-01,2013,4,96.2293905201333,0.0862968924701057,NA
"R02","Al Jouf",2013-05-01,2013,5,95.8181133684697,-0.428308384195653,NA
"R02","Al Jouf",2013-06-01,2013,6,95.9482804836183,0.135755939844273,NA
"R02","Al Jouf",2013-07-01,2013,7,96.0511016829158,0.107105770827687,NA
"R02","Al Jouf",2013-08-01,2013,8,96.2137066674076,0.169146943380483,NA
"R02","Al Jouf",2013-09-01,2013,9,96.3194031117224,0.109795613912045,NA
"R02","Al Jouf",2013-10-01,2013,10,96.2823110300328,-0.0385168764602817,NA
"R02","Al Jouf",2013-11-01,2013,11,96.3249139859599,0.0442381708353423,NA
"R02","Al Jouf",2013-12-01,2013,12,96.5594777659301,0.243217083009206,NA
"R02","Al Jouf",2014-01-01,2014,1,96.6633776439391,0.10754409751641,0.712057839534452
"R02","Al Jouf",2014-02-01,2014,2,96.5432319599763,-0.124370175219024,0.685024245669474
"R02","Al Jouf",2014-03-01,2014,3,96.4995711658368,-0.0452343150606715,0.366670760859922
"R02","Al Jouf",2014-04-01,2014,4,97.0221217974558,0.540044781156546,0.820418649546362
"R02","Al Jouf",2014-05-01,2014,5,97.4103652138221,0.399361175017443,1.64808820875946
"R02","Al Jouf",2014-06-01,2014,6,97.5573298967944,0.150758012217356,1.66309028113254
"R02","Al Jouf",2014-07-01,2014,7,97.5833266537882,0.0266441218422564,1.58262863214711
"R02","Al Jouf",2014-08-01,2014,8,97.6995844979065,0.119066084346375,1.532547773113
"R02","Al Jouf",2014-09-01,2014,9,97.8976052972069,0.202478233108216,1.62523039230917
"R02","Al Jouf",2014-10-01,2014,10,97.9645138192351,0.0683220675163909,1.73206933628585
"R02","Al Jouf",2014-11-01,2014,11,98.1093057363142,0.147691256004023,1.83552242145453
"R02","Al Jouf",2014-12-01,2014,12,98.0989131964283,-0.0105933787607704,1.58171195968455
"R02","Al Jouf",2015-01-01,2015,1,98.1588663476377,0.0610963328063541,1.53526419497449
"R02","Al Jouf",2015-02-01,2015,2,98.0656898258441,-0.0949692847966865,1.56466508539683
"R02","Al Jouf",2015-03-01,2015,3,97.9106230935162,-0.158250517503244,1.45164888295426
"R02","Al Jouf",2015-04-01,2015,4,97.8002297264018,-0.112812730854372,0.798791370943341
"R02","Al Jouf",2015-05-01,2015,5,98.2168918440524,0.425128929407848,0.824559125333746
"R02","Al Jouf",2015-06-01,2015,6,98.3950825260686,0.18126132080738,0.85506243392377
"R02","Al Jouf",2015-07-01,2015,7,98.4432627979585,0.0489541534935967,0.87737246557511
"R02","Al Jouf",2015-08-01,2015,8,98.6592386894637,0.219150925345435,0.97745730657417
"R02","Al Jouf",2015-09-01,2015,9,99.0074494328312,0.352321483069762,1.12730055653572
"R02","Al Jouf",2015-10-01,2015,10,98.1414883233625,-0.878489824484063,0.180488664535261
"R02","Al Jouf",2015-11-01,2015,11,98.2330620150689,0.0932643239017317,0.126061732432969
"R02","Al Jouf",2015-12-01,2015,12,98.4426678402576,0.213148724248136,0.349803835441875
"R02","Al Jouf",2016-01-01,2016,1,101.223914283757,2.78607097523524,3.07477847787077
"R02","Al Jouf",2016-02-01,2016,2,101.453094657392,0.226153397972073,3.39590116063953
"R02","Al Jouf",2016-03-01,2016,3,101.48432606967,0.0307793529775502,3.58493103112032
"R02","Al Jouf",2016-04-01,2016,4,100.869895265514,-0.607284284381748,3.09045947759294
"R02","Al Jouf",2016-05-01,2016,5,100.967635315399,0.0968502312168162,2.76218077940191
"R02","Al Jouf",2016-06-01,2016,6,101.052501841572,0.0840178928295465,2.66493735142408
"R02","Al Jouf",2016-07-01,2016,7,101.038931977908,-0.0134294298654858,2.602553768065
"R02","Al Jouf",2016-08-01,2016,8,101.034130711986,-0.0047520098512166,2.37865083286835
"R02","Al Jouf",2016-09-01,2016,9,101.236148308838,0.19975022034977,2.22607957014835
"R02","Al Jouf",2016-10-01,2016,10,100.716404513438,-0.514719854370504,2.58984954026191
"R02","Al Jouf",2016-11-01,2016,11,100.043752635619,-0.670107460021008,1.82647775633917
"R02","Al Jouf",2016-12-01,2016,12,99.509099280931,-0.535852661468184,1.07747637062285
"R02","Al Jouf",2017-01-01,2017,1,99.8387744502622,0.330753936532613,-1.37784066807978
"R02","Al Jouf",2017-02-01,2017,2,100.011741767462,0.173096736161682,-1.43089732989017
"R02","Al Jouf",2017-03-01,2017,3,99.5332351381287,-0.479598688927663,-1.94127537179538
"R02","Al Jouf",2017-04-01,2017,4,99.3777343303272,-0.156352201082832,-1.49034328849647
"R02","Al Jouf",2017-05-01,2017,5,99.3266271193615,-0.0514404532641954,-1.63863397297748
"R02","Al Jouf",2017-06-01,2017,6,99.0071567744624,-0.322154516416706,-2.04480638222373
"R02","Al Jouf",2017-07-01,2017,7,98.9868486349875,-0.0205138933415228,-2.05189084569977
"R02","Al Jouf",2017-08-01,2017,8,99.2075449658869,0.222707028294789,-1.82443180755376
"R02","Al Jouf",2017-09-01,2017,9,99.4871171516934,0.281409039703107,-1.74277298820043
"R02","Al Jouf",2017-10-01,2017,10,99.2809541070401,-0.207440880496801,-1.43549401432672
"R02","Al Jouf",2017-11-01,2017,11,99.0711625429141,-0.211534563783378,-0.976921118089091
"R02","Al Jouf",2017-12-01,2017,12,98.9872570240651,-0.084728055542449,-0.525796512163357
"R02","Al Jouf",2018-01-01,2018,1,99.5748779531962,0.591877846857169,-0.2646726018388
"R02","Al Jouf",2018-02-01,2018,2,98.5916614838516,-0.992321448666633,-1.43009078666712
"R02","Al Jouf",2018-03-01,2018,3,98.2461457413892,-0.351066801851019,-1.30155889959047
"R02","Al Jouf",2018-04-01,2018,4,97.4571637305283,-0.806308577525616,-1.95151527603326
"R02","Al Jouf",2018-05-01,2018,5,96.7554648797957,-0.72261202489674,-2.6226868476658
"R02","Al Jouf",2018-06-01,2018,6,96.0056683802475,-0.777957950810126,-3.07849028205922
"R02","Al Jouf",2018-07-01,2018,7,95.9420129655406,-0.0663257993992694,-3.12430218811697
"R02","Al Jouf",2018-08-01,2018,8,95.6998672457966,-0.252706609160835,-3.59971582557259
"R02","Al Jouf",2018-09-01,2018,9,95.1056875402502,-0.62281376124762,-4.50393862652332
"R02","Al Jouf",2018-10-01,2018,10,95.2415118820019,0.142712228198327,-4.15378551782819
"R02","Al Jouf",2018-11-01,2018,11,95.1387136281666,-0.10799258541736,-4.05024353946217
"R02","Al Jouf",2018-12-01,2018,12,94.4486637896943,-0.727952351150396,-4.69346783507012
"R02","Al Jouf",2019-01-01,2019,1,91.6512299862457,-3.00660519030007,-8.29195087222736
"R02","Al Jouf",2019-02-01,2019,2,91.2378017885772,-0.452109017004521,-7.75173844056525
"R02","Al Jouf",2019-03-01,2019,3,91.2558831135125,0.0198158363716949,-7.38085580234253
"R02","Al Jouf",2019-04-01,2019,4,91.0099057824315,-0.269910751659364,-6.84445797647628
"R02","Al Jouf",2019-05-01,2019,5,90.7739603412782,-0.25958912491042,-6.38143507648996
"R02","Al Jouf",2019-06-01,2019,6,90.4481929636392,-0.359523074409118,-5.96300020008895
"R02","Al Jouf",2019-07-01,2019,7,90.0614356183865,-0.428517791674565,-6.32519219236425
"R02","Al Jouf",2019-08-01,2019,8,89.8525532147779,-0.23220261950474,-6.30468820270815
"R02","Al Jouf",2019-09-01,2019,9,89.8427223681728,-0.0109416862330569,-5.69281612769359
"R02","Al Jouf",2019-10-01,2019,10,89.8226564926888,-0.0223369418133501,-5.85786529770527
"R02","Al Jouf",2019-11-01,2019,11,89.7021111271392,-0.13429387517343,-5.88416658746134
"R02","Al Jouf",2019-12-01,2019,12,89.675145306386,-0.0300660423651067,-5.18628027867605
"R02","Al Jouf",2020-01-01,2020,1,90.4644321455548,0.876311470525426,-1.30336361785055
"R02","Al Jouf",2020-02-01,2020,2,90.1206083080497,-0.38078929693901,-1.23204389778504
"R02","Al Jouf",2020-03-01,2020,3,90.0552027093013,-0.0726019783145126,-1.32446171247125
"R02","Al Jouf",2020-04-01,2020,4,90.4191744801014,0.403350625089516,-0.651200335722368
"R02","Al Jouf",2020-05-01,2020,5,89.790479523852,-0.697740096493948,-1.0893513073059
"R02","Al Jouf",2020-06-01,2020,6,89.6010557519349,-0.211184816526444,-0.941013049423223
"R02","Al Jouf",2020-07-01,2020,7,93.7090638399712,4.48278142593033,3.97028616818167
"R02","Al Jouf",2020-08-01,2020,8,94.0150228616862,0.32596700615608,4.52845579384249
"R02","Al Jouf",2020-09-01,2020,9,94.1701523574701,0.164869024079461,4.70426650415501
"R02","Al Jouf",2020-10-01,2020,10,94.646397081062,0.504453380741321,5.23105682670968
"R02","Al Jouf",2020-11-01,2020,11,94.5428189828799,-0.109496842035561,5.25585385984755
"R02","Al Jouf",2020-12-01,2020,12,94.372888437088,-0.179900966355184,5.10601893585747
"R02","Al Jouf",2021-01-01,2021,1,94.6668971913242,0.311055146742056,4.5407626120741
"R02","Al Jouf",2021-02-01,2021,2,95.110825099608,0.467840706095846,5.38939261510896
"R02","Al Jouf",2021-03-01,2021,3,95.1600915358325,0.0517855678594081,5.51378016128288
"R02","Al Jouf",2021-04-01,2021,4,95.8149320330929,0.68578922152982,5.79621875772318
"R02","Al Jouf",2021-05-01,2021,5,95.7144621383965,-0.104913299962561,6.38904555425457
"R02","Al Jouf",2021-06-01,2021,6,95.8426488328794,0.13383654928516,6.73406692006617
"R02","Al Jouf",2021-07-01,2021,7,96.1499289923753,0.320096146784898,2.57138164092074
"R02","Al Jouf",2021-08-01,2021,8,96.1975238230582,0.0494883929655465,2.29490302773021
"R02","Al Jouf",2021-09-01,2021,9,95.6534015367245,-0.567235987286097,1.56279801636465
"R02","Al Jouf",2021-10-01,2021,10,96.5577629094056,0.941015105737097,1.99935974136043
"R02","Al Jouf",2021-11-01,2021,11,97.1368163425193,0.597905383208541,2.70676196660453
"R02","Al Jouf",2021-12-01,2021,12,97.355355861953,0.224728439124977,3.11139137208469
"R02","Al Jouf",2022-01-01,2022,1,97.7645689470512,0.419448383308563,3.2197846086512
"R02","Al Jouf",2022-02-01,2022,2,98.0656017446549,0.307442958004689,3.05938686056004
"R02","Al Jouf",2022-03-01,2022,3,98.2507084477484,0.188580111116821,3.19618140381746
"R02","Al Jouf",2022-04-01,2022,4,98.9115641064637,0.670369767027346,3.18076194931498
"R02","Al Jouf",2022-05-01,2022,5,99.4884070733337,0.581496649297186,3.86717189857473
"R02","Al Jouf",2022-06-01,2022,6,99.7737264961055,0.286376154521584,4.01971150381115
"R02","Al Jouf",2022-07-01,2022,7,99.8603291035806,0.0867613620807006,3.78637671910695
"R02","Al Jouf",2022-08-01,2022,8,99.9348797748411,0.0746270895472634,3.81151541568867
"R02","Al Jouf",2022-09-01,2022,9,100.018594860032,0.0837345689892466,4.46248597196401
"R02","Al Jouf",2022-10-01,2022,10,100.216303951522,0.197477219919584,3.7189480861465
"R02","Al Jouf",2022-11-01,2022,11,100.112165574531,-0.103967635371927,3.01707506756603
"R02","Al Jouf",2022-12-01,2022,12,99.9113914522174,-0.200750544311834,2.59159608412922
"R02","Al Jouf",2023-01-01,2023,1,99.5487886624953,-0.363584539993766,1.80856316082689
"R02","Al Jouf",2023-02-01,2023,2,99.6582100537677,0.109856985931422,1.61097718875363
"R02","Al Jouf",2023-03-01,2023,3,99.70433437733,0.0462718054857092,1.46866888312251
"R02","Al Jouf",2023-04-01,2023,4,100.075433536566,0.371508676712118,1.16980779280729
"R02","Al Jouf",2023-05-01,2023,5,99.8218022885492,-0.253761772217409,0.334549371292692
"R02","Al Jouf",2023-06-01,2023,6,99.787989113991,-0.0338792748031835,0.0142939419679244
"R02","Al Jouf",2023-07-01,2023,7,100.16030478259,0.372412378870646,0.29994495875787
"R02","Al Jouf",2023-08-01,2023,8,100.242408369155,0.0819386023946045,0.307256471605211
"R02","Al Jouf",2023-09-01,2023,9,100.067581048081,-0.174556811644155,0.0489650909718087
"R02","Al Jouf",2023-10-01,2023,10,100.109765050855,0.0421466306957718,-0.106365498252003
"R02","Al Jouf",2023-11-01,2023,11,100.377606560572,0.267190563584485,0.264792700704408
"R02","Al Jouf",2023-12-01,2023,12,100.450460426297,0.072553473240955,0.538096718257197
"R02","Al Jouf",2024-01-01,2024,1,100.575454357532,0.124356053772878,1.02603731202384
"R02","Al Jouf",2024-02-01,2024,2,100.934864047365,0.356716295018078,1.2728966211105
"R02","Al Jouf",2024-03-01,2024,3,101.034836312812,0.0989972985388832,1.32562211416367
"R02","Al Jouf",2024-04-01,2024,4,101.109265851222,0.0736400824725258,1.02775351992408
"R02","Al Jouf",2024-05-01,2024,5,101.03703173219,-0.0714671730029259,1.21004811913856
"R02","Al Jouf",2024-06-01,2024,6,101.527216595596,0.483980588165611,1.72790798210736
"R02","Al Jouf",2024-07-01,2024,7,101.607674936012,0.0792166663411642,1.43471226957788
"R02","Al Jouf",2024-08-01,2024,8,101.74337171108,0.133460631206006,1.48623429838928
"R02","Al Jouf",2024-09-01,2024,9,101.572070875309,-0.168507491733649,1.49228361829978
"R02","Al Jouf",2024-10-01,2024,10,101.484245443372,-0.0865035267120007,1.36363346089201
"R02","Al Jouf",2024-11-01,2024,11,101.568074602312,0.0825690282029612,1.17901192551049
"R02","Al Jouf",2024-12-01,2024,12,101.4382119755,-0.127939530065735,0.978518922203797
"R02","Al Jouf",2025-01-01,2025,1,101.640354000052,0.199077721808383,1.0532405902393
"R02","Al Jouf",2025-02-01,2025,2,101.711209805034,0.069687989139311,0.766212284360535
"R02","Al Jouf",2025-03-01,2025,3,101.676318839969,-0.034309837618629,0.632905148203022
"R02","Al Jouf",2025-04-01,2025,4,102.044501464543,0.361458416365235,0.920723482095731
"R02","Al Jouf",2025-05-01,2025,5,101.814873554652,-0.225280791708116,0.766909863390541
"R02","Al Jouf",2025-06-01,2025,6,101.83980096786,0.0244800797143618,0.307409354939292
"R02","Al Jouf",2025-07-01,2025,7,102.091623885968,0.246968358392508,0.475161046990635
"R02","Al Jouf",2025-08-01,2025,8,102.142599834491,0.0499191062623972,0.391619522047026
"R02","Al Jouf",2025-09-01,2025,9,102.044720230745,-0.0958723697553232,0.464254644025353
"R02","Al Jouf",2025-10-01,2025,10,102.361560406012,0.31001046350756,0.860768634244913
"R02","Al Jouf",2025-11-01,2025,11,102.399929923691,0.0374772796059908,0.815676885647942
"R02","Al Jouf",2025-12-01,2025,12,102.509236712966,0.106688052503667,1.05030446821734
"R02","Al Jouf",2026-01-01,2026,1,102.853651230329,0.335420721554058,1.18664746796302
"R02","Al Jouf",2026-02-01,2026,2,103.512232434612,0.638267748903232,1.75522722772694
"R03","Al Qassim",2013-01-01,2013,1,88.6580745501045,NA,NA
"R03","Al Qassim",2013-02-01,2013,2,88.7199245233617,0.0697380465298991,NA
"R03","Al Qassim",2013-03-01,2013,3,88.7139427965294,-0.00674248600329719,NA
"R03","Al Qassim",2013-04-01,2013,4,88.9761723783257,0.295154034773404,NA
"R03","Al Qassim",2013-05-01,2013,5,89.1638773624763,0.210738746162331,NA
"R03","Al Qassim",2013-06-01,2013,6,89.0772519198677,-0.0972002924101822,NA
"R03","Al Qassim",2013-07-01,2013,7,89.4032935000462,0.365352920774331,NA
"R03","Al Qassim",2013-08-01,2013,8,89.6633234320416,0.290428354795313,NA
"R03","Al Qassim",2013-09-01,2013,9,89.9415260410417,0.309794342763769,NA
"R03","Al Qassim",2013-10-01,2013,10,89.6972263945738,-0.271990084281359,NA
"R03","Al Qassim",2013-11-01,2013,11,89.5821282267396,-0.128400934832307,NA
"R03","Al Qassim",2013-12-01,2013,12,89.4952523841229,-0.0970260444236537,NA
"R03","Al Qassim",2014-01-01,2014,1,89.4908942994098,-0.00486974527884598,0.934976858569403
"R03","Al Qassim",2014-02-01,2014,2,89.2890015976922,-0.225856253610068,0.639382558429435
"R03","Al Qassim",2014-03-01,2014,3,89.2970911161864,0.0090595167594465,0.655184561192179
"R03","Al Qassim",2014-04-01,2014,4,89.5178734439524,0.246939556207426,0.606970082626201
"R03","Al Qassim",2014-05-01,2014,5,89.5346873431541,0.0187809648487303,0.415012301312601
"R03","Al Qassim",2014-06-01,2014,6,89.7912728159962,0.286166763268003,0.798379356990786
"R03","Al Qassim",2014-07-01,2014,7,90.1989416116948,0.452990729646352,0.886017165862807
"R03","Al Qassim",2014-08-01,2014,8,90.350444245954,0.16782407660747,0.763412887674964
"R03","Al Qassim",2014-09-01,2014,9,90.6138663875312,0.291131800202926,0.74475034511412
"R03","Al Qassim",2014-10-01,2014,10,90.7382514491804,0.137175217623664,1.15391564701914
"R03","Al Qassim",2014-11-01,2014,11,90.6423440338527,-0.105752684305127,1.17656389754632
"R03","Al Qassim",2014-12-01,2014,12,90.5584054240756,-0.0926470955912251,1.18094284637875
"R03","Al Qassim",2015-01-01,2015,1,90.6645062364804,0.117094271972107,1.3029068636297
"R03","Al Qassim",2015-02-01,2015,2,90.8169826042379,0.168035213518447,1.69679833075822
"R03","Al Qassim",2015-03-01,2015,3,90.9025908887989,0.0942202199230913,1.78195903392186
"R03","Al Qassim",2015-04-01,2015,4,90.8401896953041,-0.0686697933710789,1.46634968434336
"R03","Al Qassim",2015-05-01,2015,5,91.4110415580545,0.626447048593093,2.07401576808772
"R03","Al Qassim",2015-06-01,2015,6,91.2365699898668,-0.191047251892495,1.59680175292722
"R03","Al Qassim",2015-07-01,2015,7,91.3751631947212,0.151790061950141,1.29560108523101
"R03","Al Qassim",2015-08-01,2015,8,91.662484459933,0.313947982710516,1.44172499133406
"R03","Al Qassim",2015-09-01,2015,9,91.6788081719822,0.0178069128432767,1.16840010397441
"R03","Al Qassim",2015-10-01,2015,10,91.9001279498588,0.241116862072044,1.27234174842279
"R03","Al Qassim",2015-11-01,2015,11,91.579540474472,-0.349453216680118,1.0286412160478
"R03","Al Qassim",2015-12-01,2015,12,91.3794970153904,-0.218675766490595,0.902612545148429
"R03","Al Qassim",2016-01-01,2016,1,93.988665648789,2.81530649938553,3.60082477256185
"R03","Al Qassim",2016-02-01,2016,2,93.9383624274899,-0.0535348459616003,3.3792547130818
"R03","Al Qassim",2016-03-01,2016,3,93.5146980823973,-0.452022565344823,2.83301192781389
"R03","Al Qassim",2016-04-01,2016,4,93.4104843307673,-0.111503181200057,2.79017853998491
"R03","Al Qassim",2016-05-01,2016,5,92.6557945644808,-0.811209757473286,1.35252173391853
"R03","Al Qassim",2016-06-01,2016,6,92.6137221395552,-0.0454175369994481,1.49815144881158
"R03","Al Qassim",2016-07-01,2016,7,92.7729006545426,0.171726041184872,1.51808742804631
"R03","Al Qassim",2016-08-01,2016,8,92.7126709737958,-0.0649427147727977,1.139196730563
"R03","Al Qassim",2016-09-01,2016,9,92.7471557077933,0.0371883604249668,1.15857817814469
"R03","Al Qassim",2016-10-01,2016,10,92.8328817526795,0.0923871469764137,1.00984846304906
"R03","Al Qassim",2016-11-01,2016,11,91.7999715071973,-1.11889190165551,0.240409778073669
"R03","Al Qassim",2016-12-01,2016,12,91.4025185633829,-0.433895376875881,0.0251901676883826
"R03","Al Qassim",2017-01-01,2017,1,91.161219617231,-0.264345032665947,-3.05446136436309
"R03","Al Qassim",2017-02-01,2017,2,91.159587863662,-0.00178998062985158,-3.00271649903134
"R03","Al Qassim",2017-03-01,2017,3,91.1693830593035,0.0107445301767761,-2.53994940350974
"R03","Al Qassim",2017-04-01,2017,4,91.1761771723252,0.00745190945830032,-2.42099431285139
"R03","Al Qassim",2017-05-01,2017,5,91.0210912271488,-0.170239635307379,-1.78002419068548
"R03","Al Qassim",2017-06-01,2017,6,90.922756258493,-0.108093765839801,-1.84270041952583
"R03","Al Qassim",2017-07-01,2017,7,90.9309383309401,0.00899852210434204,-2.00542793860636
"R03","Al Qassim",2017-08-01,2017,8,90.9394682119038,0.00938017474316766,-1.9311050490904
"R03","Al Qassim",2017-09-01,2017,9,90.8674510055937,-0.0792238385500355,-2.0475172480654
"R03","Al Qassim",2017-10-01,2017,10,90.646005267411,-0.24399937348516,-2.38390376852697
"R03","Al Qassim",2017-11-01,2017,11,90.6432869521391,-0.00299887019119538,-1.26801073706266
"R03","Al Qassim",2017-12-01,2017,12,90.6349925785122,-0.00915098450207097,-0.843266344688853
"R03","Al Qassim",2018-01-01,2018,1,90.042582472378,-0.655767301415811,-1.23468861343872
"R03","Al Qassim",2018-02-01,2018,2,89.938358331753,-0.11581687684199,-1.34871550965086
"R03","Al Qassim",2018-03-01,2018,3,89.8721390989126,-0.0736544715467247,-1.43311451137436
"R03","Al Qassim",2018-04-01,2018,4,90.2159379823567,0.38181239610795,-1.05875402472471
"R03","Al Qassim",2018-05-01,2018,5,89.6728258147271,-0.603832953637351,-1.49234734305468
"R03","Al Qassim",2018-06-01,2018,6,89.6762415784944,0.0038090677775493,-1.38044450943733
"R03","Al Qassim",2018-07-01,2018,7,86.3523720150661,-3.77695946457308,-5.16640249611475
"R03","Al Qassim",2018-08-01,2018,8,86.2666003915825,-0.0993768290316943,-5.27515949988961
"R03","Al Qassim",2018-09-01,2018,9,86.182261615683,-0.0978130926954535,-5.29374875403503
"R03","Al Qassim",2018-10-01,2018,10,86.0544195750214,-0.148449288798513,-5.19819866934839
"R03","Al Qassim",2018-11-01,2018,11,85.9964006946269,-0.0674438895471141,-5.2626436887043
"R03","Al Qassim",2018-12-01,2018,12,85.5516786001,-0.518482156862721,-5.77197486106495
"R03","Al Qassim",2019-01-01,2019,1,83.9094065492282,-1.9382898031802,-7.05449736282935
"R03","Al Qassim",2019-02-01,2019,2,83.7459226184876,-0.195023902155533,-7.13370438814289
"R03","Al Qassim",2019-03-01,2019,3,83.7248050119459,-0.0252194600840028,-7.08526937668017
"R03","Al Qassim",2019-04-01,2019,4,83.95308266565,0.272281334048152,-7.19480043873997
"R03","Al Qassim",2019-05-01,2019,5,84.1198581343608,0.198456125838931,-6.39251135926369
"R03","Al Qassim",2019-06-01,2019,6,84.432270787707,0.370701946167618,-6.02561848087362
"R03","Al Qassim",2019-07-01,2019,7,84.4105388100172,-0.0257422603445079,-2.27440127664504
"R03","Al Qassim",2019-08-01,2019,8,84.8399521347108,0.507430428939148,-1.6675940186742
"R03","Al Qassim",2019-09-01,2019,9,85.6033880831381,0.895829726162312,-0.673951199816436
"R03","Al Qassim",2019-10-01,2019,10,86.1451977642132,0.630935592002491,0.105433680984568
"R03","Al Qassim",2019-11-01,2019,11,86.6321535858275,0.563681648288217,0.736559218819899
"R03","Al Qassim",2019-12-01,2019,12,86.7075414624556,0.0869828245172677,1.34202420019989
"R03","Al Qassim",2020-01-01,2020,1,82.7887697930223,-4.62484417494755,-1.34453017156746
"R03","Al Qassim",2020-02-01,2020,2,88.7341313591971,6.93521891085958,5.78571264144765
"R03","Al Qassim",2020-03-01,2020,3,89.4201143390642,0.770103869730487,6.58103597126214
"R03","Al Qassim",2020-04-01,2020,4,89.6743194736498,0.283878510222202,6.59263314743619
"R03","Al Qassim",2020-05-01,2020,5,89.6085741527193,-0.0733425510351715,6.32083447056209
"R03","Al Qassim",2020-06-01,2020,6,89.4249667740717,-0.205109547704474,5.74502297669
"R03","Al Qassim",2020-07-01,2020,7,94.6607323376072,5.68993473594039,11.4606999729749
"R03","Al Qassim",2020-08-01,2020,8,94.8711277516089,0.222015971694134,11.1752855157299
"R03","Al Qassim",2020-09-01,2020,9,94.6627334365598,-0.219902024598895,10.0595537649687
"R03","Al Qassim",2020-10-01,2020,10,94.8803019756437,0.229571753101254,9.65818992606744
"R03","Al Qassim",2020-11-01,2020,11,94.705333339626,-0.184580108511945,8.90992816926728
"R03","Al Qassim",2020-12-01,2020,12,94.5536187861748,-0.160324871552397,8.66262047319761
"R03","Al Qassim",2021-01-01,2021,1,94.5064925674556,-0.0498531597783902,13.2376114883668
"R03","Al Qassim",2021-02-01,2021,2,95.063784073425,0.587954104684663,6.89034668219186
"R03","Al Qassim",2021-03-01,2021,3,95.2532275138325,0.19908204883734,6.31932486129871
"R03","Al Qassim",2021-04-01,2021,4,94.7083612118128,-0.573661022642291,5.46178532843422
"R03","Al Qassim",2021-05-01,2021,5,94.8329436082515,0.131456744478786,5.66658462394818
"R03","Al Qassim",2021-06-01,2021,6,94.820727565503,-0.0128824743437228,5.85881169730893
"R03","Al Qassim",2021-07-01,2021,7,95.0953559988501,0.289210497199655,0.45808745856819
"R03","Al Qassim",2021-08-01,2021,8,95.2148659570949,0.125594907857529,0.361666394731586
"R03","Al Qassim",2021-09-01,2021,9,95.0378621442638,-0.18607235298802,0.39549606634246
"R03","Al Qassim",2021-10-01,2021,10,95.3713338394454,0.350268834864753,0.516193148105959
"R03","Al Qassim",2021-11-01,2021,11,95.4169298586671,0.047797510398162,0.748570767016066
"R03","Al Qassim",2021-12-01,2021,12,95.6724798653522,0.267466584779452,1.17636222334792
"R03","Al Qassim",2022-01-01,2022,1,95.8080952717975,0.141649281159317,1.36786466428562
"R03","Al Qassim",2022-02-01,2022,2,95.6268992948374,-0.189302934378155,0.590607625222805
"R03","Al Qassim",2022-03-01,2022,3,95.4769448740296,-0.156935044646911,0.234590531738554
"R03","Al Qassim",2022-04-01,2022,4,95.5389812672135,0.0649541602296466,0.873205714610492
"R03","Al Qassim",2022-05-01,2022,5,95.5178374653089,-0.0221335225103481,0.719615447621358
"R03","Al Qassim",2022-06-01,2022,6,96.4404449566448,0.961265733373384,1.69376365533846
"R03","Al Qassim",2022-07-01,2022,7,96.9327372561291,0.509164049946254,1.91371720808506
"R03","Al Qassim",2022-08-01,2022,8,97.1335290144567,0.206931203280547,1.99505350350808
"R03","Al Qassim",2022-09-01,2022,9,97.2421842385106,0.111799188852224,2.29292504534833
"R03","Al Qassim",2022-10-01,2022,10,97.4819091621992,0.24622021919507,2.18887642967864
"R03","Al Qassim",2022-11-01,2022,11,97.3034739812149,-0.183212136369804,1.95786678291068
"R03","Al Qassim",2022-12-01,2022,12,97.2268419326865,-0.0787867455336766,1.61161345259755
"R03","Al Qassim",2023-01-01,2023,1,97.7976844575892,0.585407554329986,2.05537172576822
"R03","Al Qassim",2023-02-01,2023,2,98.3869359704505,0.60071302585607,2.84538768600244
"R03","Al Qassim",2023-03-01,2023,3,98.4039322760454,0.0172734698399069,3.01959620048926
"R03","Al Qassim",2023-04-01,2023,4,98.6185777004862,0.217889325830711,3.17253136609033
"R03","Al Qassim",2023-05-01,2023,5,99.268877278576,0.657244208909091,3.85190909750976
"R03","Al Qassim",2023-06-01,2023,6,99.4225923285965,0.15472740826894,3.04537077240532
"R03","Al Qassim",2023-07-01,2023,7,100.029064924809,0.60814181611093,3.14434853857
"R03","Al Qassim",2023-08-01,2023,8,100.381093654576,0.351308630577662,3.28872596586711
"R03","Al Qassim",2023-09-01,2023,9,100.907160892993,0.522701572779649,3.69962834979454
"R03","Al Qassim",2023-10-01,2023,10,101.345861742913,0.433814567726554,3.88722269832602
"R03","Al Qassim",2023-11-01,2023,11,102.047122625023,0.689565240447809,4.76000007514363
"R03","Al Qassim",2023-12-01,2023,12,103.551813378521,1.46374066725361,6.30252748793092
"R03","Al Qassim",2024-01-01,2024,1,103.492860111429,-0.0569473898473838,5.66017254375355
"R03","Al Qassim",2024-02-01,2024,2,104.284820800798,0.762319149158941,5.82177866705642
"R03","Al Qassim",2024-03-01,2024,3,104.853743367708,0.544064144784606,6.34856934200112
"R03","Al Qassim",2024-04-01,2024,4,105.858642056718,0.953817978491767,7.08449799466218
"R03","Al Qassim",2024-05-01,2024,5,106.212630807967,0.333839727777629,6.76109351353071
"R03","Al Qassim",2024-06-01,2024,6,106.520827083288,0.289748960033265,6.89611506529504
"R03","Al Qassim",2024-07-01,2024,7,106.674958417036,0.144591376644154,6.43256462582826
"R03","Al Qassim",2024-08-01,2024,8,106.891125790877,0.20243612038362,6.28369211563422
"R03","Al Qassim",2024-09-01,2024,9,107.365180329811,0.442512354556879,6.20350289741145
"R03","Al Qassim",2024-10-01,2024,10,107.19405013178,-0.15951794192306,5.61017038776184
"R03","Al Qassim",2024-11-01,2024,11,106.836678333025,-0.333944694234312,4.58666045307972
"R03","Al Qassim",2024-12-01,2024,12,106.917816129724,0.0759168136322153,3.19883659945832
"R03","Al Qassim",2025-01-01,2025,1,107.301393514703,0.358117085351051,3.61390107465676
"R03","Al Qassim",2025-02-01,2025,2,107.411617036333,0.102670565728236,2.95425249122605
"R03","Al Qassim",2025-03-01,2025,3,107.493079617587,0.0758127546062859,2.48600110104773
"R03","Al Qassim",2025-04-01,2025,4,107.72328461769,0.213928981391831,1.74611210394779
"R03","Al Qassim",2025-05-01,2025,5,107.819617286826,0.0893860801713942,1.50165845634156
"R03","Al Qassim",2025-06-01,2025,6,107.918189977879,0.0913819410351735,1.30329143734347
"R03","Al Qassim",2025-07-01,2025,7,107.949093632776,0.0286320878191582,1.18733214851847
"R03","Al Qassim",2025-08-01,2025,8,108.155369232677,0.190903658177266,1.17579968631212
"R03","Al Qassim",2025-09-01,2025,9,108.693290293251,0.496126805785568,1.22941413754081
"R03","Al Qassim",2025-10-01,2025,10,108.937289449732,0.224232512733469,1.61316459219734
"R03","Al Qassim",2025-11-01,2025,11,109.010215571732,0.0669208162896062,2.01403010272125
"R03","Al Qassim",2025-12-01,2025,12,109.182059480439,0.157516066227803,2.09562935531684
"R03","Al Qassim",2026-01-01,2026,1,109.077290142946,-0.0960044513289127,1.64150781863688
"R03","Al Qassim",2026-02-01,2026,2,109.127686331836,0.0461916044264932,1.58502885733514
"R04","Aseer",2013-01-01,2013,1,82.7174218129702,NA,NA
"R04","Aseer",2013-02-01,2013,2,82.4866166003861,-0.279418548078958,NA
"R04","Aseer",2013-03-01,2013,3,82.5636784085714,0.0933797952688664,NA
"R04","Aseer",2013-04-01,2013,4,82.6845207215068,0.146255553902996,NA
"R04","Aseer",2013-05-01,2013,5,82.6688131237794,-0.018998828036132,NA
"R04","Aseer",2013-06-01,2013,6,82.6669359010452,-0.00227080077399577,NA
"R04","Aseer",2013-07-01,2013,7,83.1552137848192,0.588919267934518,NA
"R04","Aseer",2013-08-01,2013,8,83.1282816368928,-0.0323930503067338,NA
"R04","Aseer",2013-09-01,2013,9,83.2006019525417,0.0869606272171808,NA
"R04","Aseer",2013-10-01,2013,10,83.1520539876987,-0.0583675276440765,NA
"R04","Aseer",2013-11-01,2013,11,83.5562303805904,0.484891541339572,NA
"R04","Aseer",2013-12-01,2013,12,83.6753852288136,0.142502801223277,NA
"R04","Aseer",2014-01-01,2014,1,83.8755177920149,0.238891769332827,1.39035260137934
"R04","Aseer",2014-02-01,2014,2,83.8423993030425,-0.0394930845510899,1.63027806490721
"R04","Aseer",2014-03-01,2014,3,83.9479997863098,0.125871918516207,1.66277018815455
"R04","Aseer",2014-04-01,2014,4,84.0896214874175,0.16855955656343,1.68507419081498
"R04","Aseer",2014-05-01,2014,5,84.7047681162807,0.728874168921312,2.43294718777243
"R04","Aseer",2014-06-01,2014,6,84.7777496494382,0.0861227914602303,2.52134078000665
"R04","Aseer",2014-07-01,2014,7,84.9427432087296,0.19442980454496,2.1268513166171
"R04","Aseer",2014-08-01,2014,8,85.1527553740664,0.246934544184807,2.40617891110864
"R04","Aseer",2014-09-01,2014,9,85.3565790544554,0.239076386235304,2.55829467012676
"R04","Aseer",2014-10-01,2014,10,85.3445899372075,-0.0140469070463389,2.6026152907245
"R04","Aseer",2014-11-01,2014,11,86.0802104039834,0.858248025637565,2.97597177502249
"R04","Aseer",2014-12-01,2014,12,86.0970743158421,0.0195890090147977,2.85305798281401
"R04","Aseer",2015-01-01,2015,1,86.167963949658,0.0823029890815619,2.69646920256275
"R04","Aseer",2015-02-01,2015,2,85.8673071075243,-0.349529659100956,2.38643262801288
"R04","Aseer",2015-03-01,2015,3,85.9071157558458,0.0463499144640167,2.30691062396069
"R04","Aseer",2015-04-01,2015,4,85.7837851319377,-0.143665907142587,1.99468516025467
"R04","Aseer",2015-05-01,2015,5,85.8049190915878,0.0246332762435131,1.29044426757687
"R04","Aseer",2015-06-01,2015,6,85.6559787054899,-0.173731066934923,1.03059040918172
"R04","Aseer",2015-07-01,2015,7,85.6571484405005,0.00136561048194039,0.8375262151187
"R04","Aseer",2015-08-01,2015,8,85.6358901007282,-0.0248210202381749,0.565770650695718
"R04","Aseer",2015-09-01,2015,9,85.5404572695355,-0.11150236880999,0.215191895650424
"R04","Aseer",2015-10-01,2015,10,85.4748874527121,-0.0766829668331859,0.152555835863577
"R04","Aseer",2015-11-01,2015,11,86.4362789069377,1.11848636381584,0.412794174041853
"R04","Aseer",2015-12-01,2015,12,86.5794761734251,0.165530935744229,0.558736100771284
"R04","Aseer",2016-01-01,2016,1,88.6268975141591,2.33726034275454,2.81369345444427
"R04","Aseer",2016-02-01,2016,2,88.5432138970775,-0.094466975990759,3.06875613755446
"R04","Aseer",2016-03-01,2016,3,88.4717069260426,-0.0807920310808008,2.94161419200965
"R04","Aseer",2016-04-01,2016,4,88.3124425978271,-0.180179469405584,2.90510062974665
"R04","Aseer",2016-05-01,2016,5,88.3280243603705,0.0176423475912735,2.89810970109441
"R04","Aseer",2016-06-01,2016,6,88.6644799751988,0.380192394440204,3.45203316246954
"R04","Aseer",2016-07-01,2016,7,88.4509382142299,-0.24113300425439,3.20953454773321
"R04","Aseer",2016-08-01,2016,8,88.30856267232,-0.161095241824682,3.0732603261467
"R04","Aseer",2016-09-01,2016,9,88.2893376344359,-0.0217726687878006,3.16299002616889
"R04","Aseer",2016-10-01,2016,10,88.5370560689014,0.280182829419928,3.519855822422
"R04","Aseer",2016-11-01,2016,11,88.4424628176566,-0.106897409200357,2.2944720494058
"R04","Aseer",2016-12-01,2016,12,87.7046482720599,-0.83773029936598,1.2912108142956
"R04","Aseer",2017-01-01,2017,1,87.7916725618391,0.0991750670310765,-0.946874461427871
"R04","Aseer",2017-02-01,2017,2,87.9483694341803,0.178328071493894,-0.674079413943218
"R04","Aseer",2017-03-01,2017,3,87.7941981987901,-0.175451260347081,-0.768738643209499
"R04","Aseer",2017-04-01,2017,4,87.9039168194739,0.124894492959804,-0.463664680844111
"R04","Aseer",2017-05-01,2017,5,87.874253665673,-0.0337506688124378,-0.515057697247823
"R04","Aseer",2017-06-01,2017,6,87.6982840930913,-0.20045234152235,-1.09570243321038
"R04","Aseer",2017-07-01,2017,7,87.7134992645348,0.0173479468601911,-0.837221482095796
"R04","Aseer",2017-08-01,2017,8,87.672776163533,-0.0464381852391504,-0.722564425510264
"R04","Aseer",2017-09-01,2017,9,89.8814631951411,2.48802954545786,1.7872377887354
"R04","Aseer",2017-10-01,2017,10,89.5916769505453,-0.322930212503358,1.18412474681211
"R04","Aseer",2017-11-01,2017,11,89.6677215813502,0.0848431223013257,1.37586527831379
"R04","Aseer",2017-12-01,2017,12,89.0602761067296,-0.679745559078526,1.53385001860125
"R04","Aseer",2018-01-01,2018,1,95.3409829347894,6.81463593858442,8.24931089015459
"R04","Aseer",2018-02-01,2018,2,95.1995322306075,-0.148473126614501,7.9225096920462
"R04","Aseer",2018-03-01,2018,3,95.5485040027061,0.365898562659872,8.46385951505315
"R04","Aseer",2018-04-01,2018,4,95.951839341602,0.421237819478382,8.76020284157173
"R04","Aseer",2018-05-01,2018,5,95.5212440281616,-0.449771875769756,8.34418163461441
"R04","Aseer",2018-06-01,2018,6,94.5776374593501,-0.992761568482603,7.55187240765416
"R04","Aseer",2018-07-01,2018,7,94.9361083574325,0.378306411559581,7.91283087235355
"R04","Aseer",2018-08-01,2018,8,95.0627676498559,0.133326379447585,8.09259543704028
"R04","Aseer",2018-09-01,2018,9,94.9276915025988,-0.142192582320799,5.46237330926163
"R04","Aseer",2018-10-01,2018,10,94.0143245562059,-0.966830015112929,4.81847350665205
"R04","Aseer",2018-11-01,2018,11,93.9584370017818,-0.0594634622672174,4.67416692208351
"R04","Aseer",2018-12-01,2018,12,94.0748215874263,0.123791505162796,5.47770398632483
"R04","Aseer",2019-01-01,2019,1,93.582054675501,-0.525179843486168,-1.86211179574576
"R04","Aseer",2019-02-01,2019,2,93.5807298683785,-0.00141567366158668,-1.71505434279284
"R04","Aseer",2019-03-01,2019,3,93.4401093173561,-0.150379581371318,-2.23133248682403
"R04","Aseer",2019-04-01,2019,4,93.7417456889462,0.322292599010332,-2.33027770729208
"R04","Aseer",2019-05-01,2019,5,93.5109480120992,-0.246509451115617,-2.12701528263795
"R04","Aseer",2019-06-01,2019,6,94.1189686712543,0.648108572662842,-0.4861451414925
"R04","Aseer",2019-07-01,2019,7,94.3334730996654,0.227648439078187,-0.636803113973894
"R04","Aseer",2019-08-01,2019,8,94.3612192338094,0.0294084947497275,-0.740720998671751
"R04","Aseer",2019-09-01,2019,9,94.4662288204123,0.111222810571387,-0.487305605779564
"R04","Aseer",2019-10-01,2019,10,93.8898570857133,-0.612004152582557,-0.132479743249192
"R04","Aseer",2019-11-01,2019,11,93.9833104534157,0.0994856015197776,0.026469320537803
"R04","Aseer",2019-12-01,2019,12,94.4507434558159,0.496124720011526,0.398802535386533
"R04","Aseer",2020-01-01,2020,1,94.461170506829,0.0110390613328626,0.935021440205563
"R04","Aseer",2020-02-01,2020,2,94.6345660060417,0.183394455115149,1.1198315689823
"R04","Aseer",2020-03-01,2020,3,94.7533614124242,0.125451947842681,1.3956630981963
"R04","Aseer",2020-04-01,2020,4,94.7583699099438,0.00528568599502677,1.07865618518099
"R04","Aseer",2020-05-01,2020,5,94.4853042243543,-0.288586528824464,1.03657910747215
"R04","Aseer",2020-06-01,2020,6,93.1530957264104,-1.41999812799796,-1.03152759318865
"R04","Aseer",2020-07-01,2020,7,99.2752575353799,6.36520409021628,5.10602805794944
"R04","Aseer",2020-08-01,2020,8,99.4051257671647,0.130730823166481,5.20735038636619
"R04","Aseer",2020-09-01,2020,9,99.4065023669318,0.00138482822160668,5.09751240401641
"R04","Aseer",2020-10-01,2020,10,99.5192238738603,0.113330257602495,5.82284681420147
"R04","Aseer",2020-11-01,2020,11,99.4537735115546,-0.0657881878710853,5.6575730248106
"R04","Aseer",2020-12-01,2020,12,99.3632365251012,-0.0910757009120466,5.07037260388703
"R04","Aseer",2021-01-01,2021,1,99.7866632274701,0.425234801468299,5.48456834402247
"R04","Aseer",2021-02-01,2021,2,96.3289474282268,-3.52656694110163,1.77460694780569
"R04","Aseer",2021-03-01,2021,3,96.548424103337,0.227581668182353,1.87673666814536
"R04","Aseer",2021-04-01,2021,4,96.3240957127503,-0.232618407180496,1.63883257496984
"R04","Aseer",2021-05-01,2021,5,96.8807490313482,0.57623281612198,2.50365191991628
"R04","Aseer",2021-06-01,2021,6,96.9720719186905,0.0942187930518479,4.01786884096609
"R04","Aseer",2021-07-01,2021,7,97.0770506075644,0.108198066292253,-2.23913718295794
"R04","Aseer",2021-08-01,2021,8,97.1873529227251,0.113558969126348,-2.25630903699807
"R04","Aseer",2021-09-01,2021,9,97.1555877743215,-0.032689789063145,-2.29038365428282
"R04","Aseer",2021-10-01,2021,10,97.5496882693872,0.404818031925558,-1.99889587995976
"R04","Aseer",2021-11-01,2021,11,97.660576507419,0.113609035964934,-1.81949865612374
"R04","Aseer",2021-12-01,2021,12,97.8466439972456,0.19034340064179,-1.5380795545699
"R04","Aseer",2022-01-01,2022,1,97.9226983734226,0.0776979470658468,-1.88561640897236
"R04","Aseer",2022-02-01,2022,2,98.0584065202463,0.138491074012226,1.7794416061415
"R04","Aseer",2022-03-01,2022,3,98.2393954977376,0.18440250162497,1.73626243958411
"R04","Aseer",2022-04-01,2022,4,98.7839008055886,0.552733310578457,2.52161415734307
"R04","Aseer",2022-05-01,2022,5,99.6303682383286,0.853237594402767,2.79861893562385
"R04","Aseer",2022-06-01,2022,6,99.6572090055757,0.0269367190675496,2.73133686163956
"R04","Aseer",2022-07-01,2022,7,100.255564012724,0.598617872102647,3.22175666744995
"R04","Aseer",2022-08-01,2022,8,100.49157451826,0.235132232518342,3.34332993084194
"R04","Aseer",2022-09-01,2022,9,100.549565897468,0.0576910583539814,3.43371077825907
"R04","Aseer",2022-10-01,2022,10,100.695346686021,0.144879005566878,3.17377175190039
"R04","Aseer",2022-11-01,2022,11,100.133212625812,-0.559816323151097,2.50034639278436
"R04","Aseer",2022-12-01,2022,12,99.8233337253907,-0.309946490026558,2.00005650211601
"R04","Aseer",2023-01-01,2023,1,98.1853787947942,-1.65446486881047,0.267893686239695
"R04","Aseer",2023-02-01,2023,2,98.2657023072316,0.0817745735609776,0.211177185788447
"R04","Aseer",2023-03-01,2023,3,98.3042380415003,0.0392081665120614,0.0659828506755389
"R04","Aseer",2023-04-01,2023,4,99.3667728573073,1.07506411244431,0.588313652541395
"R04","Aseer",2023-05-01,2023,5,100.148529064617,0.783659399109737,0.518735457248365
"R04","Aseer",2023-06-01,2023,6,99.9024351561132,-0.246031338663322,0.245767399517494
"R04","Aseer",2023-07-01,2023,7,100.567278495875,0.663288000103091,0.310437527517937
"R04","Aseer",2023-08-01,2023,8,101.648460665072,1.06934551823432,1.14465081323392
"R04","Aseer",2023-09-01,2023,9,100.837456804383,-0.801051458344482,0.285908296535453
"R04","Aseer",2023-10-01,2023,10,100.995578854701,0.156686027291286,0.297715318259861
"R04","Aseer",2023-11-01,2023,11,101.067872175353,0.0715550718035196,0.929086713214478
"R04","Aseer",2023-12-01,2023,12,100.791119427658,-0.274204204530193,0.964828998710843
"R04","Aseer",2024-01-01,2024,1,100.532922308206,-0.25649918289572,2.36279468462559
"R04","Aseer",2024-02-01,2024,2,100.279269097858,-0.252627436087849,2.02839267497676
"R04","Aseer",2024-03-01,2024,3,100.158034694588,-0.120969915041158,1.86821459342355
"R04","Aseer",2024-04-01,2024,4,100.366084610032,0.207506200070728,1.00065668104996
"R04","Aseer",2024-05-01,2024,5,100.336151032779,-0.0298288430909288,0.187168438849294
"R04","Aseer",2024-06-01,2024,6,100.51834913381,0.181423020997062,0.614622798509679
"R04","Aseer",2024-07-01,2024,7,100.753904759719,0.234066771646546,0.185401570053134
"R04","Aseer",2024-08-01,2024,8,100.784637949345,0.0304985730779528,-0.853445375103234
"R04","Aseer",2024-09-01,2024,9,100.218952425623,-0.562862599760638,-0.615256516519391
"R04","Aseer",2024-10-01,2024,10,99.5155206292815,-0.704369850532771,-1.47631239434345
"R04","Aseer",2024-11-01,2024,11,99.698952376669,0.184155093211036,-1.36371237293593
"R04","Aseer",2024-12-01,2024,12,99.7598208269401,0.0610336173064496,-1.02847455109929
"R04","Aseer",2025-01-01,2025,1,100.062361379914,0.302810009187748,-0.469165359015822
"R04","Aseer",2025-02-01,2025,2,100.326522603287,0.263648732543409,0.047110809615436
"R04","Aseer",2025-03-01,2025,3,100.381826979726,0.0551091949623661,0.22318991961896
"R04","Aseer",2025-04-01,2025,4,100.74451444855,0.360656748769195,0.376340468317427
"R04","Aseer",2025-05-01,2025,5,100.533360040139,-0.209813906679202,0.196355404729154
"R04","Aseer",2025-06-01,2025,6,100.566692783042,0.0331504072130784,0.0480827909451698
"R04","Aseer",2025-07-01,2025,7,100.852741325533,0.284032904832898,0.0980489241315219
"R04","Aseer",2025-08-01,2025,8,101.824827668967,0.959251487207879,1.02680183826145
"R04","Aseer",2025-09-01,2025,9,101.158573814887,-0.656463771778792,0.933200666243295
"R04","Aseer",2025-10-01,2025,10,101.260752527409,0.100957475797525,1.73852799257359
"R04","Aseer",2025-11-01,2025,11,101.112834848764,-0.146182816546148,1.40819008281641
"R04","Aseer",2025-12-01,2025,12,101.334439429491,0.218925811697712,1.56608227720767
"R04","Aseer",2026-01-01,2026,1,101.357942305266,0.0231906849968766,1.2864629530168
"R04","Aseer",2026-02-01,2026,2,101.532593167418,0.172162693428568,1.19497691390196
"R05","Eastern Province",2013-01-01,2013,1,93.4424791297741,NA,NA
"R05","Eastern Province",2013-02-01,2013,2,93.1567392028618,-0.306260822321391,NA
"R05","Eastern Province",2013-03-01,2013,3,93.2336556880676,0.0825326751594524,NA
"R05","Eastern Province",2013-04-01,2013,4,93.3598864623755,0.135300281145678,NA
"R05","Eastern Province",2013-05-01,2013,5,93.2242540365597,-0.145384757078837,NA
"R05","Eastern Province",2013-06-01,2013,6,93.7085075937157,0.51810569338544,NA
"R05","Eastern Province",2013-07-01,2013,7,94.310659388631,0.640523903269496,NA
"R05","Eastern Province",2013-08-01,2013,8,93.6573192825928,-0.695163869638904,NA
"R05","Eastern Province",2013-09-01,2013,9,93.7227155751731,0.0698007077276408,NA
"R05","Eastern Province",2013-10-01,2013,10,94.1999905529575,0.507949266811103,NA
"R05","Eastern Province",2013-11-01,2013,11,94.1868448967144,-0.0139560242976344,NA
"R05","Eastern Province",2013-12-01,2013,12,94.3696482915779,0.193897806482646,NA
"R05","Eastern Province",2014-01-01,2014,1,95.6165467935492,1.31263895775593,2.29998381840062
"R05","Eastern Province",2014-02-01,2014,2,95.5112449220511,-0.110190026481849,2.49605461424016
"R05","Eastern Province",2014-03-01,2014,3,95.6075211837993,0.100750200363642,2.51427213944435
"R05","Eastern Province",2014-04-01,2014,4,96.0504027147903,0.46215915343133,2.84113101173
"R05","Eastern Province",2014-05-01,2014,5,96.1197865131844,0.0722107853333931,3.05872655414223
"R05","Eastern Province",2014-06-01,2014,6,96.6224769389508,0.521620485888619,3.06224134664541
"R05","Eastern Province",2014-07-01,2014,7,96.5476080501531,-0.0775160321028423,2.34420141127307
"R05","Eastern Province",2014-08-01,2014,8,97.4312990544038,0.911127019686386,3.95049230059836
"R05","Eastern Province",2014-09-01,2014,9,97.2407617505037,-0.195752142300698,3.68493945057002
"R05","Eastern Province",2014-10-01,2014,10,97.2760491850559,0.0362821442214667,3.21327232798039
"R05","Eastern Province",2014-11-01,2014,11,97.1254629541539,-0.154922931785428,3.07230542049259
"R05","Eastern Province",2014-12-01,2014,12,97.4329296853007,0.31606653708085,3.1944741510908
"R05","Eastern Province",2015-01-01,2015,1,97.7995054134689,0.375527927799446,2.25736312113431
"R05","Eastern Province",2015-02-01,2015,2,97.6346452806012,-0.168711733733939,2.19884141388222
"R05","Eastern Province",2015-03-01,2015,3,97.7820520427398,0.1508640685425,2.24895528206108
"R05","Eastern Province",2015-04-01,2015,4,98.2671272126875,0.494851507829086,2.28164763645884
"R05","Eastern Province",2015-05-01,2015,5,98.1820847644561,-0.0865795822623028,2.12285726886314
"R05","Eastern Province",2015-06-01,2015,6,98.2236245538512,0.0422999821732439,1.64353676514777
"R05","Eastern Province",2015-07-01,2015,7,98.2681946894209,0.0453658951357738,1.76641869238638
"R05","Eastern Province",2015-08-01,2015,8,98.0715214504211,-0.200339807602035,0.654951865097964
"R05","Eastern Province",2015-09-01,2015,9,98.6274272696491,0.565236675548064,1.41594068294673
"R05","Eastern Province",2015-10-01,2015,10,98.3555272439998,-0.276064697073597,1.10359384165166
"R05","Eastern Province",2015-11-01,2015,11,98.5291156126995,0.176335148502016,1.43485192193911
"R05","Eastern Province",2015-12-01,2015,12,98.49357762019,-0.0360750249748243,1.08271035988343
"R05","Eastern Province",2016-01-01,2016,1,101.150365809112,2.66168358817396,3.36886602025794
"R05","Eastern Province",2016-02-01,2016,2,100.778969698835,-0.367848017851813,3.16972973614007
"R05","Eastern Province",2016-03-01,2016,3,101.126588380276,0.344338242315789,3.36320390991336
"R05","Eastern Province",2016-04-01,2016,4,101.492311796185,0.360996740937747,3.22934914302202
"R05","Eastern Province",2016-05-01,2016,5,101.035955242487,-0.450660377175094,2.86526834810923
"R05","Eastern Province",2016-06-01,2016,6,100.969115057582,-0.0661767422422521,2.75679162369373
"R05","Eastern Province",2016-07-01,2016,7,101.096020311303,0.125608279899136,2.8370340084571
"R05","Eastern Province",2016-08-01,2016,8,100.972320958754,-0.122433199801097,2.91494061625803
"R05","Eastern Province",2016-09-01,2016,9,100.848133414518,-0.123067367275276,2.22663657343469
"R05","Eastern Province",2016-10-01,2016,10,100.591682027107,-0.254618507664794,2.2480827628435
"R05","Eastern Province",2016-11-01,2016,11,100.305467335927,-0.284936730792928,1.78681088354855
"R05","Eastern Province",2016-12-01,2016,12,99.8588168707043,-0.446284618977622,1.37660128954575
"R05","Eastern Province",2017-01-01,2017,1,99.751939884199,-0.107085408077179,-1.39216770670538
"R05","Eastern Province",2017-02-01,2017,2,99.4957385924065,-0.257168801114283,-1.28148848996785
"R05","Eastern Province",2017-03-01,2017,3,99.354838670305,-0.141714394417924,-1.76754112670157
"R05","Eastern Province",2017-04-01,2017,4,98.9270071255413,-0.431539465443365,-2.56007733308268
"R05","Eastern Province",2017-05-01,2017,5,99.0803961573733,0.154932654003836,-1.95448430190375
"R05","Eastern Province",2017-06-01,2017,6,98.789017104968,-0.294516730221162,-2.18282428988266
"R05","Eastern Province",2017-07-01,2017,7,98.7303857922387,-0.0593676505612706,-2.36780022034306
"R05","Eastern Province",2017-08-01,2017,8,98.7915971718283,0.0619793104854161,-2.18338771005655
"R05","Eastern Province",2017-09-01,2017,9,99.1272734317688,0.339206242210999,-1.72111410057028
"R05","Eastern Province",2017-10-01,2017,10,98.7725077103649,-0.358531070002144,-1.82502666290763
"R05","Eastern Province",2017-11-01,2017,11,98.5142950631495,-0.26176387981911,-1.80185381193381
"R05","Eastern Province",2017-12-01,2017,12,97.6557988100352,-0.875262601786275,-2.23083179474246
"R05","Eastern Province",2018-01-01,2018,1,101.213545073177,3.57835533187245,1.45460894520717
"R05","Eastern Province",2018-02-01,2018,2,100.724371102461,-0.484480514417118,1.22729723190433
"R05","Eastern Province",2018-03-01,2018,3,99.9806388245922,-0.741123186057813,0.627888440264446
"R05","Eastern Province",2018-04-01,2018,4,99.6095258644123,-0.371875426265511,0.687552479442299
"R05","Eastern Province",2018-05-01,2018,5,98.4596619167184,-1.16108606140042,-0.628466235961955
"R05","Eastern Province",2018-06-01,2018,6,98.8867601515864,0.432841798909678,0.098892293168884
"R05","Eastern Province",2018-07-01,2018,7,98.7773724268272,-0.110680409742692,0.047579533987463
"R05","Eastern Province",2018-08-01,2018,8,98.3850994998205,-0.397918975934708,-0.412318752432661
"R05","Eastern Province",2018-09-01,2018,9,98.2084570704631,-0.179703221179128,-0.931228215822788
"R05","Eastern Province",2018-10-01,2018,10,98.0313393219611,-0.180511598413879,-0.753208744234524
"R05","Eastern Province",2018-11-01,2018,11,97.7688895883468,-0.268079248173247,-0.759524112588661
"R05","Eastern Province",2018-12-01,2018,12,97.5629442449264,-0.210867236220658,-0.0951287470230433
"R05","Eastern Province",2019-01-01,2019,1,94.396929607097,-3.29892044306863,-6.97240452196413
"R05","Eastern Province",2019-02-01,2019,2,94.2751422688031,-0.12909950476292,-6.61702351230993
"R05","Eastern Province",2019-03-01,2019,3,94.0899423885519,-0.196639350932948,-6.07253967718506
"R05","Eastern Province",2019-04-01,2019,4,93.9998920232968,-0.0957525135975246,-5.79641676451708
"R05","Eastern Province",2019-05-01,2019,5,93.9049624413138,-0.101040061290192,-4.73637076440685
"R05","Eastern Province",2019-06-01,2019,6,94.6686921743839,0.810011250437181,-4.35920131287935
"R05","Eastern Province",2019-07-01,2019,7,93.9442558776526,-0.768176168807866,-5.01669707194452
"R05","Eastern Province",2019-08-01,2019,8,93.8316470092461,-0.119939651653667,-4.73871774766348
"R05","Eastern Province",2019-09-01,2019,9,93.7998640860774,-0.0338780232457481,-4.5928925497301
"R05","Eastern Province",2019-10-01,2019,10,93.6195036142627,-0.192467331103074,-4.60484828241929
"R05","Eastern Province",2019-11-01,2019,11,93.3884859753429,-0.247067258401135,-4.58383629264718
"R05","Eastern Province",2019-12-01,2019,12,93.7046962198607,0.338024659043423,-4.0349443973831
"R05","Eastern Province",2020-01-01,2020,1,93.5322848979951,-0.184163800939263,-0.920187755253732
"R05","Eastern Province",2020-02-01,2020,2,93.3339934651114,-0.212228240480172,-1.00331649097098
"R05","Eastern Province",2020-03-01,2020,3,93.4904754407192,0.167517684506535,-0.639159455531502
"R05","Eastern Province",2020-04-01,2020,4,92.7972022228189,-0.744307328499438,-1.28771427043342
"R05","Eastern Province",2020-05-01,2020,5,92.5456605636665,-0.27143404370662,-1.45810825284984
"R05","Eastern Province",2020-06-01,2020,6,91.8516756077898,-0.75270960729128,-3.0208291105783
"R05","Eastern Province",2020-07-01,2020,7,97.0772508933123,5.53320081396933,3.28054787219889
"R05","Eastern Province",2020-08-01,2020,8,97.1541358892632,0.0791684611228582,3.47965598497542
"R05","Eastern Province",2020-09-01,2020,9,97.0756840576921,-0.0807824832035564,3.43275152501761
"R05","Eastern Province",2020-10-01,2020,10,97.0518740314718,-0.0245302898506772,3.60068856627
"R05","Eastern Province",2020-11-01,2020,11,96.282623220209,-0.795776109960755,3.05197971471038
"R05","Eastern Province",2020-12-01,2020,12,96.125829126864,-0.162980499182463,2.5509745564845
"R05","Eastern Province",2021-01-01,2021,1,96.4839999859894,0.371913804841917,3.10705216226568
"R05","Eastern Province",2021-02-01,2021,2,96.6762269947313,0.199033802356396,3.51831420510225
"R05","Eastern Province",2021-03-01,2021,3,96.7349429443107,0.0607161948316559,3.41151271542737
"R05","Eastern Province",2021-04-01,2021,4,96.7949536264,0.0620169648990476,4.21783700882585
"R05","Eastern Province",2021-05-01,2021,5,96.9640150562778,0.174506990752743,4.66377804328522
"R05","Eastern Province",2021-06-01,2021,6,97.1774684792339,0.21989479536213,5.63638244593863
"R05","Eastern Province",2021-07-01,2021,7,97.6609640372697,0.496305112128859,0.599486744098154
"R05","Eastern Province",2021-08-01,2021,8,97.819042440695,0.161733612282511,0.682051895257807
"R05","Eastern Province",2021-09-01,2021,9,97.655461946766,-0.167367639709948,0.595466738751416
"R05","Eastern Province",2021-10-01,2021,10,97.6949373606118,0.0404149820251831,0.660412010627276
"R05","Eastern Province",2021-11-01,2021,11,98.3635226610634,0.682029117290739,2.13821723787877
"R05","Eastern Province",2021-12-01,2021,12,98.7941525253318,0.436838736978729,2.73803647403996
"R05","Eastern Province",2022-01-01,2022,1,98.1442639441781,-0.659994075158821,1.70612859403922
"R05","Eastern Province",2022-02-01,2022,2,98.2032186083002,0.0600513590776508,1.56714615076048
"R05","Eastern Province",2022-03-01,2022,3,98.6551429214527,0.459137324467651,1.96556728039647
"R05","Eastern Province",2022-04-01,2022,4,98.7307588478364,0.0766173565638795,1.98016767206131
"R05","Eastern Province",2022-05-01,2022,5,99.0637338229666,0.336688130373375,2.14234881168194
"R05","Eastern Province",2022-06-01,2022,6,99.1209832254881,0.0577737829298819,1.98022779924969
"R05","Eastern Province",2022-07-01,2022,7,99.5934901746508,0.475564594367217,1.95948728148805
"R05","Eastern Province",2022-08-01,2022,8,100.250640467123,0.657665210349823,2.45541887955536
"R05","Eastern Province",2022-09-01,2022,9,99.8159354485407,-0.434561046177073,2.18822547308823
"R05","Eastern Province",2022-10-01,2022,10,99.9659468037625,0.15017516275595,2.297985653819
"R05","Eastern Province",2022-11-01,2022,11,99.9416412732928,-0.0243167663851018,1.59163977014316
"R05","Eastern Province",2022-12-01,2022,12,99.420224975177,-0.523086482727031,0.631714550437401
"R05","Eastern Province",2023-01-01,2023,1,99.3886081440129,-0.0318062642736372,1.25990236132258
"R05","Eastern Province",2023-02-01,2023,2,99.8458236285771,0.458973163548038,1.65882416579297
"R05","Eastern Province",2023-03-01,2023,3,99.6708948067637,-0.175352590007094,1.02433425131823
"R05","Eastern Province",2023-04-01,2023,4,99.8008947366579,0.130344194131116,1.07806108888546
"R05","Eastern Province",2023-05-01,2023,5,100.183476667551,0.382612296082563,1.12398525459465
"R05","Eastern Province",2023-06-01,2023,6,100.044669793371,-0.138648735324853,0.927562736339915
"R05","Eastern Province",2023-07-01,2023,7,100.093921992934,0.0492180944390519,0.50121623641175
"R05","Eastern Province",2023-08-01,2023,8,99.8732286695786,-0.22072966707638,-0.377178641014453
"R05","Eastern Province",2023-09-01,2023,9,99.9612388428088,0.0880830819788514,0.145465487141472
"R05","Eastern Province",2023-10-01,2023,10,100.451186452399,0.488940328860554,0.484230653246076
"R05","Eastern Province",2023-11-01,2023,11,100.287580331427,-0.163004047318616,0.345543372312562
"R05","Eastern Province",2023-12-01,2023,12,100.403763336793,0.115782789852048,0.984412644891641
"R05","Eastern Province",2024-01-01,2024,1,100.710586014523,0.305122848531436,1.32134175769671
"R05","Eastern Province",2024-02-01,2024,2,100.883850975632,0.171894628005731,1.03426322215441
"R05","Eastern Province",2024-03-01,2024,3,100.576045439531,-0.30557523466701,0.904040577494492
"R05","Eastern Province",2024-04-01,2024,4,100.614947157451,0.0386714314618786,0.812367814825254
"R05","Eastern Province",2024-05-01,2024,5,100.686163822148,0.0707563582949433,0.500511877037635
"R05","Eastern Province",2024-06-01,2024,6,100.918878592502,0.230862155951694,0.870022768314183
"R05","Eastern Province",2024-07-01,2024,7,101.008335222272,0.0886028524162974,0.909407526291428
"R05","Eastern Province",2024-08-01,2024,8,101.386426399741,0.373617987199548,1.50375518056736
"R05","Eastern Province",2024-09-01,2024,9,101.284771933815,-0.100314672520252,1.31535742606825
"R05","Eastern Province",2024-10-01,2024,10,102.014136464647,0.717532293575562,1.54394939078326
"R05","Eastern Province",2024-11-01,2024,11,102.541796741687,0.515909207940535,2.22286264604241
"R05","Eastern Province",2024-12-01,2024,12,102.341801187128,-0.195228529860803,1.91185132632956
"R05","Eastern Province",2025-01-01,2025,1,102.641551391601,0.292463182361669,1.89919166015979
"R05","Eastern Province",2025-02-01,2025,2,102.712891856572,0.0694803255410825,1.79677735769515
"R05","Eastern Province",2025-03-01,2025,3,102.60902292899,-0.101176668404879,2.00117592395728
"R05","Eastern Province",2025-04-01,2025,4,103.049706336773,0.428558596886308,2.39106308938171
"R05","Eastern Province",2025-05-01,2025,5,102.727160534297,-0.313491085306605,2.00681564578016
"R05","Eastern Province",2025-06-01,2025,6,102.924149607801,0.191575860728399,1.96752935055686
"R05","Eastern Province",2025-07-01,2025,7,103.003163459702,0.0767395588293418,1.95566605696991
"R05","Eastern Province",2025-08-01,2025,8,102.718455392085,-0.276789820121515,1.30525824964884
"R05","Eastern Province",2025-09-01,2025,9,102.401392371046,-0.30914928713095,1.09642363503815
"R05","Eastern Province",2025-10-01,2025,10,102.645030863326,0.237642386633219,0.616533728095803
"R05","Eastern Province",2025-11-01,2025,11,102.680996964767,0.0350331637827495,0.135657683938017
"R05","Eastern Province",2025-12-01,2025,12,102.584257589044,-0.094257923091412,0.236628290707408
"R05","Eastern Province",2026-01-01,2026,1,102.721857003237,0.134043192107569,0.0782083004533085
"R05","Eastern Province",2026-02-01,2026,2,102.875370526533,0.149334262596135,0.158062237508361
"R06","Hail",2013-01-01,2013,1,96.8945100951397,NA,NA
"R06","Hail",2013-02-01,2013,2,96.5813640564041,-0.323705799032226,NA
"R06","Hail",2013-03-01,2013,3,96.6221207313616,0.0421904145330387,NA
"R06","Hail",2013-04-01,2013,4,96.5677561944934,-0.0562809389066388,NA
"R06","Hail",2013-05-01,2013,5,96.60185664885,0.0353062308391827,NA
"R06","Hail",2013-06-01,2013,6,96.5681119268985,-0.0349378555513091,NA
"R06","Hail",2013-07-01,2013,7,97.4913744513778,0.9515324479346,NA
"R06","Hail",2013-08-01,2013,8,97.1771975045198,-0.32278165548778,NA
"R06","Hail",2013-09-01,2013,9,97.0154668620913,-0.166567239137549,NA
"R06","Hail",2013-10-01,2013,10,97.6218275659681,0.623069352985173,NA
"R06","Hail",2013-11-01,2013,11,97.7395151127189,0.12048193298968,NA
"R06","Hail",2013-12-01,2013,12,97.7005428388183,-0.0398815624858884,NA
"R06","Hail",2014-01-01,2014,1,98.1010834836171,0.409129598188329,1.23755492686861
"R06","Hail",2014-02-01,2014,2,97.788903494031,-0.318730179817983,1.24253054608285
"R06","Hail",2014-03-01,2014,3,97.8661584046568,0.0789705248522843,1.2793106564021
"R06","Hail",2014-04-01,2014,4,97.9249394659891,0.0600446738769911,1.39563626918573
"R06","Hail",2014-05-01,2014,5,97.8725908902112,-0.0534721525138337,1.30685788583271
"R06","Hail",2014-06-01,2014,6,98.0586497741658,0.189922688439914,1.53171842982394
"R06","Hail",2014-07-01,2014,7,98.3360704134709,0.282513525370653,0.86269950725999
"R06","Hail",2014-08-01,2014,8,98.0429488899488,-0.298526535318011,0.886954627429759
"R06","Hail",2014-09-01,2014,9,98.6088703274424,0.575558367073459,1.62908023364077
"R06","Hail",2014-10-01,2014,10,98.5865377153031,-0.0226502355774372,0.983360645078157
"R06","Hail",2014-11-01,2014,11,98.6784501851894,0.0931868118268397,0.956065523915317
"R06","Hail",2014-12-01,2014,12,98.5690008494941,-0.110976690805575,0.88497039559563
"R06","Hail",2015-01-01,2015,1,98.9083839085008,0.343718743847532,0.819559541254833
"R06","Hail",2015-02-01,2015,2,98.7986362093307,-0.111020549879548,1.02726917119327
"R06","Hail",2015-03-01,2015,3,98.9905176544153,0.194026316947138,1.14232496328812
"R06","Hail",2015-04-01,2015,4,99.1541284937386,0.165142868795431,1.24742315820656
"R06","Hail",2015-05-01,2015,5,99.0417530584626,-0.113398367754236,1.18749694296616
"R06","Hail",2015-06-01,2015,6,99.145581675774,0.104778266431271,1.10235252095752
"R06","Hail",2015-07-01,2015,7,99.138428180635,-0.00721540294383871,0.812623592643025
"R06","Hail",2015-08-01,2015,8,98.9854166089188,-0.154460562079262,0.956689565881774
"R06","Hail",2015-09-01,2015,9,98.842592483359,-0.144392243575364,0.236738955232951
"R06","Hail",2015-10-01,2015,10,98.7911787114865,-0.0520293396432336,0.207359851167155
"R06","Hail",2015-11-01,2015,11,98.7906194477392,-0.000566108571220525,0.113606930769095
"R06","Hail",2015-12-01,2015,12,99.0197546793907,0.231671705942293,0.456255327516963
"R06","Hail",2016-01-01,2016,1,101.390918258088,2.36641511715687,2.4789517008263
"R06","Hail",2016-02-01,2016,2,101.195406978479,-0.193015338107028,2.39695691259882
"R06","Hail",2016-03-01,2016,3,101.149269037941,-0.0456033163272807,2.15732727932441
"R06","Hail",2016-04-01,2016,4,101.090805210013,-0.0578162659146564,1.93436814461432
"R06","Hail",2016-05-01,2016,5,101.027063977113,-0.0630733297056096,1.98469318266294
"R06","Hail",2016-06-01,2016,6,100.900382456338,-0.125472331406495,1.75444258482518
"R06","Hail",2016-07-01,2016,7,100.958854469912,0.057933455114334,1.81959144288335
"R06","Hail",2016-08-01,2016,8,101.299381121291,0.336724951777612,2.31077695674022
"R06","Hail",2016-09-01,2016,9,101.204820920134,-0.0933908601171041,2.36177834019848
"R06","Hail",2016-10-01,2016,10,100.81262098094,-0.388283732583528,2.02552394725819
"R06","Hail",2016-11-01,2016,11,100.299334875076,-0.510449235290089,1.51564082053932
"R06","Hail",2016-12-01,2016,12,100.083625228782,-0.215297477894794,1.06867163670223
"R06","Hail",2017-01-01,2017,1,99.8262661930345,-0.257475181536915,-1.55521866199155
"R06","Hail",2017-02-01,2017,2,99.9232895090317,0.0971449706471894,-1.26505835323734
"R06","Hail",2017-03-01,2017,3,99.845558361747,-0.0778210937651735,-1.29727613067523
"R06","Hail",2017-04-01,2017,4,99.8162724348238,-0.0293355289955777,-1.26879539375615
"R06","Hail",2017-05-01,2017,5,99.8918432211221,0.0756812407519014,-1.13004082329864
"R06","Hail",2017-06-01,2017,6,100.114480669195,0.222630500575871,-0.781937991316273
"R06","Hail",2017-07-01,2017,7,100.114480669195,0,-0.839871446430607
"R06","Hail",2017-08-01,2017,8,100.114480669195,0,-1.17659639820822
"R06","Hail",2017-09-01,2017,9,100.125010796862,0.0105175333792396,-1.07268800471187
"R06","Hail",2017-10-01,2017,10,99.9960629743736,-0.128869826554645,-0.813274098682992
"R06","Hail",2017-11-01,2017,11,100.192347264566,0.196099617214696,-0.106725246178208
"R06","Hail",2017-12-01,2017,12,100.003098727747,-0.18906383434798,-0.080491602631394
"R06","Hail",2018-01-01,2018,1,100.766657944409,0.7606353772875,0.93761895619302
"R06","Hail",2018-02-01,2018,2,99.6362641134769,-1.12813307103394,-0.287659085488112
"R06","Hail",2018-03-01,2018,3,99.1422782260649,-0.497022363192468,-0.706860354915406
"R06","Hail",2018-04-01,2018,4,98.6207506231278,-0.527428018230314,-1.20495284415014
"R06","Hail",2018-05-01,2018,5,97.9206199486305,-0.712454211505964,-1.99308829640801
"R06","Hail",2018-06-01,2018,6,97.7691659644472,-0.154789902515251,-2.37050869949913
"R06","Hail",2018-07-01,2018,7,96.551160586707,-1.2536221514309,-3.62413085093003
"R06","Hail",2018-08-01,2018,8,95.5779054694882,-1.01313503688285,-4.63726588781288
"R06","Hail",2018-09-01,2018,9,94.9648175815963,-0.643519724949293,-5.29130314614141
"R06","Hail",2018-10-01,2018,10,94.6252564648496,-0.358205967832959,-5.52063928741973
"R06","Hail",2018-11-01,2018,11,94.2520670869127,-0.395166403834946,-6.11190530846937
"R06","Hail",2018-12-01,2018,12,93.854238804793,-0.422983029067403,-6.34582450318879
"R06","Hail",2019-01-01,2019,1,90.5607307675815,-3.57222439012554,-10.6786842706018
"R06","Hail",2019-02-01,2019,2,90.4223272090192,-0.152946454866942,-9.70349765443483
"R06","Hail",2019-03-01,2019,3,90.5260762721321,0.11467255028057,-9.0918027409618
"R06","Hail",2019-04-01,2019,4,90.4195690774856,-0.117722873895154,-8.68209759662664
"R06","Hail",2019-05-01,2019,5,90.3852644239966,-0.0379466115328242,-8.0075899966535
"R06","Hail",2019-06-01,2019,6,90.3724646133482,-0.0141623937609303,-7.86696248789918
"R06","Hail",2019-07-01,2019,7,90.708660331425,0.371320980545153,-6.24201935592312
"R06","Hail",2019-08-01,2019,8,90.8081489379699,0.109619177317821,-5.11926514172245
"R06","Hail",2019-09-01,2019,9,90.7952970608064,-0.0141537811843229,-4.48989919795748
"R06","Hail",2019-10-01,2019,10,90.5069265055415,-0.318110603137001,-4.44980383326152
"R06","Hail",2019-11-01,2019,11,90.3575181269114,-0.16521590290397,-4.21985333233055
"R06","Hail",2019-12-01,2019,12,90.7212686416962,0.401759930639933,-3.39511037262321
"R06","Hail",2020-01-01,2020,1,90.6688356774454,-0.0578123772606354,0.119301640241698
"R06","Hail",2020-02-01,2020,2,90.706455752215,0.041483131481268,0.313731226589908
"R06","Hail",2020-03-01,2020,3,90.7981521095151,0.101040261381247,0.300098937690585
"R06","Hail",2020-04-01,2020,4,91.0713771975186,0.300462968806592,0.718284780392331
"R06","Hail",2020-05-01,2020,5,90.403321577145,-0.736255403830022,0.0199759880951333
"R06","Hail",2020-06-01,2020,6,90.1878993746649,-0.238574503813282,-0.204436121957219
"R06","Hail",2020-07-01,2020,7,95.0593435230539,5.26061004450114,4.68485294199876
"R06","Hail",2020-08-01,2020,8,95.4534640876753,0.413747644371387,4.98898140905233
"R06","Hail",2020-09-01,2020,9,95.7716076904564,0.33274287033338,5.33587806057003
"R06","Hail",2020-10-01,2020,10,95.8324250822789,0.063482373502044,5.71747103720908
"R06","Hail",2020-11-01,2020,11,95.8098041152948,-0.0236074973494205,5.85907944276363
"R06","Hail",2020-12-01,2020,12,95.5414487010457,-0.280484800838909,5.17683471128478
"R06","Hail",2021-01-01,2021,1,95.9087228513053,0.383676439491065,5.61832352803648
"R06","Hail",2021-02-01,2021,2,96.0959780785412,0.195052814538066,5.77189321109328
"R06","Hail",2021-03-01,2021,3,96.1526651316565,0.0589726448120054,5.72982559452404
"R06","Hail",2021-04-01,2021,4,96.3495707717049,0.20457498355464,5.63393760927209
"R06","Hail",2021-05-01,2021,5,96.2838111901478,-0.0682743389975649,6.30191867410455
"R06","Hail",2021-06-01,2021,6,96.354992257137,0.0739010718037392,6.61439424972157
"R06","Hail",2021-07-01,2021,7,96.4448387309001,0.0932018247179478,1.44698602993838
"R06","Hail",2021-08-01,2021,8,96.508488751928,0.0659745277958201,1.09921291336281
"R06","Hail",2021-09-01,2021,9,96.6638917795738,0.16089573544944,0.927365778478872
"R06","Hail",2021-10-01,2021,10,96.5511895156783,-0.116659916940076,0.747223488036752
"R06","Hail",2021-11-01,2021,11,96.5093208120304,-0.0433736596191281,0.727457325767045
"R06","Hail",2021-12-01,2021,12,96.5625803003878,0.0551706275241592,1.06311275413011
"R06","Hail",2022-01-01,2022,1,96.7488785069671,0.192744150195789,0.872180464834837
"R06","Hail",2022-02-01,2022,2,96.8522397491912,0.106777536179159,0.783905186475931
"R06","Hail",2022-03-01,2022,3,97.1646298881156,0.322023965713925,1.04695650737785
"R06","Hail",2022-04-01,2022,4,97.4802648983556,0.324319101456894,1.1667006252801
"R06","Hail",2022-05-01,2022,5,97.6090801856187,0.132057756335247,1.36703272061292
"R06","Hail",2022-06-01,2022,6,97.8051599176127,0.200681176250228,1.4938128250594
"R06","Hail",2022-07-01,2022,7,98.0738801428366,0.274373811225903,1.67498481156736
"R06","Hail",2022-08-01,2022,8,98.6151158319796,0.550348078754759,2.1593583625263
"R06","Hail",2022-09-01,2022,9,98.9878431755484,0.377249194532236,2.37571182160909
"R06","Hail",2022-10-01,2022,10,99.6766196833153,0.693409639195597,3.18578137774477
"R06","Hail",2022-11-01,2022,11,99.7359231799365,0.0594782028431773,3.28863324020707
"R06","Hail",2022-12-01,2022,12,99.5125476347183,-0.224218171299029,3.00924444138388
"R06","Hail",2023-01-01,2023,1,99.6809386636909,0.169072867004605,2.9855731581927
"R06","Hail",2023-02-01,2023,2,99.9002387671313,0.219760394764634,3.09855601677818
"R06","Hail",2023-03-01,2023,3,99.7665294773275,-0.133932462539121,2.64259958852513
"R06","Hail",2023-04-01,2023,4,99.1980743827416,-0.571414844951157,1.74686564211708
"R06","Hail",2023-05-01,2023,5,99.5108335402393,0.314791540084869,1.9295994258667
"R06","Hail",2023-06-01,2023,6,100.229938144686,0.720040986387982,2.44895923600446
"R06","Hail",2023-07-01,2023,7,99.9962138935488,-0.233460369602057,1.9411250551765
"R06","Hail",2023-08-01,2023,8,100.078551186104,0.0823065289323743,1.47308350535411
"R06","Hail",2023-09-01,2023,9,100.005178883285,-0.0733416016209354,1.02249270920094
"R06","Hail",2023-10-01,2023,10,100.480313171815,0.473984599279831,0.803067669285173
"R06","Hail",2023-11-01,2023,11,100.490848696018,0.0104846129312719,0.754074079373268
"R06","Hail",2023-12-01,2023,12,100.672503866388,0.180604685130881,1.15889693580318
"R06","Hail",2024-01-01,2024,1,100.626649148917,-0.0455587791376999,0.944265289660873
"R06","Hail",2024-02-01,2024,2,100.91345911613,0.284618444732399,1.00912333962864
"R06","Hail",2024-03-01,2024,3,101.138655095611,0.222908900118579,1.36596470228634
"R06","Hail",2024-04-01,2024,4,101.433575490478,0.291175747419192,2.22855529465669
"R06","Hail",2024-05-01,2024,5,101.825357767143,0.385501149277179,2.299264903849
"R06","Hail",2024-06-01,2024,6,101.945152606815,0.117578204278068,1.69680212173908
"R06","Hail",2024-07-01,2024,7,102.3051594676,0.35251572439492,2.28277821573606
"R06","Hail",2024-08-01,2024,8,102.624846517508,0.311996584097773,2.51246827090146
"R06","Hail",2024-09-01,2024,9,102.79565750088,0.166303771432919,2.75211364395531
"R06","Hail",2024-10-01,2024,10,102.421233411509,-0.364906127542586,1.9132229171329
"R06","Hail",2024-11-01,2024,11,102.213750013467,-0.202783967500864,1.69995433670076
"R06","Hail",2024-12-01,2024,12,102.238862431002,0.0245655140925116,1.54391516566239
"R06","Hail",2025-01-01,2025,1,102.681632298041,0.432138870895038,2.02161281569513
"R06","Hail",2025-02-01,2025,2,102.763206033959,0.0794118176607128,1.81640618862344
"R06","Hail",2025-03-01,2025,3,102.842410892551,0.077045426768052,1.67054271527292
"R06","Hail",2025-04-01,2025,4,103.384623289111,0.525841481550238,1.90520844940396
"R06","Hail",2025-05-01,2025,5,103.304380571194,-0.0776458548347847,1.442061445292
"R06","Hail",2025-06-01,2025,6,103.143130889076,-0.156213764717794,1.16826947629614
"R06","Hail",2025-07-01,2025,7,103.454887815566,0.301800728852797,1.11755448075401
"R06","Hail",2025-08-01,2025,8,103.31703738004,-0.133335757084652,0.672222139571588
"R06","Hail",2025-09-01,2025,9,103.567053701996,0.241697118767803,0.747615486906472
"R06","Hail",2025-10-01,2025,10,104.254559011217,0.661632645661747,1.77415426011081
"R06","Hail",2025-11-01,2025,11,104.315341867435,0.0582853591843069,2.03522358679598
"R06","Hail",2025-12-01,2025,12,104.390755790388,0.0722680621999316,2.0829261349034
"R06","Hail",2026-01-01,2026,1,104.28561787284,-0.100766487934134,1.55002077607422
"R06","Hail",2026-02-01,2026,2,104.238890816802,-0.0448168487375611,1.42579210967595
"R07","Jazan",2013-01-01,2013,1,95.6960582282311,NA,NA
"R07","Jazan",2013-02-01,2013,2,95.7193219991268,0.0243071073835033,NA
"R07","Jazan",2013-03-01,2013,3,95.5055199874114,-0.223613311517123,NA
"R07","Jazan",2013-04-01,2013,4,95.9081574138033,0.420699320662887,NA
"R07","Jazan",2013-05-01,2013,5,95.4841222209927,-0.443106574020558,NA
"R07","Jazan",2013-06-01,2013,6,95.9979715768193,0.536708763847304,NA
"R07","Jazan",2013-07-01,2013,7,96.3095925260459,0.324086286913872,NA
"R07","Jazan",2013-08-01,2013,8,96.7505965725375,0.456857330968585,NA
"R07","Jazan",2013-09-01,2013,9,96.4598289204746,-0.300985695603195,NA
"R07","Jazan",2013-10-01,2013,10,97.017351510835,0.576320300171762,NA
"R07","Jazan",2013-11-01,2013,11,97.0302939773649,0.0133394729078695,NA
"R07","Jazan",2013-12-01,2013,12,97.1450141373053,0.118161443287512,NA
"R07","Jazan",2014-01-01,2014,1,97.0378156239077,-0.110409889915886,1.39236455508653
"R07","Jazan",2014-02-01,2014,2,96.6191415941763,-0.432387958622726,0.935669489080304
"R07","Jazan",2014-03-01,2014,3,96.9705061077718,0.362999678536813,1.52228247913424
"R07","Jazan",2014-04-01,2014,4,97.3774153562805,0.41874370461672,1.52032686308807
"R07","Jazan",2014-05-01,2014,5,96.8660934337027,-0.526476387107877,1.43695705000075
"R07","Jazan",2014-06-01,2014,6,96.8665641748631,0.000485969857866309,0.900734256011315
"R07","Jazan",2014-07-01,2014,7,97.3416460783539,0.489251047138684,1.06589901623613
"R07","Jazan",2014-08-01,2014,8,98.2517135909991,0.930577685906275,1.53961937117382
"R07","Jazan",2014-09-01,2014,9,98.2078674002557,-0.0446363483523449,1.79596871842467
"R07","Jazan",2014-10-01,2014,10,98.2897376607817,0.0833295298820147,1.30297794813492
"R07","Jazan",2014-11-01,2014,11,99.3862807941036,1.10944604144878,2.39908451667583
"R07","Jazan",2014-12-01,2014,12,100.358405972464,0.973375431904788,3.25429850529311
"R07","Jazan",2015-01-01,2015,1,100.751675970144,0.391099735195777,3.75580813040477
"R07","Jazan",2015-02-01,2015,2,100.365711684554,-0.383820378655564,3.80437571037193
"R07","Jazan",2015-03-01,2015,3,100.417471169658,0.0515575911435917,3.49293362297871
"R07","Jazan",2015-04-01,2015,4,100.423183445275,0.00568836586349875,3.07987828422549
"R07","Jazan",2015-05-01,2015,5,100.340772384636,-0.0820974710595834,3.52425720027378
"R07","Jazan",2015-06-01,2015,6,100.351178465453,0.0103702024742525,3.53414143289017
"R07","Jazan",2015-07-01,2015,7,100.390854900649,0.0395297736575984,3.08442015940908
"R07","Jazan",2015-08-01,2015,8,100.073211839111,-0.316907995080129,1.83693447842268
"R07","Jazan",2015-09-01,2015,9,99.306248125767,-0.769354572998804,1.11221625377622
"R07","Jazan",2015-10-01,2015,10,100.773860420463,1.46705100008635,2.49593772398056
"R07","Jazan",2015-11-01,2015,11,100.478892438395,-0.293132083005787,1.09335959952599
"R07","Jazan",2015-12-01,2015,12,100.431673747636,-0.0470046872345087,0.0729794803866923
"R07","Jazan",2016-01-01,2016,1,102.874861415498,2.40356788011384,2.08544762530476
"R07","Jazan",2016-02-01,2016,2,102.679499077964,-0.19008343670075,2.27918456725957
"R07","Jazan",2016-03-01,2016,3,103.01967625817,0.330752410426705,2.55837938654269
"R07","Jazan",2016-04-01,2016,4,103.048114759916,0.0276011129988873,2.58029213367807
"R07","Jazan",2016-05-01,2016,5,102.75804736066,-0.281884262683985,2.38050534205367
"R07","Jazan",2016-06-01,2016,6,103.039496477487,0.273520555246787,2.64365569482621
"R07","Jazan",2016-07-01,2016,7,103.3803420932,0.330245317359523,2.93437123852813
"R07","Jazan",2016-08-01,2016,8,102.739015297395,-0.622288826728656,2.62899040687961
"R07","Jazan",2016-09-01,2016,9,103.19243642544,0.440361933036204,3.83870691291461
"R07","Jazan",2016-10-01,2016,10,103.012373268479,-0.174645007549135,2.19701090527913
"R07","Jazan",2016-11-01,2016,11,102.929809283274,-0.080181717611616,2.4099612706733
"R07","Jazan",2016-12-01,2016,12,104.345507942095,1.36602919463797,3.82299515254578
"R07","Jazan",2017-01-01,2017,1,104.569868853949,0.214786485847984,1.63421375827992
"R07","Jazan",2017-02-01,2017,2,104.708254882555,0.132250850022242,1.95654804500291
"R07","Jazan",2017-03-01,2017,3,99.1763225452969,-5.42786561818183,-3.80206998360562
"R07","Jazan",2017-04-01,2017,4,99.0884672770616,-0.0886241818976785,-3.91829527850218
"R07","Jazan",2017-05-01,2017,5,98.6924818812218,-0.400428784104889,-4.03683979992309
"R07","Jazan",2017-06-01,2017,6,98.8289159163601,0.138146103012193,-4.17221425215768
"R07","Jazan",2017-07-01,2017,7,98.7287124413578,-0.101442282364061,-4.60390185188126
"R07","Jazan",2017-08-01,2017,8,98.7134887682471,-0.0154208908202946,-3.9970339159729
"R07","Jazan",2017-09-01,2017,9,98.218090057142,-0.503118655784007,-4.94051450479311
"R07","Jazan",2017-10-01,2017,10,97.4352572759266,-0.800228536210223,-5.5660980334542
"R07","Jazan",2017-11-01,2017,11,96.6441023760691,-0.815294613136697,-6.30121092897928
"R07","Jazan",2017-12-01,2017,12,94.8956220249385,-1.82576113258284,-9.4930012562001
"R07","Jazan",2018-01-01,2018,1,100.611232450216,5.84863339642485,-3.85915434562323
"R07","Jazan",2018-02-01,2018,2,100.353089213333,-0.256904685095272,-4.24830988074074
"R07","Jazan",2018-03-01,2018,3,99.4184677103826,-0.935697089617449,0.243858647823636
"R07","Jazan",2018-04-01,2018,4,98.2158739738235,-1.21700365358182,-0.884520823860502
"R07","Jazan",2018-05-01,2018,5,97.950248249776,-0.270817288309111,-0.754909328064723
"R07","Jazan",2018-06-01,2018,6,98.2816475190191,0.337763219384879,-0.555292211692038
"R07","Jazan",2018-07-01,2018,7,98.6380231287455,0.361950634613528,-0.0918992947144481
"R07","Jazan",2018-08-01,2018,8,98.1613091740346,-0.484467992388105,-0.560946396282258
"R07","Jazan",2018-09-01,2018,9,98.2053957820257,0.0449023257193204,-0.0129254147789304
"R07","Jazan",2018-10-01,2018,10,97.2525957579651,-0.974948697374778,-0.187645575943485
"R07","Jazan",2018-11-01,2018,11,97.4182431589152,0.170182079504677,0.797831116697889
"R07","Jazan",2018-12-01,2018,12,94.6647320270562,-2.86719815856431,-0.243605909283584
"R07","Jazan",2019-01-01,2019,1,92.7255836017641,-2.06970956957333,-8.16194887528177
"R07","Jazan",2019-02-01,2019,2,92.30346167221,-0.456277187477472,-8.36132137766397
"R07","Jazan",2019-03-01,2019,3,92.2381213731088,-0.0708136353372524,-7.49643792338377
"R07","Jazan",2019-04-01,2019,4,92.2606162068258,0.0243848105667688,-6.25504945923518
"R07","Jazan",2019-05-01,2019,5,92.5825804377466,0.348365060087374,-5.6358671108387
"R07","Jazan",2019-06-01,2019,6,92.867949796595,0.307758175431072,-5.66587215479251
"R07","Jazan",2019-07-01,2019,7,92.8291640041569,-0.0417731780621544,-6.06959596746819
"R07","Jazan",2019-08-01,2019,8,92.6595204385609,-0.182915322737998,-5.76804329781808
"R07","Jazan",2019-09-01,2019,9,92.3683248984526,-0.31475887317578,-6.12770449671318
"R07","Jazan",2019-10-01,2019,10,91.68335953139,-0.744321934922532,-5.89707773426094
"R07","Jazan",2019-11-01,2019,11,91.5885275810663,-0.103487731022334,-6.17074754478795
"R07","Jazan",2019-12-01,2019,12,92.3217046950438,0.79732485688222,-2.50622452934142
"R07","Jazan",2020-01-01,2020,1,91.8125689082829,-0.553006319043625,-0.989521278811711
"R07","Jazan",2020-02-01,2020,2,93.0468919234131,1.33543758437149,0.802193493037251
"R07","Jazan",2020-03-01,2020,3,92.7949778964131,-0.271105947802042,0.601901180572462
"R07","Jazan",2020-04-01,2020,4,93.169925998658,0.403246636833732,0.980763006839425
"R07","Jazan",2020-05-01,2020,5,92.8854376923993,-0.305810617147984,0.326587329604067
"R07","Jazan",2020-06-01,2020,6,92.0045738797699,-0.952858913136723,-0.934029758963728
"R07","Jazan",2020-07-01,2020,7,96.5031228457067,4.77370770190451,3.88145112100293
"R07","Jazan",2020-08-01,2020,8,96.1146912641707,-0.403318986740597,3.66104745700033
"R07","Jazan",2020-09-01,2020,9,95.9741587991666,-0.146320299205982,3.82948603097013
"R07","Jazan",2020-10-01,2020,10,95.5644057044693,-0.427855059723559,4.1459529061691
"R07","Jazan",2020-11-01,2020,11,94.7509463495425,-0.854859368941074,3.39458126825036
"R07","Jazan",2020-12-01,2020,12,94.5721395319689,-0.188890720754742,2.4083656906134
"R07","Jazan",2021-01-01,2021,1,94.9982838224123,0.449590184704896,3.41096219436192
"R07","Jazan",2021-02-01,2021,2,95.003801494182,0.00580801180376511,2.0813326217942
"R07","Jazan",2021-03-01,2021,3,95.1043363118607,0.105765937440427,2.45820450703667
"R07","Jazan",2021-04-01,2021,4,95.4820190403442,0.396338155671749,2.45129602587468
"R07","Jazan",2021-05-01,2021,5,95.4561551654008,-0.0270913610744827,2.73001528194818
"R07","Jazan",2021-06-01,2021,6,95.4484598439134,-0.00806195438620705,3.6748122406987
"R07","Jazan",2021-07-01,2021,7,95.4975698481969,0.0514386242495668,-1.04745683695624
"R07","Jazan",2021-08-01,2021,8,95.4936670602472,-0.00408687645929717,-0.64822472667494
"R07","Jazan",2021-09-01,2021,9,95.5670526832378,0.076819166909825,-0.425085260559133
"R07","Jazan",2021-10-01,2021,10,96.3638519068286,0.830302762253599,0.833072561418025
"R07","Jazan",2021-11-01,2021,11,96.3207071272183,-0.04478281035869,1.64314912000041
"R07","Jazan",2021-12-01,2021,12,96.1096655248707,-0.219343426977492,1.61269641377766
"R07","Jazan",2022-01-01,2022,1,96.9213421001848,0.840985465659649,2.00409169473241
"R07","Jazan",2022-02-01,2022,2,96.7528807572956,-0.17396366216289,1.82432002076576
"R07","Jazan",2022-03-01,2022,3,96.5927461555976,-0.165645989382313,1.55290809394302
"R07","Jazan",2022-04-01,2022,4,98.2363632614741,1.68727979533969,2.84384973361096
"R07","Jazan",2022-05-01,2022,5,98.3752209761235,0.141250820265704,3.01219191495115
"R07","Jazan",2022-06-01,2022,6,98.9285073399951,0.560848818115289,3.58110268745264
"R07","Jazan",2022-07-01,2022,7,99.2363079250184,0.310651345593893,3.84031540879697
"R07","Jazan",2022-08-01,2022,8,99.4150004900747,0.179905800448488,4.02430808570475
"R07","Jazan",2022-09-01,2022,9,99.460320729164,0.0455765346810466,3.99306545347597
"R07","Jazan",2022-10-01,2022,10,99.7575111249446,0.298357444685937,3.46112013590831
"R07","Jazan",2022-11-01,2022,11,99.8059812361286,0.0485761313992583,3.55447907766626
"R07","Jazan",2022-12-01,2022,12,100.133403285156,0.327521606111159,4.10134411075491
"R07","Jazan",2023-01-01,2023,1,99.9935175402138,-0.13979705193794,3.12056159315732
"R07","Jazan",2023-02-01,2023,2,100.452436478369,0.457898731109552,3.75242398642976
"R07","Jazan",2023-03-01,2023,3,100.193962144117,-0.257641780768836,3.66042819504324
"R07","Jazan",2023-04-01,2023,4,100.462486732742,0.267646268460275,2.24079466816383
"R07","Jazan",2023-05-01,2023,5,99.9492208978412,-0.512212548005309,1.58733129989281
"R07","Jazan",2023-06-01,2023,6,99.4326420289542,-0.51818156095127,0.508300920826255
"R07","Jazan",2023-07-01,2023,7,100.002606066894,0.571579592998983,0.769229168231345
"R07","Jazan",2023-08-01,2023,8,99.3864860517485,-0.618009711147582,-0.0286863433647255
"R07","Jazan",2023-09-01,2023,9,99.8926952938575,0.50804135935083,0.433778481305058
"R07","Jazan",2023-10-01,2023,10,99.9639246953687,0.0712805055253618,0.206701542144483
"R07","Jazan",2023-11-01,2023,11,100.280026134624,0.315716605182814,0.473842015928039
"R07","Jazan",2023-12-01,2023,12,99.9962443946958,-0.283390467676981,-0.1370700578601
"R07","Jazan",2024-01-01,2024,1,100.156906144849,0.1605388516003,0.16326584567814
"R07","Jazan",2024-02-01,2024,2,99.8388043226299,-0.318108913159776,-0.612741798591188
"R07","Jazan",2024-03-01,2024,3,100.140190396445,0.301417958840933,-0.0536820589814191
"R07","Jazan",2024-04-01,2024,4,100.682201924923,0.539793235496955,0.21846490805526
"R07","Jazan",2024-05-01,2024,5,100.561084376494,-0.120369295571177,0.610308160489392
"R07","Jazan",2024-06-01,2024,6,101.011587571068,0.446989108499807,1.57547882994047
"R07","Jazan",2024-07-01,2024,7,100.576696100316,-0.431465695825839,0.572433541115647
"R07","Jazan",2024-08-01,2024,8,100.368538150252,-0.207178861739976,0.983264390523253
"R07","Jazan",2024-09-01,2024,9,101.218756640382,0.84352888646535,1.31875191763777
"R07","Jazan",2024-10-01,2024,10,101.723750439508,0.497672812553329,1.74514422466574
"R07","Jazan",2024-11-01,2024,11,101.879155900116,0.152655473913565,1.58208309339649
"R07","Jazan",2024-12-01,2024,12,102.013465562782,0.13174550518702,1.99721906626049
"R07","Jazan",2025-01-01,2025,1,102.487301678718,0.463408495025508,2.3000887096857
"R07","Jazan",2025-02-01,2025,2,102.696006196559,0.203432327881536,2.82162995072701
"R07","Jazan",2025-03-01,2025,3,102.949891132079,0.246914786831276,2.76712677871735
"R07","Jazan",2025-04-01,2025,4,103.092472955366,0.138400514552206,2.36573405777261
"R07","Jazan",2025-05-01,2025,5,103.081622047452,-0.0105259663429891,2.47557738700079
"R07","Jazan",2025-06-01,2025,6,103.056848246083,-0.0240360777422843,2.0045522007587
"R07","Jazan",2025-07-01,2025,7,103.009346246292,-0.0461036326210085,2.38991426396353
"R07","Jazan",2025-08-01,2025,8,103.336720523551,0.317306316577515,2.91439944228102
"R07","Jazan",2025-09-01,2025,9,103.425424350325,0.0858027781344362,2.15667333395011
"R07","Jazan",2025-10-01,2025,10,103.424300170402,-0.0010869532706792,1.6579135681261
"R07","Jazan",2025-11-01,2025,11,103.37348837865,-0.0491415243180526,1.45611656989448
"R07","Jazan",2025-12-01,2025,12,103.381250321155,0.00750835754228518,1.33187942224975
"R07","Jazan",2026-01-01,2026,1,103.331705555241,-0.0479358119114259,0.820535115312815
"R07","Jazan",2026-02-01,2026,2,103.363020231949,0.0303004121932737,0.647403199624552
"R08","Madinah",2013-01-01,2013,1,78.7946512109018,NA,NA
"R08","Madinah",2013-02-01,2013,2,78.7710205099612,-0.0299947328116446,NA
"R08","Madinah",2013-03-01,2013,3,78.8232599139545,0.0662960683168734,NA
"R08","Madinah",2013-04-01,2013,4,78.7916088876519,-0.0401624884362128,NA
"R08","Madinah",2013-05-01,2013,5,78.9683440695719,0.224055918555877,NA
"R08","Madinah",2013-06-01,2013,6,78.889903723737,-0.0993807461915353,NA
"R08","Madinah",2013-07-01,2013,7,79.3997642925186,0.64421429204975,NA
"R08","Madinah",2013-08-01,2013,8,79.4017885955893,0.00254947515809789,NA
"R08","Madinah",2013-09-01,2013,9,79.7814174347427,0.476971872021092,NA
"R08","Madinah",2013-10-01,2013,10,79.6151906957181,-0.208570058338697,NA
"R08","Madinah",2013-11-01,2013,11,79.7147435035263,0.124964365627456,NA
"R08","Madinah",2013-12-01,2013,12,79.5657265283047,-0.187112730981998,NA
"R08","Madinah",2014-01-01,2014,1,79.8327113136783,0.334990779910793,1.30882201487985
"R08","Madinah",2014-02-01,2014,2,80.1132744212104,0.350822678042384,1.68963942573388
"R08","Madinah",2014-03-01,2014,3,80.3455530608094,0.289518258972965,1.91286161638997
"R08","Madinah",2014-04-01,2014,4,80.5646757152952,0.27235408413846,2.22537818896464
"R08","Madinah",2014-05-01,2014,5,80.8266116026723,0.324597593485443,2.32591986389421
"R08","Madinah",2014-06-01,2014,6,81.0091077120878,0.225532642044346,2.65083325213009
"R08","Madinah",2014-07-01,2014,7,81.5384223859756,0.651276023105485,2.65789498318583
"R08","Madinah",2014-08-01,2014,8,81.9809858709822,0.541299128138473,3.1966446361662
"R08","Madinah",2014-09-01,2014,9,81.9977222446889,0.0204128620808319,2.74008562622594
"R08","Madinah",2014-10-01,2014,10,82.70132241145,0.854412299207574,3.80306798377221
"R08","Madinah",2014-11-01,2014,11,83.0230766768208,0.388300903691441,4.0664045218362
"R08","Madinah",2014-12-01,2014,12,82.9605251161724,-0.0753707751052879,4.17814647771291
"R08","Madinah",2015-01-01,2015,1,83.125780096435,0.198998989815546,4.04215468761766
"R08","Madinah",2015-02-01,2015,2,83.2738013230457,0.177910622600486,3.86924263217576
"R08","Madinah",2015-03-01,2015,3,83.4208650558384,0.176446882365777,3.75617125556857
"R08","Madinah",2015-04-01,2015,4,83.5244459503597,0.124089628140389,3.6079067995705
"R08","Madinah",2015-05-01,2015,5,83.6672465827769,0.170822682608662,3.45413188869372
"R08","Madinah",2015-06-01,2015,6,83.8143916057605,0.175714857383991,3.40431410403337
"R08","Madinah",2015-07-01,2015,7,83.8521646747527,0.0450573691846756,2.79809545011256
"R08","Madinah",2015-08-01,2015,8,83.837359658996,-0.0176576513696958,2.23913867060439
"R08","Madinah",2015-09-01,2015,9,83.8380383773129,0.000809562195591695,2.21953537071915
"R08","Madinah",2015-10-01,2015,10,83.8537298560204,0.0187146678916505,1.38383773940323
"R08","Madinah",2015-11-01,2015,11,83.7444433283641,-0.130414957477676,0.86512187823411
"R08","Madinah",2015-12-01,2015,12,84.1803894208201,0.519216919491772,1.45970957283117
"R08","Madinah",2016-01-01,2016,1,86.735791835257,2.99046331533006,4.25117389834568
"R08","Madinah",2016-02-01,2016,2,86.6332350926036,-0.118310353854323,3.95495292189088
"R08","Madinah",2016-03-01,2016,3,86.8869260289907,0.292405349907376,4.07091138943247
"R08","Madinah",2016-04-01,2016,4,87.5568806420596,0.768107414912311,4.7149291762044
"R08","Madinah",2016-05-01,2016,5,88.0465291917552,0.557676891557435,5.10178338515317
"R08","Madinah",2016-06-01,2016,6,88.1402777880438,0.10641955177384,5.03248807954302
"R08","Madinah",2016-07-01,2016,7,88.1446397334163,0.00494874483276675,4.99237945519111
"R08","Madinah",2016-08-01,2016,8,88.1793132324402,0.0393293127650018,5.04936641932581
"R08","Madinah",2016-09-01,2016,9,88.1203557301929,-0.0668832843442324,4.98167357278598
"R08","Madinah",2016-10-01,2016,10,88.2775785611006,0.178259312584927,5.14121821747926
"R08","Madinah",2016-11-01,2016,11,88.2414923899318,-0.0408864282789523,5.23074674667798
"R08","Madinah",2016-12-01,2016,12,88.1898054652061,-0.0585915615117116,4.6529382656745
"R08","Madinah",2017-01-01,2017,1,88.5896444738678,0.452359921498857,2.1148348718433
"R08","Madinah",2017-02-01,2017,2,88.672878943029,0.0939109673878669,2.32705619308549
"R08","Madinah",2017-03-01,2017,3,88.7705346186573,0.110069665058266,2.14472050823638
"R08","Madinah",2017-04-01,2017,4,88.8664479784775,0.107988063902731,1.48460115722679
"R08","Madinah",2017-05-01,2017,5,89.1025982746021,0.265383716656409,1.19230798232577
"R08","Madinah",2017-06-01,2017,6,89.0570074880759,-0.051179713073779,1.03470871747815
"R08","Madinah",2017-07-01,2017,7,89.0654978433623,0.00953316401774984,1.03929313666313
"R08","Madinah",2017-08-01,2017,8,88.9793257602609,-0.096798197314385,0.903165626583746
"R08","Madinah",2017-09-01,2017,9,88.7001783623691,-0.314214775576804,0.655834135351174
"R08","Madinah",2017-10-01,2017,10,88.4394312632165,-0.294397495882492,0.183177326883754
"R08","Madinah",2017-11-01,2017,11,88.5107691530666,0.0806304751812981,0.304694230344005
"R08","Madinah",2017-12-01,2017,12,89.1697527429532,0.741765731416866,1.10505152327258
"R08","Madinah",2018-01-01,2018,1,101.277759865598,12.732495265021,13.3851868667947
"R08","Madinah",2018-02-01,2018,2,101.10989299126,-0.165886515766722,13.1253893836401
"R08","Madinah",2018-03-01,2018,3,101.038309179042,-0.0708231034869833,12.9444966150949
"R08","Madinah",2018-04-01,2018,4,100.860696793676,-0.175941857987549,12.6605666932046
"R08","Madinah",2018-05-01,2018,5,99.9259331364985,-0.931108222562749,11.4640747539855
"R08","Madinah",2018-06-01,2018,6,99.5409670123477,-0.385995472771672,11.1292589942876
"R08","Madinah",2018-07-01,2018,7,99.5393231089478,-0.00165149789452812,11.1180743323753
"R08","Madinah",2018-08-01,2018,8,99.1716371239458,-0.370071589611154,10.8448009400785
"R08","Madinah",2018-09-01,2018,9,98.193818258742,-0.990879446279536,10.1681362693758
"R08","Madinah",2018-10-01,2018,10,97.6067986498706,-0.599611356610286,9.86292240864799
"R08","Madinah",2018-11-01,2018,11,97.4883847592488,-0.121390905806695,9.66090102766
"R08","Madinah",2018-12-01,2018,12,96.6748784933206,-0.837965959753628,8.0811693364895
"R08","Madinah",2019-01-01,2019,1,94.0651069477026,-2.73664110174998,-7.38796703028148
"R08","Madinah",2019-02-01,2019,2,93.9788728555217,-0.0917169465527223,-7.31379746106748
"R08","Madinah",2019-03-01,2019,3,93.8748603645487,-0.110737753058388,-7.35371211063889
"R08","Madinah",2019-04-01,2019,4,93.654809307838,-0.234684098886717,-7.41245435153806
"R08","Madinah",2019-05-01,2019,5,93.8839652281157,0.244382565571755,-6.23696356340355
"R08","Madinah",2019-06-01,2019,6,93.7580502976353,-0.134207628315153,-5.98517571894703
"R08","Madinah",2019-07-01,2019,7,93.7337306448307,-0.0259421003083737,-6.00946632136088
"R08","Madinah",2019-08-01,2019,8,93.7398366652278,0.0065140067337488,-5.63288072501598
"R08","Madinah",2019-09-01,2019,9,93.6955579253712,-0.0472469362331474,-4.68924821496959
"R08","Madinah",2019-10-01,2019,10,93.3650187278366,-0.353403744892322,-4.44304060325162
"R08","Madinah",2019-11-01,2019,11,93.5477108066439,0.195483889663972,-4.12616580778096
"R08","Madinah",2019-12-01,2019,12,93.7857402926352,0.254123983401833,-3.0340758646255
"R08","Madinah",2020-01-01,2020,1,93.8331652251805,0.050554535988212,-0.246880226887303
"R08","Madinah",2020-02-01,2020,2,93.5717207070501,-0.279015871375599,-0.434179151710179
"R08","Madinah",2020-03-01,2020,3,93.7539898132527,0.19460133178395,-0.128840066867841
"R08","Madinah",2020-04-01,2020,4,93.6620241222608,-0.0981407046731775,0.00770332734569834
"R08","Madinah",2020-05-01,2020,5,93.1145350736202,-0.586251956944928,-0.822931195170984
"R08","Madinah",2020-06-01,2020,6,92.8929473168395,-0.238256933275771,-0.926980500131602
"R08","Madinah",2020-07-01,2020,7,97.9821244275649,5.33373322285735,4.43269482303412
"R08","Madinah",2020-08-01,2020,8,98.0223586004136,0.0410543399745222,4.4672351562749
"R08","Madinah",2020-09-01,2020,9,97.9993386080172,-0.0234871882348386,4.4909949042732
"R08","Madinah",2020-10-01,2020,10,98.0742059083444,0.0763665533260571,4.92076520249158
"R08","Madinah",2020-11-01,2020,11,97.6153286880421,-0.468985796632637,4.25629551619497
"R08","Madinah",2020-12-01,2020,12,97.2021246680632,-0.424196736452309,3.57797479634083
"R08","Madinah",2021-01-01,2021,1,97.6306889790448,0.43993103026061,3.96735129061323
"R08","Madinah",2021-02-01,2021,2,97.7417639526718,0.113705882203607,4.36007304419244
"R08","Madinah",2021-03-01,2021,3,97.8848829786045,0.146318565197046,4.31179027760553
"R08","Madinah",2021-04-01,2021,4,98.07943316022,0.198556808062111,4.60848779034082
"R08","Madinah",2021-05-01,2021,5,98.1166669182435,0.037955656055999,5.23269540334175
"R08","Madinah",2021-06-01,2021,6,98.1912612179391,0.0759972396367381,5.54694957625426
"R08","Madinah",2021-07-01,2021,7,98.1958484711853,0.00467164393258557,0.217887997329491
"R08","Madinah",2021-08-01,2021,8,98.1914087943015,-0.00452134924273651,0.172312308112232
"R08","Madinah",2021-09-01,2021,9,98.0839180167185,-0.109530617093601,0.0862688792534705
"R08","Madinah",2021-10-01,2021,10,98.1166720361596,0.0333882989205669,0.0432906248479803
"R08","Madinah",2021-11-01,2021,11,98.2745589026539,0.160788136776446,0.673064558257064
"R08","Madinah",2021-12-01,2021,12,98.1653833048216,-0.11115418569787,0.986107109011503
"R08","Madinah",2022-01-01,2022,1,98.7322041867371,0.575753573156046,1.12192965190694
"R08","Madinah",2022-02-01,2022,2,98.7506937732113,0.0187252533958571,1.02694902309919
"R08","Madinah",2022-03-01,2022,3,98.7198940244035,-0.0311942648280272,0.849436193074116
"R08","Madinah",2022-04-01,2022,4,98.8276695712074,0.109113527431237,0.759992912443241
"R08","Madinah",2022-05-01,2022,5,99.2110682206591,0.387196093776154,1.1092333501634
"R08","Madinah",2022-06-01,2022,6,99.4883153646219,0.279062087545068,1.31229819807173
"R08","Madinah",2022-07-01,2022,7,99.4878591606025,-0.000458551402449103,1.30716800273669
"R08","Madinah",2022-08-01,2022,8,99.410361806201,-0.0779266480580354,1.23376270392139
"R08","Madinah",2022-09-01,2022,9,99.6112409017043,0.20186669284703,1.54516001386202
"R08","Madinah",2022-10-01,2022,10,99.7930064142872,0.182308617166527,1.69408033210798
"R08","Madinah",2022-11-01,2022,11,99.7645119029591,-0.028557692801634,1.5047345025299
"R08","Madinah",2022-12-01,2022,12,99.5039695799826,-0.261498927985926,1.35438976024185
"R08","Madinah",2023-01-01,2023,1,99.613396035506,0.109911524995621,0.888547712081422
"R08","Madinah",2023-02-01,2023,2,99.7417844947602,0.128803752842366,0.998626211527931
"R08","Madinah",2023-03-01,2023,3,99.9627477234662,0.221290239557259,1.25111071591322
"R08","Madinah",2023-04-01,2023,4,99.971968071772,0.00922335901067939,1.15122054749266
"R08","Madinah",2023-05-01,2023,5,99.6779893985505,-0.294494313359106,0.469530140357399
"R08","Madinah",2023-06-01,2023,6,99.4902042917062,-0.18856942869192,0.00189862412041109
"R08","Madinah",2023-07-01,2023,7,99.3931176704886,-0.0976317450569475,-0.0952745695340873
"R08","Madinah",2023-08-01,2023,8,100.232019037708,0.840481634172274,0.823133712696222
"R08","Madinah",2023-09-01,2023,9,100.180154478837,-0.051757893863158,0.569509125986034
"R08","Madinah",2023-10-01,2023,10,100.55800993343,0.376466430255995,0.763666939075502
"R08","Madinah",2023-11-01,2023,11,100.585015702935,0.0268523053004621,0.819076937177599
"R08","Madinah",2023-12-01,2023,12,100.603862156678,0.0187350851584611,1.09931095032199
"R08","Madinah",2024-01-01,2024,1,100.749652498991,0.144810353113733,1.1342097784401
"R08","Madinah",2024-02-01,2024,2,101.800943435723,1.03806199356464,2.04346801916238
"R08","Madinah",2024-03-01,2024,3,101.793457837194,-0.00735344241844516,1.81482433718667
"R08","Madinah",2024-04-01,2024,4,102.496300799766,0.68808709780539,2.49368807598138
"R08","Madinah",2024-05-01,2024,5,102.186652922168,-0.302563655829058,2.48561873351143
"R08","Madinah",2024-06-01,2024,6,102.350154097301,0.159874608723154,2.8340627709265
"R08","Madinah",2024-07-01,2024,7,102.84068116533,0.478118822261298,3.40981333824475
"R08","Madinah",2024-08-01,2024,8,102.812113381731,-0.0277825388618425,2.54154916521063
"R08","Madinah",2024-09-01,2024,9,102.962572923146,0.146237198491583,2.73954425756537
"R08","Madinah",2024-10-01,2024,10,103.62159272552,0.638017958294324,3.0010957856037
"R08","Madinah",2024-11-01,2024,11,103.789405150222,0.161816357896249,3.13605983819949
"R08","Madinah",2024-12-01,2024,12,103.907900290743,0.114103698289014,3.23142845133004
"R08","Madinah",2025-01-01,2025,1,104.322080046479,0.397810441393265,3.48442853960957
"R08","Madinah",2025-02-01,2025,2,104.913691164393,0.565498615344051,3.01186516138898
"R08","Madinah",2025-03-01,2025,3,105.887963649604,0.924356521930392,3.94357512573782
"R08","Madinah",2025-04-01,2025,4,106.055211759126,0.157823571261506,3.41331159919394
"R08","Madinah",2025-05-01,2025,5,106.118957463074,0.0600880928151248,3.77596334783812
"R08","Madinah",2025-06-01,2025,6,106.118957463074,0,3.61608873911496
"R08","Madinah",2025-07-01,2025,7,106.118957463074,0,3.13796991685367
"R08","Madinah",2025-08-01,2025,8,106.203914563838,0.0800263339384877,3.245778789654
"R08","Madinah",2025-09-01,2025,9,105.920556845783,-0.267161902360336,2.83237968880208
"R08","Madinah",2025-10-01,2025,10,106.187691847455,0.251885671167695,2.44624740167545
"R08","Madinah",2025-11-01,2025,11,106.345973715448,0.148947600218285,2.43337864399749
"R08","Madinah",2025-12-01,2025,12,106.502466792255,0.147046513126448,2.46632145883492
"R08","Madinah",2026-01-01,2026,1,106.195452276482,-0.288686161423701,1.77982485601795
"R08","Madinah",2026-02-01,2026,2,106.017428203562,-0.167778802378393,1.04654743829551
"R09","Makkah",2013-01-01,2013,1,83.6460765520865,NA,NA
"R09","Makkah",2013-02-01,2013,2,83.6051457204103,-0.0489453313849531,NA
"R09","Makkah",2013-03-01,2013,3,83.4547907289403,-0.180001304037436,NA
"R09","Makkah",2013-04-01,2013,4,83.6086763366303,0.184224180085657,NA
"R09","Makkah",2013-05-01,2013,5,83.5228795686502,-0.10266975024793,NA
"R09","Makkah",2013-06-01,2013,6,83.4832706430406,-0.0474340930582962,NA
"R09","Makkah",2013-07-01,2013,7,83.6127140738185,0.154933054663786,NA
"R09","Makkah",2013-08-01,2013,8,83.8945635792777,0.336522419082108,NA
"R09","Makkah",2013-09-01,2013,9,83.900787781583,0.00741880184120802,NA
"R09","Makkah",2013-10-01,2013,10,84.1636044758195,0.312757396066665,NA
"R09","Makkah",2013-11-01,2013,11,84.4647380124438,0.357156872075315,NA
"R09","Makkah",2013-12-01,2013,12,84.4328917945836,-0.0377106751279221,NA
"R09","Makkah",2014-01-01,2014,1,84.8354253385056,0.475616830784809,1.41186840074301
"R09","Makkah",2014-02-01,2014,2,85.081893224008,0.290103516750051,1.75091724887801
"R09","Makkah",2014-03-01,2014,3,85.2819582442005,0.23486803149444,2.16578658440989
"R09","Makkah",2014-04-01,2014,4,85.7739404828729,0.575231370490492,2.55679377481473
"R09","Makkah",2014-05-01,2014,5,86.0165416032314,0.282438559674247,2.9419020847369
"R09","Makkah",2014-06-01,2014,6,85.9967251114131,-0.0230406552756079,2.96629552251959
"R09","Makkah",2014-07-01,2014,7,86.3543076701042,0.414947408199939,3.22630987605574
"R09","Makkah",2014-08-01,2014,8,86.4711560911447,0.135221322485801,3.02500877945944
"R09","Makkah",2014-09-01,2014,9,86.6817685901433,0.243267739487418,3.26085771710565
"R09","Makkah",2014-10-01,2014,10,86.7841299331705,0.118018994833857,3.06611931587284
"R09","Makkah",2014-11-01,2014,11,86.7555459032304,-0.0329423574878085,2.67602008630972
"R09","Makkah",2014-12-01,2014,12,86.7240027163624,-0.0363653093019778,2.67736545213566
"R09","Makkah",2015-01-01,2015,1,87.2215250684666,0.572045415787326,2.77379403713818
"R09","Makkah",2015-02-01,2015,2,87.1878571560004,-0.0386079148437801,2.44508260554435
"R09","Makkah",2015-03-01,2015,3,87.2705880099133,0.0948430556465318,2.30505762969644
"R09","Makkah",2015-04-01,2015,4,87.2766196553696,0.00691119100606485,1.73673745021201
"R09","Makkah",2015-05-01,2015,5,87.6126090886717,0.384231606573948,1.83853049711171
"R09","Makkah",2015-06-01,2015,6,87.9289406145392,0.360406831103965,2.22197798349129
"R09","Makkah",2015-07-01,2015,7,88.061027064801,0.150106823479756,1.9571373987711
"R09","Makkah",2015-08-01,2015,8,88.0675263050654,0.00738010974714598,1.82929618603245
"R09","Makkah",2015-09-01,2015,9,87.9652004044122,-0.11625782783824,1.46977061870679
"R09","Makkah",2015-10-01,2015,10,88.2065259799473,0.273966466052489,1.62571808992542
"R09","Makkah",2015-11-01,2015,11,88.5962983103342,0.440912596724896,2.09957304413813
"R09","Makkah",2015-12-01,2015,12,88.6302052310286,0.0382639395694717,2.17420229300958
"R09","Makkah",2016-01-01,2016,1,90.705910977499,2.31498093016871,3.91713780739096
"R09","Makkah",2016-02-01,2016,2,91.0698981759491,0.400479785100405,4.35622550733514
"R09","Makkah",2016-03-01,2016,3,90.9658078942875,-0.114362500910925,4.14701995077769
"R09","Makkah",2016-04-01,2016,4,90.9598377536845,-0.00656327543469004,4.13354548433693
"R09","Makkah",2016-05-01,2016,5,90.950056516459,-0.0107539364741172,3.73855994128887
"R09","Makkah",2016-06-01,2016,6,90.8876924445109,-0.0685930998922224,3.30956001029268
"R09","Makkah",2016-07-01,2016,7,91.1441608294822,0.281784259249296,3.44123744606222
"R09","Makkah",2016-08-01,2016,8,90.8480101572354,-0.325454586365037,3.10840274995003
"R09","Makkah",2016-09-01,2016,9,90.8231500402262,-0.0273682593729951,3.19729231841528
"R09","Makkah",2016-10-01,2016,10,90.8224809744403,-0.000736671487366891,2.92258918087542
"R09","Makkah",2016-11-01,2016,11,90.4081043161406,-0.457292989199054,2.02438359495147
"R09","Makkah",2016-12-01,2016,12,90.252598104879,-0.172152823035976,1.81396683234603
"R09","Makkah",2017-01-01,2017,1,89.9482874923396,-0.337746288881835,-0.838760386704518
"R09","Makkah",2017-02-01,2017,2,90.2096346008312,0.290131334533417,-0.949108837271506
"R09","Makkah",2017-03-01,2017,3,90.1702298313448,-0.043690874518898,-0.878437210879479
"R09","Makkah",2017-04-01,2017,4,90.2584806151501,0.0978234457526206,-0.774050489692168
"R09","Makkah",2017-05-01,2017,5,90.2961744038051,0.0417533285958172,-0.721543224622234
"R09","Makkah",2017-06-01,2017,6,90.4531700702171,0.173716487160558,-0.479233637569454
"R09","Makkah",2017-07-01,2017,7,90.4318791167775,-0.0235408660180347,-0.784558762836784
"R09","Makkah",2017-08-01,2017,8,90.0012812601749,-0.477294387746241,-0.936398564217988
"R09","Makkah",2017-09-01,2017,9,89.9209421825458,-0.089304235387111,-0.998334540232104
"R09","Makkah",2017-10-01,2017,10,89.5174987454755,-0.449674122009291,-1.44727199075403
"R09","Makkah",2017-11-01,2017,11,88.7345038623987,-0.878531413606343,-1.86851041516132
"R09","Makkah",2017-12-01,2017,12,88.862107388988,0.143700431723826,-1.55265716040152
"R09","Makkah",2018-01-01,2018,1,90.1231357072257,1.40910966967436,0.194198798154677
"R09","Makkah",2018-02-01,2018,2,90.3392871231882,0.239552939541454,0.143620403162714
"R09","Makkah",2018-03-01,2018,3,90.11330332553,-0.250463476565166,-0.0631521988835537
"R09","Makkah",2018-04-01,2018,4,89.8483484206524,-0.294457284369098,-0.455432929005273
"R09","Makkah",2018-05-01,2018,5,90.0683874267899,0.244601053713289,-0.252585203887801
"R09","Makkah",2018-06-01,2018,6,90.2384166070593,0.188599905122722,-0.237701785925637
"R09","Makkah",2018-07-01,2018,7,90.1946803286391,-0.0484792202978035,-0.262640140205406
"R09","Makkah",2018-08-01,2018,8,90.0636945500345,-0.145331168937446,0.0693230786033894
"R09","Makkah",2018-09-01,2018,9,89.9705268496274,-0.103499999055412,0.0551273149350884
"R09","Makkah",2018-10-01,2018,10,89.6084505971851,-0.403250701431723,0.101550735512657
"R09","Makkah",2018-11-01,2018,11,89.4397287769653,-0.188465328996923,0.791616820122076
"R09","Makkah",2018-12-01,2018,12,89.0886483603183,-0.393305394745536,0.254610993652715
"R09","Makkah",2019-01-01,2019,1,88.8029116731076,-0.321248442468924,-1.47574711849057
"R09","Makkah",2019-02-01,2019,2,88.5080676883803,-0.332573039242945,-2.04787309727497
"R09","Makkah",2019-03-01,2019,3,88.3990954272652,-0.123197131171704,-1.9206067518815
"R09","Makkah",2019-04-01,2019,4,88.354697219435,-0.050237347780957,-1.67638681529336
"R09","Makkah",2019-05-01,2019,5,88.5530986962737,0.2242993973125,-1.69668847169415
"R09","Makkah",2019-06-01,2019,6,88.4543865973904,-0.111534389579759,-1.99682276639663
"R09","Makkah",2019-07-01,2019,7,89.1897195705693,0.827876802547145,-1.12046674355168
"R09","Makkah",2019-08-01,2019,8,89.2684009439583,0.0881790957569351,-0.886956478857304
"R09","Makkah",2019-09-01,2019,9,89.306001759205,0.0421122123139384,-0.741344267487953
"R09","Makkah",2019-10-01,2019,10,88.9976363844198,-0.345888267264272,-0.683981833320502
"R09","Makkah",2019-11-01,2019,11,88.8588819423967,-0.156029670971325,-0.651546175294904
"R09","Makkah",2019-12-01,2019,12,89.1371516891051,0.312669858685943,0.0544290781365753
"R09","Makkah",2020-01-01,2020,1,89.1201948067399,-0.0190251709112133,0.356652349694286
"R09","Makkah",2020-02-01,2020,2,89.3952546625956,0.308163886485779,0.997389275423011
"R09","Makkah",2020-03-01,2020,3,89.4245043282359,0.0327141318903656,1.15330053848508
"R09","Makkah",2020-04-01,2020,4,89.122182597207,-0.338647583059792,0.864890303206245
"R09","Makkah",2020-05-01,2020,5,89.0059885211896,-0.130461219882516,0.510129686011229
"R09","Makkah",2020-06-01,2020,6,88.6922848294885,-0.353074919273677,0.268589156317312
"R09","Makkah",2020-07-01,2020,7,93.8051026698298,5.6046348967028,5.04534725047296
"R09","Makkah",2020-08-01,2020,8,93.8555230748613,0.0537357328365573,5.01090388755259
"R09","Makkah",2020-09-01,2020,9,93.4689258668135,-0.41275739402824,4.55603428121041
"R09","Makkah",2020-10-01,2020,10,93.7237406316685,0.272248830053812,5.17417137852849
"R09","Makkah",2020-11-01,2020,11,93.6421416275279,-0.0871012463053766,5.24309980319444
"R09","Makkah",2020-12-01,2020,12,93.6036976850216,-0.0410625338193249,4.88936741068917
"R09","Makkah",2021-01-01,2021,1,93.3368866026058,-0.285450336641979,4.62294224495841
"R09","Makkah",2021-02-01,2021,2,93.0141674467406,-0.346356483069599,3.96842187540303
"R09","Makkah",2021-03-01,2021,3,93.0712582504253,0.0613597816831124,3.99706752519577
"R09","Makkah",2021-04-01,2021,4,93.1982971819395,0.136403343978042,4.47211845223361
"R09","Makkah",2021-05-01,2021,5,93.2660207848415,0.0726397485785846,4.67521942069471
"R09","Makkah",2021-06-01,2021,6,93.2200436050391,-0.0493089721040896,4.9789853678643
"R09","Makkah",2021-07-01,2021,7,93.5632285343011,0.367469004595566,-0.258180524242935
"R09","Makkah",2021-08-01,2021,8,93.6338067491176,0.0754052734369459,-0.236510983642546
"R09","Makkah",2021-09-01,2021,9,93.7165681016146,0.0883492845384914,0.264595694924186
"R09","Makkah",2021-10-01,2021,10,93.6870625734593,-0.0314887478890746,-0.0391418830187007
"R09","Makkah",2021-11-01,2021,11,93.6892620818394,0.00234769081339792,0.0503070541000739
"R09","Makkah",2021-12-01,2021,12,93.5184756998997,-0.182456592171842,-0.0910870042524436
"R09","Makkah",2022-01-01,2022,1,93.6050496707606,0.0925313659696059,0.286894698359141
"R09","Makkah",2022-02-01,2022,2,93.9114526438342,0.32680136626686,0.9600525476956
"R09","Makkah",2022-03-01,2022,3,94.1825981328392,0.288308615507038,1.18700138151953
"R09","Makkah",2022-04-01,2022,4,94.9680730752474,0.830533090325503,1.88113112786699
"R09","Makkah",2022-05-01,2022,5,94.9844005679321,0.0171911346156683,1.82568251390407
"R09","Makkah",2022-06-01,2022,6,95.3272350127553,0.360287813859195,2.23527929986735
"R09","Makkah",2022-07-01,2022,7,96.1085382692906,0.81626080768773,2.68407110295952
"R09","Makkah",2022-08-01,2022,8,96.5463895072029,0.454545333297407,3.06321116281998
"R09","Makkah",2022-09-01,2022,9,97.0602264593413,0.530806404566508,3.505668282848
"R09","Makkah",2022-10-01,2022,10,97.9434127664939,0.90582139854245,4.44297842927952
"R09","Makkah",2022-11-01,2022,11,98.3887366675956,0.453644159746247,4.89427489821237
"R09","Makkah",2022-12-01,2022,12,98.7808656189421,0.397758542690507,5.47449003307472
"R09","Makkah",2023-01-01,2023,1,98.8680431425799,0.0882145313498839,5.470173198455
"R09","Makkah",2023-02-01,2023,2,99.5321715752486,0.669486083163129,5.81285791535127
"R09","Makkah",2023-03-01,2023,3,99.9663645917625,0.435285100754967,5.9598344005992
"R09","Makkah",2023-04-01,2023,4,101.05414625974,1.08226994457343,6.21157125484713
"R09","Makkah",2023-05-01,2023,5,99.9783436792754,-1.0702875444081,5.12409257582336
"R09","Makkah",2023-06-01,2023,6,100.499118007713,0.519535209031563,5.28333997099573
"R09","Makkah",2023-07-01,2023,7,100.180622352928,-0.317417116073404,4.14966204723459
"R09","Makkah",2023-08-01,2023,8,100.138084879649,-0.0424697967614129,3.65264691717577
"R09","Makkah",2023-09-01,2023,9,100.035471259394,-0.102524660322345,3.01931585228692
"R09","Makkah",2023-10-01,2023,10,99.9663441387957,-0.069126495890437,2.04436795785403
"R09","Makkah",2023-11-01,2023,11,100.015347560835,0.0490079092777762,1.63973170738556
"R09","Makkah",2023-12-01,2023,12,99.7807744948301,-0.234812539274287,1.00716062542077
"R09","Makkah",2024-01-01,2024,1,99.9268746271623,0.146314033577077,1.06526012764796
"R09","Makkah",2024-02-01,2024,2,99.7635337574451,-0.163594143021317,0.232179901463514
"R09","Makkah",2024-03-01,2024,3,99.467336299065,-0.297341146503971,-0.500446345795424
"R09","Makkah",2024-04-01,2024,4,99.7514964618804,0.28527459135157,-1.29744169901729
"R09","Makkah",2024-05-01,2024,5,99.5816282340154,-0.170436568678145,-0.397590723287333
"R09","Makkah",2024-06-01,2024,6,100.177123246802,0.596215957892632,-0.320909974426264
"R09","Makkah",2024-07-01,2024,7,99.8154758093526,-0.361661214813225,-0.365154073166085
"R09","Makkah",2024-08-01,2024,8,99.8221930091567,0.00672939114787496,-0.315954885256797
"R09","Makkah",2024-09-01,2024,9,99.9525065378447,0.130460511232133,-0.0829697137023189
"R09","Makkah",2024-10-01,2024,10,100.135156950275,0.182570439356766,0.168727221544884
"R09","Makkah",2024-11-01,2024,11,100.518070414125,0.381667350886339,0.501386663153447
"R09","Makkah",2024-12-01,2024,12,100.44320066466,-0.0745116235850496,0.661687578842685
"R09","Makkah",2025-01-01,2025,1,100.757792871695,0.31271462220257,0.828088167468177
"R09","Makkah",2025-02-01,2025,2,100.605277709151,-0.151482783083079,0.840199527406416
"R09","Makkah",2025-03-01,2025,3,101.045644408589,0.436762098435661,1.57430277234605
"R09","Makkah",2025-04-01,2025,4,101.449751241993,0.399127465161886,1.68815564615636
"R09","Makkah",2025-05-01,2025,5,101.618480238946,0.166179647650644,2.02477186248515
"R09","Makkah",2025-06-01,2025,6,101.673391540766,0.0540221334722091,1.48257803806473
"R09","Makkah",2025-07-01,2025,7,101.653251308255,-0.0198107166819561,1.824428536196
"R09","Makkah",2025-08-01,2025,8,101.784990421409,0.129512652536068,1.94721179758419
"R09","Makkah",2025-09-01,2025,9,101.514390749585,-0.266208219690434,1.55054306666162
"R09","Makkah",2025-10-01,2025,10,101.818829524274,0.299448365367017,1.66742099267188
"R09","Makkah",2025-11-01,2025,11,101.907964410676,0.0875043388922414,1.37325798067778
"R09","Makkah",2025-12-01,2025,12,102.067005515257,0.155941816653549,1.60371142091638
"R09","Makkah",2026-01-01,2026,1,102.153563511542,0.0847691316116617,1.37576593032547
"R09","Makkah",2026-02-01,2026,2,102.087334355152,-0.0648539635333734,1.46239474987517
"R10","Najran",2013-01-01,2013,1,88.3404132774282,NA,NA
"R10","Najran",2013-02-01,2013,2,88.368053798391,0.0312837541353694,NA
"R10","Najran",2013-03-01,2013,3,88.363445754242,-0.00521474005674705,NA
"R10","Najran",2013-04-01,2013,4,88.4357932611754,0.0818414280225888,NA
"R10","Najran",2013-05-01,2013,5,88.3793305625833,-0.0638663699012554,NA
"R10","Najran",2013-06-01,2013,6,88.4100345313756,0.0347350861118478,NA
"R10","Najran",2013-07-01,2013,7,87.9224078825816,-0.55307790800132,NA
"R10","Najran",2013-08-01,2013,8,88.0000882705863,0.0883120632686918,NA
"R10","Najran",2013-09-01,2013,9,88.1058808471824,0.120146511617047,NA
"R10","Najran",2013-10-01,2013,10,88.0763729085835,-0.0334970614187746,NA
"R10","Najran",2013-11-01,2013,11,88.1279540952317,0.0585470164083723,NA
"R10","Najran",2013-12-01,2013,12,88.2690305166194,0.159953359494036,NA
"R10","Najran",2014-01-01,2014,1,88.2537518957493,-0.0173106504434806,-0.0981475107636243
"R10","Najran",2014-02-01,2014,2,88.4334983528473,0.20346291976745,0.0740316548684561
"R10","Najran",2014-03-01,2014,3,88.4502835490859,0.0189787849496525,0.0982251798748557
"R10","Najran",2014-04-01,2014,4,88.6314248996088,0.20458512094832,0.220968872800587
"R10","Najran",2014-05-01,2014,5,88.5116690157022,-0.135208095900019,0.149627146801823
"R10","Najran",2014-06-01,2014,6,88.5013221991828,-0.0116904600731438,0.103201600616831
"R10","Najran",2014-07-01,2014,7,88.5668976592221,0.074068020890028,0.73034752950818
"R10","Najran",2014-08-01,2014,8,88.7154196541483,0.167554251235291,0.809589717474779
"R10","Najran",2014-09-01,2014,9,88.9119470026729,0.221280574513916,0.910723780371647
"R10","Najran",2014-10-01,2014,10,88.9560074912777,0.0495429203438036,0.993763762134225
"R10","Najran",2014-11-01,2014,11,88.9012173412588,-0.0616113872277779,0.873605358498075
"R10","Najran",2014-12-01,2014,12,88.9191911397761,0.0202156757281635,0.733867674732203
"R10","Najran",2015-01-01,2015,1,88.7634927239246,-0.175254506873745,0.575923818301938
"R10","Najran",2015-02-01,2015,2,88.7926471769976,0.0328397016867932,0.405300600221281
"R10","Najran",2015-03-01,2015,3,88.6701643525176,-0.138037758866805,0.248284056404824
"R10","Najran",2015-04-01,2015,4,88.6147367039788,-0.0625294653007202,-0.018830529844216
"R10","Najran",2015-05-01,2015,5,88.6673858519363,0.0593958925426463,0.175773458598449
"R10","Najran",2015-06-01,2015,6,88.8221969103472,0.17444527758812,0.361909196259713
"R10","Najran",2015-07-01,2015,7,89.3598130829586,0.603447905957388,0.891289081327074
"R10","Najran",2015-08-01,2015,8,89.4509543786135,0.101941627835611,0.825676457927393
"R10","Najran",2015-09-01,2015,9,89.4726763156905,0.024280680086175,0.628676563499653
"R10","Najran",2015-10-01,2015,10,89.4618121001199,-0.0121432326212201,0.566990410534629
"R10","Najran",2015-11-01,2015,11,89.4506886347334,-0.0124345312430663,0.616167266519341
"R10","Najran",2015-12-01,2015,12,89.4724516958206,0.0243267149842019,0.620278305775379
"R10","Najran",2016-01-01,2016,1,91.1767366736709,1.88690085905776,2.68243367170689
"R10","Najran",2016-02-01,2016,2,91.0317019852216,-0.159196489633029,2.49039748038706
"R10","Najran",2016-03-01,2016,3,91.1553696465432,0.135759007714231,2.7641942469681
"R10","Najran",2016-04-01,2016,4,91.1008003290372,-0.0598819992145394,2.76684171305428
"R10","Najran",2016-05-01,2016,5,91.2297125357798,0.141404997109351,2.84885081762098
"R10","Najran",2016-06-01,2016,6,91.1002069078617,-0.142056388871126,2.53234915116174
"R10","Najran",2016-07-01,2016,7,90.9201540871354,-0.197838174223186,1.73106307098116
"R10","Najran",2016-08-01,2016,8,91.0639547695531,0.1580365596209,1.78715800276645
"R10","Najran",2016-09-01,2016,9,91.0352691709004,-0.0315054597919584,1.73137186288832
"R10","Najran",2016-10-01,2016,10,91.0385139001522,0.00356419161224864,1.74707928712179
"R10","Najran",2016-11-01,2016,11,90.8681692211884,-0.187288037837607,1.57222578052725
"R10","Najran",2016-12-01,2016,12,90.7173758849858,-0.16608521430177,1.38181385124128
"R10","Najran",2017-01-01,2017,1,90.4768837036644,-0.265452474141714,-0.770539481958199
"R10","Najran",2017-02-01,2017,2,90.5492358906568,0.0799356369203252,-0.531407355404845
"R10","Najran",2017-03-01,2017,3,90.5328400852384,-0.0181087005710623,-0.685275063690138
"R10","Najran",2017-04-01,2017,4,90.5693535914011,0.0403236492238612,-0.585069415251738
"R10","Najran",2017-05-01,2017,5,90.4900982465129,-0.0875462166108676,-0.814020628971956
"R10","Najran",2017-06-01,2017,6,90.4956830594338,0.00617154881714654,-0.665792691283684
"R10","Najran",2017-07-01,2017,7,90.0999774320057,-0.438223443034325,-0.906177960094823
"R10","Najran",2017-08-01,2017,8,89.3833961961693,-0.798497408167265,-1.86271192788299
"R10","Najran",2017-09-01,2017,9,89.1456782404457,-0.266307431396662,-2.09751389948769
"R10","Najran",2017-10-01,2017,10,89.143425529246,-0.00252703182885838,-2.1036051229288
"R10","Najran",2017-11-01,2017,11,89.349132613718,0.230493839837997,-1.68582324525319
"R10","Najran",2017-12-01,2017,12,89.0069939341616,-0.38365836470069,-1.90339639565211
"R10","Najran",2018-01-01,2018,1,90.2522606122069,1.38936950594664,-0.248574415563763
"R10","Najran",2018-02-01,2018,2,90.3651669161737,0.125022618490966,-0.203487433993121
"R10","Najran",2018-03-01,2018,3,90.3936083420671,0.0314689298900994,-0.15390980353196
"R10","Najran",2018-04-01,2018,4,90.3211770386556,-0.0801609089566391,-0.27439436171246
"R10","Najran",2018-05-01,2018,5,89.8233935512527,-0.552650299394397,-0.73949844449599
"R10","Najran",2018-06-01,2018,6,89.8755516153688,0.0580504972162998,-0.687619496096836
"R10","Najran",2018-07-01,2018,7,89.1615847514708,-0.797567100413676,-1.04696315347619
"R10","Najran",2018-08-01,2018,8,88.8094478381862,-0.395724368952255,-0.644190114261178
"R10","Najran",2018-09-01,2018,9,88.7451213008287,-0.0724583326510597,-0.450341015515576
"R10","Najran",2018-10-01,2018,10,88.5318361351923,-0.240623791868799,-0.688437775555517
"R10","Najran",2018-11-01,2018,11,88.2223052694212,-0.350239241607397,-1.26917085700091
"R10","Najran",2018-12-01,2018,12,88.1321027640335,-0.102296862618534,-0.987809354918756
"R10","Najran",2019-01-01,2019,1,86.921349461047,-1.38331760349457,-3.76049646435996
"R10","Najran",2019-02-01,2019,2,86.8696999323474,-0.0594386539474634,-3.94495773679839
"R10","Najran",2019-03-01,2019,3,86.3495253033457,-0.60059868289164,-4.57702534958013
"R10","Najran",2019-04-01,2019,4,86.2941935489979,-0.0640993563045811,-4.56096379692807
"R10","Najran",2019-05-01,2019,5,86.139032742618,-0.1799662995289,-4.18827979706258
"R10","Najran",2019-06-01,2019,6,86.4572308763993,0.368720026277458,-3.87761026800142
"R10","Najran",2019-07-01,2019,7,86.2559216503843,-0.233114055568961,-3.3131572231567
"R10","Najran",2019-08-01,2019,8,86.1547282880137,-0.117386453826107,-3.03481930803056
"R10","Najran",2019-09-01,2019,9,86.1360949871014,-0.0216300562395411,-2.98399103161904
"R10","Najran",2019-10-01,2019,10,85.9930388372533,-0.166219604557494,-2.90958684430773
"R10","Najran",2019-11-01,2019,11,85.806198150962,-0.217510581804703,-2.77685818450504
"R10","Najran",2019-12-01,2019,12,86.1277742589018,0.37406974132228,-2.30049158056422
"R10","Najran",2020-01-01,2020,1,85.6274681714186,-0.582581929311221,-1.49975590638087
"R10","Najran",2020-02-01,2020,2,85.6790161750133,0.0601821995789287,-1.38013505285448
"R10","Najran",2020-03-01,2020,3,85.6521146631532,-0.0314029469712374,-0.810939316934078
"R10","Najran",2020-04-01,2020,4,85.3802673345411,-0.317890161341783,-1.06473012197128
"R10","Najran",2020-05-01,2020,5,84.623910706,-0.88981533014616,-1.77457915258854
"R10","Najran",2020-06-01,2020,6,84.5466722475478,-0.0913142964583002,-2.2346134753243
"R10","Najran",2020-07-01,2020,7,88.6225340025664,4.70824432151478,2.70674490175944
"R10","Najran",2020-08-01,2020,8,89.6689797702332,1.17387279067085,3.9980041462564
"R10","Najran",2020-09-01,2020,9,90.0218629713471,0.392767543832306,4.41240174632824
"R10","Najran",2020-10-01,2020,10,90.7562103986134,0.812434221457714,5.39105557234345
"R10","Najran",2020-11-01,2020,11,91.6118334653142,0.938354469085834,6.54692062323399
"R10","Najran",2020-12-01,2020,12,92.1620935076709,0.59884630628213,6.77169718819384
"R10","Najran",2021-01-01,2021,1,93.5599455923395,1.50534474872384,8.85962386622889
"R10","Najran",2021-02-01,2021,2,94.3788570692851,0.87147161534995,9.67091328199992
"R10","Najran",2021-03-01,2021,3,95.4768530501132,1.15667653277951,10.8589927617507
"R10","Najran",2021-04-01,2021,4,96.5283356626225,1.09527573823662,12.2721586613291
"R10","Najran",2021-05-01,2021,5,97.5584849428448,1.06154446834701,14.2235184598222
"R10","Najran",2021-06-01,2021,6,97.3681311405856,-0.195308230956925,14.1195245253236
"R10","Najran",2021-07-01,2021,7,97.9135732140699,0.558622215739746,9.96990241954858
"R10","Najran",2021-08-01,2021,8,98.4546443670049,0.551079526930653,9.34710915580839
"R10","Najran",2021-09-01,2021,9,98.8434385737294,0.394119095523493,9.34846070749957
"R10","Najran",2021-10-01,2021,10,98.8274490970666,-0.0161778771634147,8.51984860887844
"R10","Najran",2021-11-01,2021,11,98.791863256538,-0.0360145377387155,7.5454796020539
"R10","Najran",2021-12-01,2021,12,98.062068421639,-0.741461622981365,6.2051716727904
"R10","Najran",2022-01-01,2022,1,96.7433932201521,-1.35385869815261,3.34596822591395
"R10","Najran",2022-02-01,2022,2,96.9461538748353,0.209366722975002,2.683863333539
"R10","Najran",2022-03-01,2022,3,97.0071775204263,0.0629261144066362,1.59011291516613
"R10","Najran",2022-04-01,2022,4,97.9896600463752,1.00769925513386,1.50253643206337
"R10","Najran",2022-05-01,2022,5,98.0881461126509,0.100456116362313,0.541448080078677
"R10","Najran",2022-06-01,2022,6,98.103494750922,0.0156465772291448,0.752402888264747
"R10","Najran",2022-07-01,2022,7,98.4330024171328,0.335314793635177,0.529095466160179
"R10","Najran",2022-08-01,2022,8,98.5753215016101,0.144480300530958,0.122496239760483
"R10","Najran",2022-09-01,2022,9,98.6839596361996,0.110147563092244,-0.161475292670765
"R10","Najran",2022-10-01,2022,10,98.8371179713078,0.155080528780793,0.00978311327344272
"R10","Najran",2022-11-01,2022,11,98.953803280148,0.117988552395243,0.163786203407401
"R10","Najran",2022-12-01,2022,12,98.9540323799117,0.000231521670635004,0.905479348059401
"R10","Najran",2023-01-01,2023,1,99.2467016380794,0.295326323924883,2.55466437013689
"R10","Najran",2023-02-01,2023,2,99.16683475424,-0.0805054832500041,2.26479216391189
"R10","Najran",2023-03-01,2023,3,99.2380134959893,0.071751013577348,2.2736170630826
"R10","Najran",2023-04-01,2023,4,99.3087134415957,0.0712174405340882,1.33713524848282
"R10","Najran",2023-05-01,2023,5,99.4189357805186,0.11092804716073,1.34760717928124
"R10","Najran",2023-06-01,2023,6,99.9391088817758,0.52184930145458,1.85380990350668
"R10","Najran",2023-07-01,2023,7,100.926394006867,0.983038960432037,2.50153407030353
"R10","Najran",2023-08-01,2023,8,100.584315287705,-0.339514509134364,2.01753926063821
"R10","Najran",2023-09-01,2023,9,100.569505756277,-0.0147245837816001,1.89266711376437
"R10","Najran",2023-10-01,2023,10,100.760268150784,0.189502474365888,1.92708905934946
"R10","Najran",2023-11-01,2023,11,100.513605108764,-0.245102020953958,1.56399848600026
"R10","Najran",2023-12-01,2023,12,100.353370815402,-0.159542728826345,1.40422423550328
"R10","Najran",2024-01-01,2024,1,100.970163860416,0.612740061214634,1.72163797279303
"R10","Najran",2024-02-01,2024,2,101.136014131578,0.164121958108954,1.96626541415199
"R10","Najran",2024-03-01,2024,3,100.827897060401,-0.305121155956201,1.58939324461844
"R10","Najran",2024-04-01,2024,4,101.08567748047,0.255337523205146,1.7735133272895
"R10","Najran",2024-05-01,2024,5,101.247924937591,0.160376220220204,1.82296150034897
"R10","Najran",2024-06-01,2024,6,101.519150446749,0.267524370419281,1.56863656931368
"R10","Najran",2024-07-01,2024,7,101.68564441235,0.163868183300853,0.749465792182491
"R10","Najran",2024-08-01,2024,8,101.394275860326,-0.286949838822714,0.802030462494141
"R10","Najran",2024-09-01,2024,9,101.681848198909,0.283216485578563,1.0999715318543
"R10","Najran",2024-10-01,2024,10,102.093084393297,0.403618587857668,1.31408764534608
"R10","Najran",2024-11-01,2024,11,103.734144496828,1.59463340886266,3.1538230751627
"R10","Najran",2024-12-01,2024,12,103.578565800217,-0.150090870544695,3.16327493344435
"R10","Najran",2025-01-01,2025,1,104.266968694513,0.66242020857521,3.21295508080492
"R10","Najran",2025-02-01,2025,2,105.052868498089,0.750911625939921,3.79974474863589
"R10","Najran",2025-03-01,2025,3,105.426720798617,0.355238904568811,4.4601048091609
"R10","Najran",2025-04-01,2025,4,105.308348546871,-0.112342254721209,4.09242503123455
"R10","Najran",2025-05-01,2025,5,105.468863318082,0.152307548639019,4.08435635965336
"R10","Najran",2025-06-01,2025,6,105.435357988312,-0.0317730293346585,3.78505895989942
"R10","Najran",2025-07-01,2025,7,106.005348331913,0.53915041643755,4.16034119303612
"R10","Najran",2025-08-01,2025,8,106.080280946363,0.0706626071958816,4.51795363905472
"R10","Najran",2025-09-01,2025,9,106.49180657809,0.387187377827214,4.62192453130337
"R10","Najran",2025-10-01,2025,10,106.848811499725,0.334680998011461,4.55298694145716
"R10","Najran",2025-11-01,2025,11,106.689143248343,-0.149545575002819,2.80880795759169
"R10","Najran",2025-12-01,2025,12,106.694690727554,0.0051995309193309,2.96409835905571
"R10","Najran",2026-01-01,2026,1,106.906398111592,0.198226942111557,2.49990509259206
"R10","Najran",2026-02-01,2026,2,107.21542440152,0.288645501760243,2.03763896841238
"R11","Northern Borders",2013-01-01,2013,1,99.0991255953597,NA,NA
"R11","Northern Borders",2013-02-01,2013,2,99.2721683604181,0.17446355820887,NA
"R11","Northern Borders",2013-03-01,2013,3,99.4535902025744,0.182585180571593,NA
"R11","Northern Borders",2013-04-01,2013,4,99.5192488754168,0.0659976261382589,NA
"R11","Northern Borders",2013-05-01,2013,5,99.5334779358232,0.0142967751897594,NA
"R11","Northern Borders",2013-06-01,2013,6,99.3651439224795,-0.169266183910377,NA
"R11","Northern Borders",2013-07-01,2013,7,100.960616117425,1.59291139621986,NA
"R11","Northern Borders",2013-08-01,2013,8,102.655689611736,1.66500678592998,NA
"R11","Northern Borders",2013-09-01,2013,9,101.939591821169,-0.700016842769724,NA
"R11","Northern Borders",2013-10-01,2013,10,100.163765858885,-1.75738957189315,NA
"R11","Northern Borders",2013-11-01,2013,11,100.821823116675,0.654832630172208,NA
"R11","Northern Borders",2013-12-01,2013,12,100.226652898642,-0.592068110579547,NA
"R11","Northern Borders",2014-01-01,2014,1,100.841244414926,0.6113292460455,1.74268248932323
"R11","Northern Borders",2014-02-01,2014,2,101.889270658726,1.03391991036554,2.60213884147991
"R11","Northern Borders",2014-03-01,2014,3,102.819652262019,0.908986277805113,3.32853993871343
"R11","Northern Borders",2014-04-01,2014,4,105.008129057798,2.10612621444239,5.36866852701756
"R11","Northern Borders",2014-05-01,2014,5,105.168638535864,0.152737632334699,5.5071093841625
"R11","Northern Borders",2014-06-01,2014,6,105.330288430453,0.153587411294787,5.82996297936766
"R11","Northern Borders",2014-07-01,2014,7,105.941262452319,0.578379552305019,4.81543113545282
"R11","Northern Borders",2014-08-01,2014,8,106.97648127987,0.972419646118716,4.12284399564156
"R11","Northern Borders",2014-09-01,2014,9,107.006197135484,0.0277740759439205,4.8506349143552
"R11","Northern Borders",2014-10-01,2014,10,106.868744046251,-0.128535963491494,6.47948852275686
"R11","Northern Borders",2014-11-01,2014,11,106.756042862463,-0.105513218643516,5.71914267394114
"R11","Northern Borders",2014-12-01,2014,12,105.551496879418,-1.13473022143955,5.17648056308113
"R11","Northern Borders",2015-01-01,2015,1,107.204147222839,1.55359787655192,6.11874919358755
"R11","Northern Borders",2015-02-01,2015,2,107.089854324798,-0.10666925630467,4.97816002691733
"R11","Northern Borders",2015-03-01,2015,3,107.083036444879,-0.00636670672635731,4.06280704238586
"R11","Northern Borders",2015-04-01,2015,4,107.015875480658,-0.0627382603862081,1.89394256755726
"R11","Northern Borders",2015-05-01,2015,5,105.928484120894,-1.02130041248296,0.719904522739601
"R11","Northern Borders",2015-06-01,2015,6,100.723800778696,-5.03820631983638,-4.47188920839157
"R11","Northern Borders",2015-07-01,2015,7,100.491613391812,-0.230784993184496,-5.28105375388108
"R11","Northern Borders",2015-08-01,2015,8,100.363742894805,-0.127325968942316,-6.38079936894211
"R11","Northern Borders",2015-09-01,2015,9,101.039513201303,0.671064465965365,-5.73750897892067
"R11","Northern Borders",2015-10-01,2015,10,101.070340878982,0.0305058633171207,-5.57846715211205
"R11","Northern Borders",2015-11-01,2015,11,100.53700067017,-0.529089316774911,-6.00204325024345
"R11","Northern Borders",2015-12-01,2015,12,100.537157456288,0.000155948550961682,-4.86715708025294
"R11","Northern Borders",2016-01-01,2016,1,102.436605582336,1.87167400153925,-4.54908095526561
"R11","Northern Borders",2016-02-01,2016,2,102.272700737634,-0.160134273007539,-4.60254597196847
"R11","Northern Borders",2016-03-01,2016,3,107.012385106903,4.53017940403209,-0.065999861210031
"R11","Northern Borders",2016-04-01,2016,4,107.03733279586,0.0233101816852432,0.0200485808614204
"R11","Northern Borders",2016-05-01,2016,5,106.91469812342,-0.114637552486307,0.926711440858075
"R11","Northern Borders",2016-06-01,2016,6,106.837965618642,-0.0717956040693579,5.8931221566251
"R11","Northern Borders",2016-07-01,2016,7,102.403989367023,-4.23876761686151,1.88513953294809
"R11","Northern Borders",2016-08-01,2016,8,102.436626664434,0.0318660413344496,2.04433154322485
"R11","Northern Borders",2016-09-01,2016,9,102.163482146634,-0.267003455335146,1.10626362192434
"R11","Northern Borders",2016-10-01,2016,10,102.223043173989,0.0582827355644966,1.13404049417172
"R11","Northern Borders",2016-11-01,2016,11,102.2358167798,0.0124950377112576,1.67562484865789
"R11","Northern Borders",2016-12-01,2016,12,101.879802225353,-0.348836524320273,1.32663237578665
"R11","Northern Borders",2017-01-01,2017,1,104.478336404997,2.51860339261372,1.97356176686112
"R11","Northern Borders",2017-02-01,2017,2,104.146369472343,-0.318243432804266,1.81545260706439
"R11","Northern Borders",2017-03-01,2017,3,104.173011950303,0.025578491951439,-2.68914830501625
"R11","Northern Borders",2017-04-01,2017,4,104.167616836346,-0.00517912803630338,-2.7176376147378
"R11","Northern Borders",2017-05-01,2017,5,103.913296767716,-0.244443558864482,-2.84744362111597
"R11","Northern Borders",2017-06-01,2017,6,103.492608377807,-0.405667299143264,-3.18131531618988
"R11","Northern Borders",2017-07-01,2017,7,103.279443604679,-0.20618342430776,0.851268876363864
"R11","Northern Borders",2017-08-01,2017,8,102.999929112404,-0.271005927219914,0.548396907809501
"R11","Northern Borders",2017-09-01,2017,9,102.680104072694,-0.310993043444618,0.504407319700029
"R11","Northern Borders",2017-10-01,2017,10,101.194665576822,-1.45723257932922,-1.01110799519368
"R11","Northern Borders",2017-11-01,2017,11,98.6040788155867,-2.59334157215472,-3.61694460505966
"R11","Northern Borders",2017-12-01,2017,12,98.3879460031843,-0.219433146419146,-3.48754122715853
"R11","Northern Borders",2018-01-01,2018,1,94.3890586113773,-4.14931346933249,-10.1554580891047
"R11","Northern Borders",2018-02-01,2018,2,94.3789930856204,-0.0106644378388587,-9.84787909413933
"R11","Northern Borders",2018-03-01,2018,3,94.0621192634329,-0.336311027784131,-10.2097686138749
"R11","Northern Borders",2018-04-01,2018,4,93.7960735886948,-0.283241149680791,-10.4878306355194
"R11","Northern Borders",2018-05-01,2018,5,93.7926222765996,-0.00367965892573707,-10.2470667355806
"R11","Northern Borders",2018-06-01,2018,6,93.2658747211697,-0.563191681945785,-10.4045911183832
"R11","Northern Borders",2018-07-01,2018,7,93.2870846676183,0.0227387939697898,-10.1756689001056
"R11","Northern Borders",2018-08-01,2018,8,93.1960734024788,-0.0976080342129926,-10.0022710070987
"R11","Northern Borders",2018-09-01,2018,9,92.8578208210372,-0.363607497197727,-10.0548854608518
"R11","Northern Borders",2018-10-01,2018,10,92.3301435336541,-0.569884460178827,-9.16753734170141
"R11","Northern Borders",2018-11-01,2018,11,91.3606818125312,-1.05554615539551,-7.62974192494221
"R11","Northern Borders",2018-12-01,2018,12,91.3956225936348,0.0382375662966616,-7.37207121222641
"R11","Northern Borders",2019-01-01,2019,1,89.4683798384234,-2.13123195028757,-5.35398969318148
"R11","Northern Borders",2019-02-01,2019,2,89.4128256434381,-0.0621129499007722,-5.4054382052434
"R11","Northern Borders",2019-03-01,2019,3,89.3691630430673,-0.0488445190252484,-5.11797169648451
"R11","Northern Borders",2019-04-01,2019,4,89.4948986894471,0.140593550066104,-4.69413699673762
"R11","Northern Borders",2019-05-01,2019,5,90.2928239951634,0.88763629999562,-3.80282103781626
"R11","Northern Borders",2019-06-01,2019,6,90.5458743624445,0.279863253544832,-2.95976610232564
"R11","Northern Borders",2019-07-01,2019,7,90.6193495197365,0.0811139795443339,-2.9013909167511
"R11","Northern Borders",2019-08-01,2019,8,90.7262379545416,0.117883703344468,-2.68589917919364
"R11","Northern Borders",2019-09-01,2019,9,91.1407230489621,0.455812105465725,-1.86647957653019
"R11","Northern Borders",2019-10-01,2019,10,90.9257369793525,-0.236162299740084,-1.53275741609145
"R11","Northern Borders",2019-11-01,2019,11,90.392368642057,-0.588325003624757,-1.06553626432069
"R11","Northern Borders",2019-12-01,2019,12,90.558865540162,0.184024105548808,-0.919749725068542
"R11","Northern Borders",2020-01-01,2020,1,91.2093169465363,0.715696414996891,1.92717864021592
"R11","Northern Borders",2020-02-01,2020,2,91.0232526531788,-0.204205382630906,1.78508620748579
"R11","Northern Borders",2020-03-01,2020,3,91.1982576460964,0.192079460252703,2.02601018676374
"R11","Northern Borders",2020-04-01,2020,4,91.4385687582702,0.263157497409683,2.14857413410732
"R11","Northern Borders",2020-05-01,2020,5,90.8296338193741,-0.668177110245782,0.592760723865915
"R11","Northern Borders",2020-06-01,2020,6,90.7148042333832,-0.126503023211377,0.186394447109706
"R11","Northern Borders",2020-07-01,2020,7,94.8301231934891,4.43665482134667,4.54193528891205
"R11","Northern Borders",2020-08-01,2020,8,96.0603023978799,1.28890302490685,5.71295461047443
"R11","Northern Borders",2020-09-01,2020,9,95.9520196888468,-0.112787262124847,5.14435524288386
"R11","Northern Borders",2020-10-01,2020,10,96.5520936523191,0.623442166191879,6.00395970881582
"R11","Northern Borders",2020-11-01,2020,11,96.4975367312505,-0.0565211364690121,6.53576357597156
"R11","Northern Borders",2020-12-01,2020,12,96.7949314590639,0.307715003345166,6.65945447376792
"R11","Northern Borders",2021-01-01,2021,1,96.9648448500965,0.175385663447702,6.11914372221873
"R11","Northern Borders",2021-02-01,2021,2,96.4137968351358,-0.569917651390206,5.75343145345943
"R11","Northern Borders",2021-03-01,2021,3,96.5165759679668,0.106545321050877,5.66789731425761
"R11","Northern Borders",2021-04-01,2021,4,96.9891730750957,0.488458920848789,5.89319873769671
"R11","Northern Borders",2021-05-01,2021,5,97.5823129619488,0.609690285348119,7.17106613329062
"R11","Northern Borders",2021-06-01,2021,6,97.8602420546973,0.284410199273388,7.58197935577538
"R11","Northern Borders",2021-07-01,2021,7,97.8209154411727,-0.0401945844529017,3.1051299499758
"R11","Northern Borders",2021-08-01,2021,8,98.283198321381,0.471467658323999,2.28769458339295
"R11","Northern Borders",2021-09-01,2021,9,98.172623298466,-0.112569873144963,2.28791197237284
"R11","Northern Borders",2021-10-01,2021,10,98.6340643957797,0.468929128668716,2.13339893484967
"R11","Northern Borders",2021-11-01,2021,11,98.8138538830918,0.182113378119197,2.37203344943788
"R11","Northern Borders",2021-12-01,2021,12,99.2271812622062,0.417416500525114,2.48173494661783
"R11","Northern Borders",2022-01-01,2022,1,98.8394653200152,-0.391500986260063,1.91484829691007
"R11","Northern Borders",2022-02-01,2022,2,98.907479281449,0.0687888900158029,2.55355483831607
"R11","Northern Borders",2022-03-01,2022,3,99.2399204914712,0.335549719376704,2.7825592366419
"R11","Northern Borders",2022-04-01,2022,4,99.8508460981685,0.613717586907914,2.90781790270103
"R11","Northern Borders",2022-05-01,2022,5,100.173325244929,0.322440457061379,2.62056807441429
"R11","Northern Borders",2022-06-01,2022,6,100.263823035377,0.090300423223777,2.42645829836468
"R11","Northern Borders",2022-07-01,2022,7,99.875138746601,-0.388414903301104,2.07823797951647
"R11","Northern Borders",2022-08-01,2022,8,99.8827010660353,0.00757148700145649,1.61434180819393
"R11","Northern Borders",2022-09-01,2022,9,99.3416772570972,-0.543131461592239,1.18378021974666
"R11","Northern Borders",2022-10-01,2022,10,99.0038709720831,-0.340624344379048,0.374226746698891
"R11","Northern Borders",2022-11-01,2022,11,99.227044916594,0.22516572432778,0.417279092907474
"R11","Northern Borders",2022-12-01,2022,12,99.6296006057823,0.404870793251977,0.404733385634337
"R11","Northern Borders",2023-01-01,2023,1,100.047982059324,0.419057623015373,1.21529199490977
"R11","Northern Borders",2023-02-01,2023,2,100.056854484714,0.00886777706030628,1.15537088195428
"R11","Northern Borders",2023-03-01,2023,3,100.106863213864,0.0499678271022042,0.869788989679776
"R11","Northern Borders",2023-04-01,2023,4,99.9233128445364,-0.183522730881691,0.0725486718901713
"R11","Northern Borders",2023-05-01,2023,5,99.7996655824692,-0.1238187802306,-0.373710565401808
"R11","Northern Borders",2023-06-01,2023,6,99.8118767607949,0.0122349421256551,-0.45177604649993
"R11","Northern Borders",2023-07-01,2023,7,99.8928861030982,0.0811291083747001,0.0177679651758744
"R11","Northern Borders",2023-08-01,2023,8,99.6920045101304,-0.201299467293392,-0.191102989118974
"R11","Northern Borders",2023-09-01,2023,9,99.9853159790616,0.293785672981617,0.645814145454882
"R11","Northern Borders",2023-10-01,2023,10,100.162722524663,0.177275374156416,1.16371386399035
"R11","Northern Borders",2023-11-01,2023,11,100.264336789084,0.101397758840704,1.03994589850327
"R11","Northern Borders",2023-12-01,2023,12,100.258018471017,-0.00630185902306124,0.628773246228231
"R11","Northern Borders",2024-01-01,2024,1,100.966152648748,0.703829064924388,0.913544688137247
"R11","Northern Borders",2024-02-01,2024,2,101.26791027496,0.298424356210436,1.20310126728738
"R11","Northern Borders",2024-03-01,2024,3,100.976822325887,-0.28785733633736,0.865276103847812
"R11","Northern Borders",2024-04-01,2024,4,101.097671060311,0.119608117586978,1.16840695231648
"R11","Northern Borders",2024-05-01,2024,5,100.960574639205,-0.135699923226973,1.15652580932011
"R11","Northern Borders",2024-06-01,2024,6,100.872192056201,-0.087580019934741,1.05671084725971
"R11","Northern Borders",2024-07-01,2024,7,101.260096559359,0.383812979121334,1.35939471800635
"R11","Northern Borders",2024-08-01,2024,8,101.264165277441,0.00401800559171051,1.56471219089145
"R11","Northern Borders",2024-09-01,2024,9,101.192835046234,-0.0704645767194201,1.20046194119041
"R11","Northern Borders",2024-10-01,2024,10,101.081182546982,-0.110397283764119,0.912789283269877
"R11","Northern Borders",2024-11-01,2024,11,101.396903073897,0.311856744224137,1.12324826865331
"R11","Northern Borders",2024-12-01,2024,12,101.426230076843,0.0289187951046266,1.158468922781
"R11","Northern Borders",2025-01-01,2025,1,101.424096692215,-0.00210340763260319,0.452536450224006
"R11","Northern Borders",2025-02-01,2025,2,101.43821483693,0.0139189429829045,0.168031036996474
"R11","Northern Borders",2025-03-01,2025,3,101.877643924867,0.432263154331292,0.888151527665126
"R11","Northern Borders",2025-04-01,2025,4,101.902392880324,0.0242898725181462,0.792833282596295
"R11","Northern Borders",2025-05-01,2025,5,102.214487529023,0.305800178096494,1.23433338391976
"R11","Northern Borders",2025-06-01,2025,6,102.433601002187,0.21413692008041,1.53605032393491
"R11","Northern Borders",2025-07-01,2025,7,102.416757529763,-0.0164446599778323,1.13579268483575
"R11","Northern Borders",2025-08-01,2025,8,102.441223499448,0.0238857863173791,1.15566046556141
"R11","Northern Borders",2025-09-01,2025,9,102.43961977579,-0.00156551840806429,1.22455952387277
"R11","Northern Borders",2025-10-01,2025,10,102.768842408339,0.320866801988107,1.655823609625
"R11","Northern Borders",2025-11-01,2025,11,103.048350547554,0.271608320987049,1.61557518638791
"R11","Northern Borders",2025-12-01,2025,12,103.301251870218,0.245119395751203,1.83177578703448
"R11","Northern Borders",2026-01-01,2026,1,103.453146643914,0.146932594532423,1.98081178919951
"R11","Northern Borders",2026-02-01,2026,2,103.90536455886,0.436170793528134,2.40306363974474
"R12","Riyadh",2013-01-01,2013,1,80.1102176087891,NA,NA
"R12","Riyadh",2013-02-01,2013,2,79.7328536884401,-0.472168882112101,NA
"R12","Riyadh",2013-03-01,2013,3,79.7990586024554,0.0829989647402662,NA
"R12","Riyadh",2013-04-01,2013,4,79.6102673868654,-0.236863562009404,NA
"R12","Riyadh",2013-05-01,2013,5,79.7083848513787,0.123171361971153,NA
"R12","Riyadh",2013-06-01,2013,6,79.632169123759,-0.0956639493597145,NA
"R12","Riyadh",2013-07-01,2013,7,80.1511825297786,0.649648697479677,NA
"R12","Riyadh",2013-08-01,2013,8,79.8848255891154,-0.332871570264714,NA
"R12","Riyadh",2013-09-01,2013,9,79.9152553944078,0.0380848438536141,NA
"R12","Riyadh",2013-10-01,2013,10,79.832817649743,-0.103209698135043,NA
"R12","Riyadh",2013-11-01,2013,11,79.9308953726147,0.122778487476261,NA
"R12","Riyadh",2013-12-01,2013,12,80.1687833475143,0.297175049785192,NA
"R12","Riyadh",2014-01-01,2014,1,80.3141807729907,0.181199875084115,0.254279618509301
"R12","Riyadh",2014-02-01,2014,2,80.4782464278918,0.204071441292353,0.930519941913754
"R12","Riyadh",2014-03-01,2014,3,80.4360011734269,-0.0525065444050732,0.795014432768415
"R12","Riyadh",2014-04-01,2014,4,80.5380794860446,0.126825791931306,1.15870378670913
"R12","Riyadh",2014-05-01,2014,5,80.4649917469403,-0.0907904968086015,0.944741927929371
"R12","Riyadh",2014-06-01,2014,6,80.2772618022143,-0.233578945092727,0.806826932196358
"R12","Riyadh",2014-07-01,2014,7,80.56144468795,0.353376606496081,0.510554841212763
"R12","Riyadh",2014-08-01,2014,8,80.2886566284752,-0.339183275319144,0.504243136158333
"R12","Riyadh",2014-09-01,2014,9,80.1939914986533,-0.117975546772708,0.348182745532011
"R12","Riyadh",2014-10-01,2014,10,80.3256768758773,0.16407385848618,0.615466302153234
"R12","Riyadh",2014-11-01,2014,11,80.440984794864,0.143447574964828,0.636135389641801
"R12","Riyadh",2014-12-01,2014,12,80.4509015146537,0.0123271844587158,0.351287524315325
"R12","Riyadh",2015-01-01,2015,1,80.2830145261576,-0.208900590100214,-0.0388129408690041
"R12","Riyadh",2015-02-01,2015,2,80.3012397201397,0.0226986065924528,-0.220185775568904
"R12","Riyadh",2015-03-01,2015,3,80.2996181051031,-0.00201943508724156,-0.169698666251072
"R12","Riyadh",2015-04-01,2015,4,80.2480608805649,-0.064226685351354,-0.360751143533733
"R12","Riyadh",2015-05-01,2015,5,80.3659546580435,0.146803874190393,-0.123156772534738
"R12","Riyadh",2015-06-01,2015,6,80.3437883018342,-0.0275855787479351,0.0828365938100539
"R12","Riyadh",2015-07-01,2015,7,80.3867671398049,0.0534793634937358,-0.217060649192291
"R12","Riyadh",2015-08-01,2015,8,80.3045652282271,-0.102310333154598,0.0198122929722544
"R12","Riyadh",2015-09-01,2015,9,80.4019386872449,0.121181742569831,0.258969582314794
"R12","Riyadh",2015-10-01,2015,10,80.6252636745248,0.277375657265111,0.372271381093725
"R12","Riyadh",2015-11-01,2015,11,80.5336790570636,-0.11365751818424,0.115166287944657
"R12","Riyadh",2015-12-01,2015,12,80.5196793529616,-0.017385175044371,0.0854539284415701
"R12","Riyadh",2016-01-01,2016,1,82.4194160410526,2.33194221648354,2.62629673502532
"R12","Riyadh",2016-02-01,2016,2,82.5369062060126,0.142450053719845,2.74604818215272
"R12","Riyadh",2016-03-01,2016,3,82.4842712163057,-0.0637918021359596,2.684275815104
"R12","Riyadh",2016-04-01,2016,4,82.612723369245,0.155608137121011,2.90411063757636
"R12","Riyadh",2016-05-01,2016,5,82.5623267967353,-0.0610220175781606,2.69628474580781
"R12","Riyadh",2016-06-01,2016,6,82.5566638490797,-0.00685923240650865,2.71701109214924
"R12","Riyadh",2016-07-01,2016,7,82.6618249775706,0.127299484989862,2.79083121364536
"R12","Riyadh",2016-08-01,2016,8,82.4929770257381,-0.20447242055619,2.68866912624377
"R12","Riyadh",2016-09-01,2016,9,82.6649677831725,0.208274351930715,2.77576173560465
"R12","Riyadh",2016-10-01,2016,10,82.4957656528682,-0.20489396720258,2.29349211113696
"R12","Riyadh",2016-11-01,2016,11,82.2472468210954,-0.301705081817527,2.10544454750368
"R12","Riyadh",2016-12-01,2016,12,81.9818161203551,-0.323244774224207,1.79958494832384
"R12","Riyadh",2017-01-01,2017,1,81.9922506387814,0.0127270350081865,-0.519630233151513
"R12","Riyadh",2017-02-01,2017,2,82.2507355162082,0.314759365847195,-0.347320921024163
"R12","Riyadh",2017-03-01,2017,3,82.3427075283137,0.111756604609159,-0.171772514279045
"R12","Riyadh",2017-04-01,2017,4,82.5080608871865,0.20060981931298,-0.126770832087075
"R12","Riyadh",2017-05-01,2017,5,82.3967405293759,-0.135011684031028,-0.200760498539942
"R12","Riyadh",2017-06-01,2017,6,82.1576972996804,-0.290534124750863,-0.484435390884297
"R12","Riyadh",2017-07-01,2017,7,82.1874554940791,0.0362142651828101,-0.575520610691349
"R12","Riyadh",2017-08-01,2017,8,82.1598500200005,-0.0335940698898085,-0.404642260024968
"R12","Riyadh",2017-09-01,2017,9,82.4159035835151,0.311168279060325,-0.301748332895357
"R12","Riyadh",2017-10-01,2017,10,82.5915477927633,0.212892538031273,0.116038172338495
"R12","Riyadh",2017-11-01,2017,11,82.1769994488229,-0.50318974777257,-0.0854464936165478
"R12","Riyadh",2017-12-01,2017,12,81.9467294486251,-0.280605556355784,-0.0428072757481246
"R12","Riyadh",2018-01-01,2018,1,87.3987805498512,6.44119347595247,6.38565916519616
"R12","Riyadh",2018-02-01,2018,2,87.6477814713432,0.284496977906823,6.35539677725578
"R12","Riyadh",2018-03-01,2018,3,87.7519590072975,0.118788714191087,6.36242888683771
"R12","Riyadh",2018-04-01,2018,4,87.7110749961332,-0.0466012823001627,6.11521778522457
"R12","Riyadh",2018-05-01,2018,5,87.4816170351286,-0.261949387900895,5.9882800813547
"R12","Riyadh",2018-06-01,2018,6,87.4714699242935,-0.0115998077231616,6.2672143983824
"R12","Riyadh",2018-07-01,2018,7,87.5471998244453,0.086539230342364,6.31753936354196
"R12","Riyadh",2018-08-01,2018,8,87.5281588216073,-0.0217517794169453,6.32938165401482
"R12","Riyadh",2018-09-01,2018,9,87.5610795763187,0.0376045442890494,6.05581791924354
"R12","Riyadh",2018-10-01,2018,10,87.4228734348436,-0.157964393689092,5.68496098752318
"R12","Riyadh",2018-11-01,2018,11,87.1429249961973,-0.320737144565086,5.86741359073066
"R12","Riyadh",2018-12-01,2018,12,86.8481919788064,-0.338791203167066,5.80922794391938
"R12","Riyadh",2019-01-01,2019,1,86.9095830951825,0.0706628741125037,-0.561302657920582
"R12","Riyadh",2019-02-01,2019,2,86.6861726522,-0.257391737905976,-1.10319137373338
"R12","Riyadh",2019-03-01,2019,3,86.6652127098346,-0.0241820305315166,-1.24616211845598
"R12","Riyadh",2019-04-01,2019,4,86.7051400861908,0.0460602132004162,-1.15350062295541
"R12","Riyadh",2019-05-01,2019,5,86.702300249293,-0.00327533454447249,-0.894826569598983
"R12","Riyadh",2019-06-01,2019,6,86.7152683061345,0.0149558743945732,-0.868270887481248
"R12","Riyadh",2019-07-01,2019,7,86.8575289240231,0.163920443771381,-0.790889674052231
"R12","Riyadh",2019-08-01,2019,8,87.0320381952406,0.200712823309246,-0.56842507132604
"R12","Riyadh",2019-09-01,2019,9,87.4701994019043,0.50218511066511,-0.103844504949979
"R12","Riyadh",2019-10-01,2019,10,87.6397858246896,0.193691382686989,0.247811271426102
"R12","Riyadh",2019-11-01,2019,11,87.3400313847078,-0.342616351973568,0.22593206401762
"R12","Riyadh",2019-12-01,2019,12,87.9816118409508,0.731892889415064,1.29661615659975
"R12","Riyadh",2020-01-01,2020,1,88.0908349383769,0.12406610282758,1.35001938531483
"R12","Riyadh",2020-02-01,2020,2,87.9963037145819,-0.107368696657151,1.50004242656365
"R12","Riyadh",2020-03-01,2020,3,88.149389627146,0.173817421479239,1.69804187857441
"R12","Riyadh",2020-04-01,2020,4,88.1831932279538,0.0383407316725481,1.69032239704654
"R12","Riyadh",2020-05-01,2020,5,87.8214247763851,-0.411090305637174,1.28250742595384
"R12","Riyadh",2020-06-01,2020,6,87.6566628727399,-0.187786354718256,1.07976519684101
"R12","Riyadh",2020-07-01,2020,7,93.985299597581,6.9710757499843,7.88692050305393
"R12","Riyadh",2020-08-01,2020,8,94.1169030077658,0.139927581745436,7.82613526149012
"R12","Riyadh",2020-09-01,2020,9,93.6304367891658,-0.518214860229627,6.80573529059538
"R12","Riyadh",2020-10-01,2020,10,93.7760568514575,0.155405598568059,6.76744950647645
"R12","Riyadh",2020-11-01,2020,11,93.6216514553233,-0.164789028073553,6.94527683037647
"R12","Riyadh",2020-12-01,2020,12,93.4173022768388,-0.218509840559911,5.99487410040149
"R12","Riyadh",2021-01-01,2021,1,93.3628698610146,-0.0582850061032758,5.81252299147064
"R12","Riyadh",2021-02-01,2021,2,93.502432544614,0.149372524221736,6.06926421234952
"R12","Riyadh",2021-03-01,2021,3,93.3443776852447,-0.169181263382523,5.72626552748776
"R12","Riyadh",2021-04-01,2021,4,93.6055201301978,0.279371765219327,5.96729656103454
"R12","Riyadh",2021-05-01,2021,5,93.8284309870735,0.237855479907001,6.61624234657872
"R12","Riyadh",2021-06-01,2021,6,94.1487801564089,0.340838634123664,7.14486733542063
"R12","Riyadh",2021-07-01,2021,7,94.2566278806038,0.114484756141575,0.288276341577909
"R12","Riyadh",2021-08-01,2021,8,94.3611044328313,0.110781273458205,0.259130033290678
"R12","Riyadh",2021-09-01,2021,9,94.8287282114311,0.494344462771057,1.27168935629136
"R12","Riyadh",2021-10-01,2021,10,95.8013070040329,1.0203924373573,2.1366761950806
"R12","Riyadh",2021-11-01,2021,11,95.7444786654557,-0.0593365602338025,2.24212866292035
"R12","Riyadh",2021-12-01,2021,12,95.729847429558,-0.015282713066167,2.44535579041409
"R12","Riyadh",2022-01-01,2022,1,96.0961104978956,0.381870647102467,2.88551144361984
"R12","Riyadh",2022-02-01,2022,2,96.4604325161279,0.378405685165983,3.11454460456408
"R12","Riyadh",2022-03-01,2022,3,96.4215015355561,-0.0403676801478348,3.24335818779877
"R12","Riyadh",2022-04-01,2022,4,96.5469577282622,0.130027685208933,3.09401410778838
"R12","Riyadh",2022-05-01,2022,5,96.7422471617277,0.202069743136857,3.05822837101823
"R12","Riyadh",2022-06-01,2022,6,96.9430973779595,0.207398539837023,2.92478827673159
"R12","Riyadh",2022-07-01,2022,7,97.3325512354147,0.400929691315621,3.21123321190564
"R12","Riyadh",2022-08-01,2022,8,97.7124287993128,0.389528655556326,3.48998059400376
"R12","Riyadh",2022-09-01,2022,9,98.0027077022401,0.296634303271226,3.29227043450393
"R12","Riyadh",2022-10-01,2022,10,98.412444962356,0.417216135224674,2.68909413237131
"R12","Riyadh",2022-11-01,2022,11,98.5501952354256,0.139874542085927,2.88830523469104
"R12","Riyadh",2022-12-01,2022,12,99.1031728727127,0.559544302576942,3.46313225033414
"R12","Riyadh",2023-01-01,2023,1,99.5707795610876,0.470728594365877,3.55199019759755
"R12","Riyadh",2023-02-01,2023,2,99.1822424976715,-0.390975245888736,2.78260926654283
"R12","Riyadh",2023-03-01,2023,3,99.4283679400797,0.247847351013064,3.07082429770373
"R12","Riyadh",2023-04-01,2023,4,99.2523017339794,-0.177235412461574,2.76356120003323
"R12","Riyadh",2023-05-01,2023,5,99.1856372537517,-0.0671892512849936,2.49430220561138
"R12","Riyadh",2023-06-01,2023,6,99.3325987764252,0.148058488186198,2.43496215396055
"R12","Riyadh",2023-07-01,2023,7,100.203736291604,0.873167335318303,2.90719979796323
"R12","Riyadh",2023-08-01,2023,8,100.173777936596,-0.0299019132427247,2.48776922916418
"R12","Riyadh",2023-09-01,2023,9,100.236715110716,0.0628082644097638,2.25394319030272
"R12","Riyadh",2023-10-01,2023,10,100.563462506955,0.325445613156816,2.16217266823486
"R12","Riyadh",2023-11-01,2023,11,101.44139469387,0.869224360999432,2.89152248714837
"R12","Riyadh",2023-12-01,2023,12,101.466448988657,0.0246952453484717,2.3566734299199
"R12","Riyadh",2024-01-01,2024,1,101.780039287603,0.308581516410023,2.19452635196404
"R12","Riyadh",2024-02-01,2024,2,101.742372801419,-0.0370145835315583,2.54848701432122
"R12","Riyadh",2024-03-01,2024,3,101.455554286103,-0.282304755676055,2.0183349076321
"R12","Riyadh",2024-04-01,2024,4,102.217022245789,0.747740830463073,2.94331115055675
"R12","Riyadh",2024-05-01,2024,5,102.506245649601,0.28255078106465,3.29305118290639
"R12","Riyadh",2024-06-01,2024,6,102.646156158542,0.136396678175554,3.28138937289575
"R12","Riyadh",2024-07-01,2024,7,102.334100975348,-0.30447363919901,2.10374839837844
"R12","Riyadh",2024-08-01,2024,8,102.312808881802,-0.0208086148358433,2.11284169678532
"R12","Riyadh",2024-09-01,2024,9,102.388855074565,0.0742995389403589,2.12433297131591
"R12","Riyadh",2024-10-01,2024,10,102.606105367249,0.211956794986623,2.01084415314572
"R12","Riyadh",2024-11-01,2024,11,103.046706421267,0.428490837856099,1.57011063000239
"R12","Riyadh",2024-12-01,2024,12,102.996276089607,-0.0489512741977727,1.49646411045614
"R12","Riyadh",2025-01-01,2025,1,103.548715431872,0.534934936506914,1.72281753055303
"R12","Riyadh",2025-02-01,2025,2,103.699273126655,0.145292335347325,1.90512444943192
"R12","Riyadh",2025-03-01,2025,3,103.958541150784,0.24970710565384,2.43713631076181
"R12","Riyadh",2025-04-01,2025,4,104.468725357274,0.489557085295189,2.17895256559393
"R12","Riyadh",2025-05-01,2025,5,104.867705402292,0.381185947116425,2.2775877316457
"R12","Riyadh",2025-06-01,2025,6,105.196064403971,0.312628178976571,2.45381923244672
"R12","Riyadh",2025-07-01,2025,7,105.413532547104,0.206513115801776,2.96480598744751
"R12","Riyadh",2025-08-01,2025,8,105.675915113757,0.24859859617834,3.23421319846169
"R12","Riyadh",2025-09-01,2025,9,105.872734124375,0.186074520556101,3.34598818007743
"R12","Riyadh",2025-10-01,2025,10,106.249947125871,0.355655884500461,3.48968726959127
"R12","Riyadh",2025-11-01,2025,11,106.40253455455,0.143508745969712,3.20470517770488
"R12","Riyadh",2025-12-01,2025,12,106.58035060759,0.166976885695913,3.42063333759857
"R12","Riyadh",2026-01-01,2026,1,107.001873027232,0.394717275390111,3.28041567648176
"R12","Riyadh",2026-02-01,2026,2,107.035524474009,0.0314444554523341,3.16656779658677
"R13","Tabouk",2013-01-01,2013,1,92.4099665840309,NA,NA
"R13","Tabouk",2013-02-01,2013,2,92.3778449355005,-0.0347659822255153,NA
"R13","Tabouk",2013-03-01,2013,3,92.4072600073801,0.0318370597425677,NA
"R13","Tabouk",2013-04-01,2013,4,92.4868147347007,0.0860543879959152,NA
"R13","Tabouk",2013-05-01,2013,5,92.1830546364126,-0.328976647113777,NA
"R13","Tabouk",2013-06-01,2013,6,92.2258982394261,0.0464658609207191,NA
"R13","Tabouk",2013-07-01,2013,7,92.7031461415041,0.516142786741725,NA
"R13","Tabouk",2013-08-01,2013,8,92.5182952720436,-0.199599926898752,NA
"R13","Tabouk",2013-09-01,2013,9,92.4249027619007,-0.100995893954714,NA
"R13","Tabouk",2013-10-01,2013,10,92.6852848673118,0.281326792953163,NA
"R13","Tabouk",2013-11-01,2013,11,92.8255833466946,0.151256373798425,NA
"R13","Tabouk",2013-12-01,2013,12,92.6389899294464,-0.201217382823504,NA
"R13","Tabouk",2014-01-01,2014,1,92.562898379717,-0.0821714667226914,0.16535596241356
"R13","Tabouk",2014-02-01,2014,2,92.7447153139181,0.196232619827086,0.396354564466161
"R13","Tabouk",2014-03-01,2014,3,92.6816700134087,-0.0680003580153965,0.296517146708197
"R13","Tabouk",2014-04-01,2014,4,93.2137383232533,0.572439919349144,0.782902678061426
"R13","Tabouk",2014-05-01,2014,5,93.2749607646104,0.0656580734982093,1.17753739867341
"R13","Tabouk",2014-06-01,2014,6,92.9565388466644,-0.341963877121554,0.789107660631139
"R13","Tabouk",2014-07-01,2014,7,92.2723229397152,-0.738782296004636,-0.465817422115222
"R13","Tabouk",2014-08-01,2014,8,92.5261443490268,0.274700946006945,0.00848345079047519
"R13","Tabouk",2014-09-01,2014,9,92.6844066097319,0.170899874121933,0.280379218867122
"R13","Tabouk",2014-10-01,2014,10,93.5680333038759,0.948855568443729,0.947907994357688
"R13","Tabouk",2014-11-01,2014,11,93.516724699887,-0.0548506525307246,0.741800968028539
"R13","Tabouk",2014-12-01,2014,12,93.2922132284501,-0.240364922599667,0.702653428252376
"R13","Tabouk",2015-01-01,2015,1,93.5336593591283,0.258471979019514,1.04329687399458
"R13","Tabouk",2015-02-01,2015,2,93.1858360599974,-0.372562812120414,0.474501442047082
"R13","Tabouk",2015-03-01,2015,3,93.2048016437072,0.0203503609504274,0.562852161012906
"R13","Tabouk",2015-04-01,2015,4,93.0198280277068,-0.19865651193296,-0.208244270269198
"R13","Tabouk",2015-05-01,2015,5,93.2478428547802,0.244825030436235,-0.0290773133311717
"R13","Tabouk",2015-06-01,2015,6,93.391467407902,0.1539060354113,0.466792599201682
"R13","Tabouk",2015-07-01,2015,7,93.4922837513225,0.107892047944169,1.31346694315049
"R13","Tabouk",2015-08-01,2015,8,93.4904307636417,-0.00198198821284024,1.0367840089307
"R13","Tabouk",2015-09-01,2015,9,93.2758818152677,-0.229751329120731,0.636132805688039
"R13","Tabouk",2015-10-01,2015,10,93.3355351936972,0.0639332591944708,-0.24878950356122
"R13","Tabouk",2015-11-01,2015,11,93.34709163261,0.0123808402785919,-0.181558010751903
"R13","Tabouk",2015-12-01,2015,12,93.362823553778,0.0168517255117351,0.0756586373594992
"R13","Tabouk",2016-01-01,2016,1,95.7304101605251,2.50427822630535,2.32146488464533
"R13","Tabouk",2016-02-01,2016,2,95.6139285072427,-0.121750837764001,2.57227685900174
"R13","Tabouk",2016-03-01,2016,3,95.3935621836541,-0.23074113016559,2.32118536788573
"R13","Tabouk",2016-04-01,2016,4,94.8950473774808,-0.523957737467118,1.99588414235157
"R13","Tabouk",2016-05-01,2016,5,94.3835642002527,-0.540456650618015,1.21060246129732
"R13","Tabouk",2016-06-01,2016,6,94.2996170937668,-0.0889820825037191,0.967714343382298
"R13","Tabouk",2016-07-01,2016,7,94.3449671275887,0.0480798692235496,0.907902164661678
"R13","Tabouk",2016-08-01,2016,8,94.3867894896936,0.0443193700298217,0.95420352290434
"R13","Tabouk",2016-09-01,2016,9,94.3794929264489,-0.00773079085414352,1.17622406117093
"R13","Tabouk",2016-10-01,2016,10,94.1883038359812,-0.202780283021919,0.909510518954537
"R13","Tabouk",2016-11-01,2016,11,93.8746145022364,-0.333600719839833,0.563528958836113
"R13","Tabouk",2016-12-01,2016,12,93.9494152963337,0.0796498702877457,0.626327103612123
"R13","Tabouk",2017-01-01,2017,1,93.9449273375724,-0.00477710898509898,-1.88272823167832
"R13","Tabouk",2017-02-01,2017,2,93.7839303676078,-0.171520789507706,-1.93249818342203
"R13","Tabouk",2017-03-01,2017,3,93.7217636580196,-0.066309145638499,-1.76806619889494
"R13","Tabouk",2017-04-01,2017,4,93.8884682470363,0.177713796521672,-1.06639466490615
"R13","Tabouk",2017-05-01,2017,5,93.5273342260241,-0.385383156821106,-0.911321171109236
"R13","Tabouk",2017-06-01,2017,6,93.461330719445,-0.0705962677893801,-0.892935356394897
"R13","Tabouk",2017-07-01,2017,7,93.0953233479348,-0.39238251022411,-1.33339773584256
"R13","Tabouk",2017-08-01,2017,8,92.9603684547623,-0.145069377381368,-1.52278648325375
"R13","Tabouk",2017-09-01,2017,9,92.7554818228667,-0.220645372715822,-1.73570106511542
"R13","Tabouk",2017-10-01,2017,10,92.4574352355293,-0.321842395596583,-1.85476317769009
"R13","Tabouk",2017-11-01,2017,11,92.1207832225001,-0.364780188199187,-1.88594264604944
"R13","Tabouk",2017-12-01,2017,12,91.9623153449377,-0.172169979689052,-2.13776249602624
"R13","Tabouk",2018-01-01,2018,1,93.1299901553394,1.26173835070889,-0.871247036332257
"R13","Tabouk",2018-02-01,2018,2,92.9921381064574,-0.148130773462007,-0.847857020286558
"R13","Tabouk",2018-03-01,2018,3,92.4968806630155,-0.534003170237352,-1.31555104488541
"R13","Tabouk",2018-04-01,2018,4,91.6210285203823,-0.951410705480615,-2.4446755468877
"R13","Tabouk",2018-05-01,2018,5,90.6880162431847,-1.02355911541325,-3.08285150547984
"R13","Tabouk",2018-06-01,2018,6,90.5292886917291,-0.175179287766358,-3.18743452545682
"R13","Tabouk",2018-07-01,2018,7,90.6884017272983,0.175604353072956,-2.61944766215976
"R13","Tabouk",2018-08-01,2018,8,90.8786391106975,0.209550645463619,-2.26482763931477
"R13","Tabouk",2018-09-01,2018,9,90.9790380021558,0.110414807064796,-1.93376745953415
"R13","Tabouk",2018-10-01,2018,10,90.8857065197647,-0.102638354486917,-1.71456341842449
"R13","Tabouk",2018-11-01,2018,11,91.4663768991734,0.63686943543404,-0.712913794791259
"R13","Tabouk",2018-12-01,2018,12,91.149687365939,-0.346836793333338,-0.887580608435545
"R13","Tabouk",2019-01-01,2019,1,89.8537124950311,-1.43201400478734,-3.58133296393177
"R13","Tabouk",2019-02-01,2019,2,89.7265741721991,-0.141594989554061,-3.57479718002383
"R13","Tabouk",2019-03-01,2019,3,89.4317882795415,-0.329078871508237,-3.36987288129471
"R13","Tabouk",2019-04-01,2019,4,89.4254469564745,-0.00709093267738936,-2.42555310849148
"R13","Tabouk",2019-05-01,2019,5,89.8002073375668,0.418200093903298,-0.983793899174934
"R13","Tabouk",2019-06-01,2019,6,89.9371444291949,0.15237469204612,-0.656239919362456
"R13","Tabouk",2019-07-01,2019,7,90.3060723919367,0.40936739197317,-0.422476880462241
"R13","Tabouk",2019-08-01,2019,8,90.8226385120905,0.570387232458724,-0.0616402934671356
"R13","Tabouk",2019-09-01,2019,9,91.0348264393935,0.233356407611929,0.0613013070799973
"R13","Tabouk",2019-10-01,2019,10,90.9524453483896,-0.0905350092033075,0.0734046523636067
"R13","Tabouk",2019-11-01,2019,11,91.2068415152483,0.279311954530037,-0.284152828540396
"R13","Tabouk",2019-12-01,2019,12,90.974382408388,-0.25519559920717,-0.192511634414227
"R13","Tabouk",2020-01-01,2020,1,90.2651437463018,-0.782657400969367,0.456844969403747
"R13","Tabouk",2020-02-01,2020,2,91.1303346442134,0.953934978480486,1.55237493743829
"R13","Tabouk",2020-03-01,2020,3,91.1140976159633,-0.0178189567622944,1.86363485218424
"R13","Tabouk",2020-04-01,2020,4,91.2126006667773,0.108051164558276,1.9787769494199
"R13","Tabouk",2020-05-01,2020,5,90.8980478655795,-0.345452741560415,1.21512411395619
"R13","Tabouk",2020-06-01,2020,6,90.4892605855498,-0.450734922529783,0.612014499380287
"R13","Tabouk",2020-07-01,2020,7,95.1655932471029,5.03872848980569,5.24137559721281
"R13","Tabouk",2020-08-01,2020,8,95.4040945066251,0.250303589048961,4.92129195380304
"R13","Tabouk",2020-09-01,2020,9,94.7547399414327,-0.682962841150037,4.00497270504108
"R13","Tabouk",2020-10-01,2020,10,96.349628744608,1.66916731790048,5.76467503214486
"R13","Tabouk",2020-11-01,2020,11,96.3756297228922,0.0269824294425902,5.51234550705741
"R13","Tabouk",2020-12-01,2020,12,96.6111385451093,0.244067446943674,6.01160855320826
"R13","Tabouk",2021-01-01,2021,1,100.454192521762,3.90077873680292,10.6950446909805
"R13","Tabouk",2021-02-01,2021,2,100.246393282012,-0.207073948659087,9.53403576384098
"R13","Tabouk",2021-03-01,2021,3,100.159587720991,-0.0866297163541141,9.46522500424916
"R13","Tabouk",2021-04-01,2021,4,100.653534507679,0.491947714754293,9.84912155444517
"R13","Tabouk",2021-05-01,2021,5,100.479207709219,-0.173345065741959,10.0212292302636
"R13","Tabouk",2021-06-01,2021,6,100.339448337413,-0.139189652118166,10.3327745006752
"R13","Tabouk",2021-07-01,2021,7,100.420607685224,0.0808520916362632,5.37489810250582
"R13","Tabouk",2021-08-01,2021,8,100.38636362147,-0.0341064494555177,5.09048806400134
"R13","Tabouk",2021-09-01,2021,9,99.9617155807534,-0.42391090378251,5.34954000136887
"R13","Tabouk",2021-10-01,2021,10,100.215112798459,0.253173511746585,3.93354619521498
"R13","Tabouk",2021-11-01,2021,11,100.380806743873,0.165201748346444,4.07176551411883
"R13","Tabouk",2021-12-01,2021,12,99.8531655756958,-0.527025842179718,3.30067222499544
"R13","Tabouk",2022-01-01,2022,1,99.6288181358634,-0.22493012175433,-0.825036633561815
"R13","Tabouk",2022-02-01,2022,2,99.5594033031331,-0.0696977311598346,-0.687660416062563
"R13","Tabouk",2022-03-01,2022,3,99.5682330448192,0.00886842414624667,-0.592162275562202
"R13","Tabouk",2022-04-01,2022,4,99.8441869048728,0.276767150485302,-0.807342839831193
"R13","Tabouk",2022-05-01,2022,5,100.020609986297,0.176542472701779,-0.457455301387455
"R13","Tabouk",2022-06-01,2022,6,100.093212810886,0.072561531991866,-0.245704117277423
"R13","Tabouk",2022-07-01,2022,7,100.227984107482,0.134555223314337,-0.19200098559935
"R13","Tabouk",2022-08-01,2022,8,100.427585537755,0.198949370269208,0.0410548341253758
"R13","Tabouk",2022-09-01,2022,9,100.75961273806,0.330068219637969,0.795033957545854
"R13","Tabouk",2022-10-01,2022,10,100.869176909953,0.108679105665654,0.650539551464924
"R13","Tabouk",2022-11-01,2022,11,100.709200175292,-0.158724135555133,0.326613667563347
"R13","Tabouk",2022-12-01,2022,12,100.446567925982,-0.261123408013297,0.592516101729768
"R13","Tabouk",2023-01-01,2023,1,100.112173475398,-0.33346316207723,0.483983061406867
"R13","Tabouk",2023-02-01,2023,2,100.360181669698,0.247423960917814,0.801104753484516
"R13","Tabouk",2023-03-01,2023,3,100.220031425647,-0.139744857876156,0.652491471462113
"R13","Tabouk",2023-04-01,2023,4,100.519425400493,0.298291329043732,0.674015650020543
"R13","Tabouk",2023-05-01,2023,5,100.471048483779,-0.0481385179240235,0.44933465939474
"R13","Tabouk",2023-06-01,2023,6,100.056297096961,-0.413661266035437,-0.0368881386325626
"R13","Tabouk",2023-07-01,2023,7,100.171013797139,0.114586478955037,-0.0568568829918625
"R13","Tabouk",2023-08-01,2023,8,99.8478837543072,-0.323099794962278,-0.578906048223349
"R13","Tabouk",2023-09-01,2023,9,99.3526127590577,-0.497259820586837,-1.40623408844816
"R13","Tabouk",2023-10-01,2023,10,99.3848048018974,0.0323965597583964,-1.48251663435541
"R13","Tabouk",2023-11-01,2023,11,99.7900651152612,0.406939763827996,-0.916852734972284
"R13","Tabouk",2023-12-01,2023,12,99.722752419868,-0.0674770661643009,-0.723206393123288
"R13","Tabouk",2024-01-01,2024,1,99.6559450115493,-0.0670155956274954,-0.456758826673553
"R13","Tabouk",2024-02-01,2024,2,99.6110610988156,-0.0450490167628992,-0.749231804354267
"R13","Tabouk",2024-03-01,2024,3,99.4878651749206,-0.123753494731016,-0.733240441209126
"R13","Tabouk",2024-04-01,2024,4,99.7736818438604,0.286876087467558,-0.7446556827853
"R13","Tabouk",2024-05-01,2024,5,99.7227701770855,-0.0510401737619404,-0.747557338623217
"R13","Tabouk",2024-06-01,2024,6,99.9621903224344,0.23979798927094,-0.0940980833168403
"R13","Tabouk",2024-07-01,2024,7,100.096996721893,0.134766537696418,-0.0739180245754589
"R13","Tabouk",2024-08-01,2024,8,99.7466207540076,-0.350650504946781,-0.101468734559962
"R13","Tabouk",2024-09-01,2024,9,99.7553859169936,0.00878704243421069,0.404578128461086
"R13","Tabouk",2024-10-01,2024,10,100.635867589819,0.8787682331997,1.25094980190239
"R13","Tabouk",2024-11-01,2024,11,100.771798979154,0.134981366190789,0.978991404265184
"R13","Tabouk",2024-12-01,2024,12,100.720119949246,-0.0512963808335876,0.995172089595897
"R13","Tabouk",2025-01-01,2025,1,100.843705239741,0.122626474136034,1.18481415935943
"R13","Tabouk",2025-02-01,2025,2,101.024348486333,0.178971651507709,1.40883482763003
"R13","Tabouk",2025-03-01,2025,3,101.027566572448,0.00318540521062616,1.53577372757168
"R13","Tabouk",2025-04-01,2025,4,100.89484657552,-0.131456448020195,1.11744119208392
"R13","Tabouk",2025-05-01,2025,5,100.873722861417,-0.0209385577140786,1.14754280813179
"R13","Tabouk",2025-06-01,2025,6,101.012168048057,0.137151940354396,1.04489675921524
"R13","Tabouk",2025-07-01,2025,7,101.294346908764,0.278961894785823,1.18909211630465
"R13","Tabouk",2025-08-01,2025,8,101.131962718824,-0.160437865088348,1.37930475616308
"R13","Tabouk",2025-09-01,2025,9,101.192936283437,0.0602729241527378,1.43079063788161
"R13","Tabouk",2025-10-01,2025,10,101.582675709925,0.384405109252928,0.936427513934834
"R13","Tabouk",2025-11-01,2025,11,101.414986394605,-0.165213088391614,0.636233059352431
"R13","Tabouk",2025-12-01,2025,12,101.419439182855,0.00439056460761478,0.691920004793634
"R13","Tabouk",2026-01-01,2026,1,101.004316771252,-0.41015244638265,0.15914108427495
"R13","Tabouk",2026-02-01,2026,2,100.641874110217,-0.359484153672973,-0.379314720905732
